"ID_evenement","Systeme","Categorie","Date","app.mthd","app.mthd.ts","app.mthd.bc","app.mthd.os","app.mthd.cs","incorp.shallow","incorp.deep","man.source.pig","ct","dt","f","s","e","ei","j","er","f0","r1","r2","r3","f4","r5","jinst"
96,"CTR","Digestat liquide","2025-04-02","bsth",0,0,0,0,0,0,0,1,1,36.3296666379701,15.4412521866668,2.47459014066215,2.47459014066215,2.47459014066215,0.0454286631785532,0.759956486399866,0.0628769467770044,0.0676810890783262,0.00241192722391505,1,0.0158489319246111,2.32154169214232
96,"CTR","Digestat liquide","2025-04-02","bsth",0,0,0,0,0,0,0,2,1,31.7076684711419,17.4393807599134,4.83743707632759,2.36284693566543,2.36284693566543,0.0888059383963795,0.759956486399866,0.068395021933806,0.0676810890783262,0.00241192722391505,1,0.0158489319246111,2.21070919777666
96,"CTR","Digestat liquide","2025-04-02","bsth",0,0,0,0,0,0,0,3,1,27.5545450679584,19.1073971828676,7.03251902438681,2.19508194805922,2.19508194805922,0.129103374658298,0.759956486399866,0.0727099729214777,0.0676810890783262,0.00241192722391505,1,0.0158489319246111,2.04957587719841
96,"CTR","Digestat liquide","2025-04-02","bsth",0,0,0,0,0,0,0,4,1,23.9320428910215,20.48494620831,8.96336708437113,1.93084805998432,1.93084805998432,0.164549990534056,0.759956486399866,0.0732681404271921,0.0676810890783262,0.00241192722391505,1,0.0158489319246111,1.80286447868921
96,"CTR","Digestat liquide","2025-04-02","bsth",0,0,0,0,0,0,0,5,1,20.7740910125086,21.6105996619393,10.6617714609871,1.69840437661601,1.69840437661601,0.195729392366484,0.759956486399866,0.0738305927779135,0.0676810890783262,0.00241192722391505,1,0.0158489319246111,1.5858866475256
96,"CTR","Digestat liquide","2025-04-02","bsth",0,0,0,0,0,0,0,6,1,18.0630684955102,22.5195016662039,12.1139203210056,1.45214886001844,1.45214886001844,0.222388021754398,0.759956486399866,0.0721560576181889,0.0676810890783262,0.00241192722391505,1,0.0158489319246111,1.35767521026104
96,"CTR","Digestat liquide","2025-04-02","bsth",0,0,0,0,0,0,0,7,1,15.8213188525008,23.2463796872326,13.2659039223963,1.15198360139069,1.15198360139069,0.243536200660822,0.759956486399866,0.0648300250836683,0.0676810890783262,0.00241192722391505,1,0.0158489319246111,1.08176507408944
96,"CTR","Digestat liquide","2025-04-02","bsth",0,0,0,0,0,0,0,8,1,14.0487064524425,23.826020028816,14.0856799630133,0.819776040617011,0.819776040617011,0.258585694724139,0.759956486399866,0.0511469118374371,0.0676810890783262,0.00241192722391505,1,0.0158489319246111,0.776014576698158
96,"CTR","Digestat liquide","2025-04-02","bsth",0,0,0,0,0,0,0,9,1,12.444774683379,24.2820522604529,14.8521943872502,0.766514424236878,0.766514424236878,0.272657409077143,0.759956486399866,0.0535484043571291,0.0676810890783262,0.00241192722391505,1,0.0158489319246111,0.724964369778459
96,"CTR","Digestat liquide","2025-04-02","bsth",0,0,0,0,0,0,0,10,1,11.0632951024013,24.6299222753458,15.4980708300638,0.645876442813629,0.645876442813629,0.284514444669992,0.759956486399866,0.0499868601710398,0.0676810890783262,0.00241192722391505,1,0.0158489319246111,0.6124249653735
96,"CTR","Digestat liquide","2025-04-02","bsth",0,0,0,0,0,0,0,11,1,9.85363259193116,24.8847507967443,16.0604132293822,0.562342399318437,0.562342399318437,0.294837957654983,0.759956486399866,0.0481116140800353,0.0676810890783262,0.00241192722391505,1,0.0158489319246111,0.534094376456459
96,"CTR","Digestat liquide","2025-04-02","bsth",0,0,0,0,0,0,0,12,1,8.82499797947943,25.0600777915321,16.5178385975774,0.457425368195192,0.457425368195192,0.30323539795817,0.759956486399866,0.0425707153128028,0.0676810890783262,0.00241192722391505,1,0.0158489319246111,0.436129560479304
96,"CTR","Digestat liquide","2025-04-02","bsth",0,0,0,0,0,0,0,13,1,7.90885263517406,25.1671011459633,16.9288525622942,0.411013964716801,0.411013964716801,0.310780815139782,0.759956486399866,0.0419245659716253,0.0676810890783262,0.00241192722391505,1,0.0158489319246111,0.39227643046419
96,"CTR","Digestat liquide","2025-04-02","bsth",0,0,0,0,0,0,0,14,1,7.10332031227961,25.2145429896952,17.2876222837214,0.358769721427194,0.358769721427194,0.317367129602758,0.759956486399866,0.0397393053867703,0.0676810890783262,0.00241192722391505,1,0.0158489319246111,0.343096657825151
96,"CTR","Digestat liquide","2025-04-02","bsth",0,0,0,0,0,0,0,15,1,6.39306166059088,25.2103718100681,17.6023982191777,0.314775935456289,0.314775935456289,0.323145803700575,0.759956486399866,0.0376679485171489,0.0676810890783262,0.00241192722391505,1,0.0158489319246111,0.30161909959182
96,"CTR","Digestat liquide","2025-04-02","bsth",0,0,0,0,0,0,0,16,1,5.73302877799852,25.1603468677747,17.9132372188993,0.310838999721597,0.310838999721597,0.328852203313616,0.759956486399866,0.0412882240524756,0.0676810890783262,0.00241192722391505,1,0.0158489319246111,0.297391502258825
96,"CTR","Digestat liquide","2025-04-02","bsth",0,0,0,0,0,0,0,17,1,5.15978512419415,25.0699444240193,18.1787860326365,0.265548813737205,0.265548813737205,0.333727163178082,0.759956486399866,0.0376679485171489,0.0676810890783262,0.00241192722391505,1,0.0158489319246111,0.254825401876026
96,"CTR","Digestat liquide","2025-04-02","bsth",0,0,0,0,0,0,0,18,1,4.64519270719855,24.9447402776127,18.422199960224,0.24341392758754,0.24341392758754,0.3381957695738,0.759956486399866,0.0373809885268093,0.0676810890783262,0.00241192722391505,1,0.0158489319246111,0.233806793461671
96,"CTR","Digestat liquide","2025-04-02","bsth",0,0,0,0,0,0,0,19,1,4.17829502796042,24.7889195850653,18.6507676689681,0.228567708744063,0.228567708744063,0.342391828259805,0.759956486399866,0.0382484940649392,0.0676810890783262,0.00241192722391505,1,0.0158489319246111,0.219602562577169
96,"CTR","Digestat liquide","2025-04-02","bsth",0,0,0,0,0,0,0,20,1,3.72280379788305,24.6049713750999,18.8987506323759,0.247982963407789,0.247982963407789,0.34694431326876,0.759956486399866,0.0477450927042999,0.0676810890783262,0.00241192722391505,1,0.0158489319246111,0.2370910127531
96,"CTR","Digestat liquide","2025-04-02","bsth",0,0,0,0,0,0,0,21,1,3.26871866810273,24.3938144060403,19.1756680366089,0.276917404233018,0.276917404233018,0.352027978348673,0.759956486399866,0.0623979409179117,0.0676810890783262,0.00241192722391505,1,0.0158489319246111,0.262797419390609
96,"CTR","Digestat liquide","2025-04-02","bsth",0,0,0,0,0,0,0,22,1,2.84985420112897,24.1572180516018,19.4463561315075,0.270688094898567,0.270688094898567,0.356997285422005,0.759956486399866,0.0694491389494064,0.0676810890783262,0.00241192722391505,1,0.0158489319246111,0.256185372272466
96,"CTR","Digestat liquide","2025-04-02","bsth",0,0,0,0,0,0,0,23,1,2.46669317732628,23.8980237382659,19.7078713550168,0.261515223509285,0.261515223509285,0.361798196413144,0.759956486399866,0.0767082873460693,0.0676810890783262,0.00241192722391505,1,0.0158489319246111,0.246856103093024
96,"CTR","Digestat liquide","2025-04-02","bsth",0,0,0,0,0,0,0,24,1,2.12207170323941,23.6191378266666,19.9548065450588,0.246935190042077,0.246935190042077,0.366331446340484,0.759956486399866,0.0828045399447343,0.0676810890783262,0.00241192722391505,1,0.0158489319246111,0.232684812646017
96,"CTR","Digestat liquide","2025-04-02","bsth",0,0,0,0,0,0,0,25,1,1.81362292319247,23.3234214755262,20.1869565356425,0.232149990583633,0.232149990583633,0.370593268755369,0.759956486399866,0.0893852812086078,0.0676810890783262,0.00241192722391505,1,0.0158489319246111,0.218365590207603
96,"CTR","Digestat liquide","2025-04-02","bsth",0,0,0,0,0,0,0,26,1,1.54461721116278,23.013725521558,20.3984444920231,0.211487956380584,0.211487956380584,0.374475776399307,0.759956486399866,0.0928692507736476,0.0676810890783262,0.00241192722391505,1,0.0158489319246111,0.198954874241923
96,"CTR","Digestat liquide","2025-04-02","bsth",0,0,0,0,0,0,0,27,1,1.31172240078107,22.6928354317252,20.5900162369516,0.19157174492851,0.19157174492851,0.377992661127764,0.759956486399866,0.0957539474445183,0.0676810890783262,0.00241192722391505,1,0.0158489319246111,0.18033606539179
96,"CTR","Digestat liquide","2025-04-02","bsth",0,0,0,0,0,0,0,28,1,1.10462144115396,22.3630137915444,20.7698847452978,0.179868508346239,0.179868508346239,0.381294697189341,0.759956486399866,0.104157305203495,0.0676810890783262,0.00241192722391505,1,0.0158489319246111,0.168992354353211
96,"CTR","Digestat liquide","2025-04-02","bsth",0,0,0,0,0,0,0,29,1,0.931690334480055,22.0264543495103,20.9276051318469,0.157720386549055,0.157720386549055,0.384190136801418,0.759956486399866,0.102576378652424,0.0676810890783262,0.00241192722391505,1,0.0158489319246111,0.148695625428336
96,"CTR","Digestat liquide","2025-04-02","bsth",0,0,0,0,0,0,0,30,1,0.791211617672372,21.6855148127101,21.0626250453628,0.135019913515919,0.135019913515919,0.386668839869342,0.759956486399866,0.0957539474445183,0.0676810890783262,0.00241192722391505,1,0.0158489319246111,0.128065519197481
96,"CTR","Digestat liquide","2025-04-02","bsth",0,0,0,0,0,0,0,31,1,0.679803397848019,21.3423347553714,21.1762389155577,0.113613870194946,0.113613870194946,0.388754569605627,0.759956486399866,0.084080739177614,0.0676810890783262,0.00241192722391505,1,0.0158489319246111,0.108634530404904
96,"CTR","Digestat liquide","2025-04-02","bsth",0,0,0,0,0,0,0,32,1,0.591088935319268,20.9986812493847,21.2730773049288,0.0968383893710403,0.0968383893710403,0.390532334133661,0.759956486399866,0.0721560576181889,0.0676810890783262,0.00241192722391505,1,0.0158489319246111,0.0932979382460764
96,"CTR","Digestat liquide","2025-04-02","bsth",0,0,0,0,0,0,0,33,1,0.517986541050671,20.6558369080017,21.3589359655303,0.085858660601513,0.085858660601513,0.392108532191406,0.759956486399866,0.064336140385826,0.0676810890783262,0.00241192722391505,1,0.0158489319246111,0.083145630194163
96,"CTR","Digestat liquide","2025-04-02","bsth",0,0,0,0,0,0,0,34,1,0.454147553134146,20.3146122202409,21.4393332365915,0.080397271061269,0.080397271061269,0.393584469756784,0.759956486399866,0.0638460181744929,0.0676810890783262,0.00241192722391505,1,0.0158489319246111,0.0779928791885804
96,"CTR","Digestat liquide","2025-04-02","bsth",0,0,0,0,0,0,0,35,1,0.400589413382939,19.9756357226399,21.5125925648068,0.0732593282152223,0.0732593282152223,0.394929368571133,0.759956486399866,0.0578040670829016,0.0676810890783262,0.00241192722391505,1,0.0158489319246111,0.0713354769383328
96,"CTR","Digestat liquide","2025-04-02","bsth",0,0,0,0,0,0,0,36,1,0.354708537560572,19.6394656712717,21.5807189770084,0.0681264122016358,0.0681264122016358,0.396180037028352,0.759956486399866,0.0539594756049108,0.0676810890783262,0.00241192722391505,1,0.0158489319246111,0.0665088485950385
96,"CTR","Digestat liquide","2025-04-02","bsth",0,0,0,0,0,0,0,37,1,0.315089925260783,19.3065171759202,21.6446644586916,0.0639454816832199,0.0639454816832199,0.397353951731011,0.759956486399866,0.0507572671154769,0.0676810890783262,0.00241192722391505,1,0.0158489319246111,0.0625590178774426
96,"CTR","Digestat liquide","2025-04-02","bsth",0,0,0,0,0,0,0,38,1,0.280004701824984,18.9770918921727,21.7058026185218,0.0611381598301968,0.0611381598301968,0.398476329463244,0.759956486399866,0.0503705907645072,0.0676810890783262,0.00241192722391505,1,0.0158489319246111,0.059875366813233
96,"CTR","Digestat liquide","2025-04-02","bsth",0,0,0,0,0,0,0,39,1,0.249388941563873,18.651428215597,21.7639012468396,0.0580986283177722,0.0580986283177722,0.399542907307233,0.759956486399866,0.0481116140800353,0.0676810890783262,0.00241192722391505,1,0.0158489319246111,0.0569843919904452
96,"CTR","Digestat liquide","2025-04-02","bsth",0,0,0,0,0,0,0,40,1,0.222678436262481,18.3297384213295,21.819250921565,0.0553496747254485,0.0553496747254485,0.400559019708567,0.759956486399866,0.0456038620857986,0.0676810890783262,0.00241192722391505,1,0.0158489319246111,0.0543649918024418
96,"CTR","Digestat liquide","2025-04-02","bsth",0,0,0,0,0,0,0,41,1,0.198109420174598,18.0121511470216,21.873422608955,0.0541716873899247,0.0541716873899247,0.401553506552999,0.759956486399866,0.0492281466627108,0.0676810890783262,0.00241192722391505,1,0.0158489319246111,0.0531965573043937
96,"CTR","Digestat liquide","2025-04-02","bsth",0,0,0,0,0,0,0,42,1,0.176317314803839,17.6987581540634,21.9256234329286,0.0522008239736209,0.0522008239736209,0.402511812177423,0.759956486399866,0.0488531193769975,0.0676810890783262,0.00241192722391505,1,0.0158489319246111,0.0513017674496176
96,"CTR","Digestat liquide","2025-04-02","bsth",0,0,0,0,0,0,0,43,1,0.156501353725455,17.389641980751,21.9765044191353,0.0508809862066997,0.0508809862066997,0.403445888146851,0.759956486399866,0.0515395477174714,0.0676810890783262,0.00241192722391505,1,0.0158489319246111,0.0500085598956913
96,"CTR","Digestat liquide","2025-04-02","bsth",0,0,0,0,0,0,0,44,1,0.138802170546192,17.0848628436454,22.0257964682984,0.0492920491631104,0.0492920491631104,0.404350794321824,0.759956486399866,0.0523338849760795,0.0676810890783262,0.00241192722391505,1,0.0158489319246111,0.0484715026372375
96,"CTR","Digestat liquide","2025-04-02","bsth",0,0,0,0,0,0,0,45,1,0.121454462600868,16.7844224492014,22.0751942680065,0.0493977997081423,0.0493977997081423,0.405257641871173,0.759956486399866,0.065829197693462,0.0676810890783262,0.00241192722391505,1,0.0158489319246111,0.0484780552722254
96,"CTR","Digestat liquide","2025-04-02","bsth",0,0,0,0,0,0,0,46,1,0.104938015087095,16.48828252175,22.1241878914004,0.0489936233939083,0.0489936233939083,0.406157069529308,0.759956486399866,0.0784884667023604,0.0676810890783262,0.00241192722391505,1,0.0158489319246111,0.0480049613927868
96,"CTR","Digestat liquide","2025-04-02","bsth",0,0,0,0,0,0,0,47,1,0.0895615277686445,16.1964318016861,22.1724118575875,0.0482239661870487,0.0482239661870487,0.407042367777711,0.759956486399866,0.0907629040706549,0.0676810890783262,0.00241192722391505,1,0.0158489319246111,0.047193479146057
96,"CTR","Digestat liquide","2025-04-02","bsth",0,0,0,0,0,0,0,48,1,0.0755995117210626,15.9088788770652,22.2195150443265,0.0471031867389549,0.0471031867389549,0.407907090694787,0.759956486399866,0.101794936662989,0.0676810890783262,0.00241192722391505,1,0.0158489319246111,0.0460667055729592
96,"CTR","Digestat liquide","2025-04-02","bsth",0,0,0,0,0,0,0,49,1,0.0630842159284647,15.6256421014936,22.2653785905472,0.0458635462207866,0.0458635462207866,0.408749056222412,0.759956486399866,0.113298140878629,0.0676810890783262,0.00241192722391505,1,0.0158489319246111,0.0448352359592265
96,"CTR","Digestat liquide","2025-04-02","bsth",0,0,0,0,0,0,0,50,1,0.0523615056105117,15.3467529615496,22.309556518668,0.0441779281208099,0.0441779281208099,0.409560077079381,0.759956486399866,0.118617809809567,0.0676810890783262,0.00241192722391505,1,0.0158489319246111,0.0432262583805108
96,"CTR","Digestat liquide","2025-04-02","bsth",0,0,0,0,0,0,0,51,1,0.0437309280556978,15.0722640654978,22.3516273762843,0.0420708576162312,0.0420708576162312,0.410332416219053,0.759956486399866,0.11243501892238,0.0676810890783262,0.00241192722391505,1,0.0158489319246111,0.0412700917490463
96,"CTR","Digestat liquide","2025-04-02","bsth",0,0,0,0,0,0,0,52,1,0.0364277259007973,14.8022091345674,22.3922521240565,0.040624747772231,0.040624747772231,0.411078207593929,0.759956486399866,0.115044313257251,0.0676810890783262,0.00241192722391505,1,0.0158489319246111,0.0398926538955276
96,"CTR","Digestat liquide","2025-04-02","bsth",0,0,0,0,0,0,0,53,1,0.0306271386193549,14.5366034576089,22.4311698541367,0.0389177300801506,0.0389177300801506,0.411792661443249,0.759956486399866,0.105762597293617,0.0676810890783262,0.00241192722391505,1,0.0158489319246111,0.0383004353507191
96,"CTR","Digestat liquide","2025-04-02","bsth",0,0,0,0,0,0,0,54,1,0.0258925567456209,14.2754519593008,22.4687416572619,0.0375718031252781,0.0375718031252781,0.412482406690813,0.759956486399866,0.100249866753388,0.0676810890783262,0.00241192722391505,1,0.0158489319246111,0.037027076577982
96,"CTR","Digestat liquide","2025-04-02","bsth",0,0,0,0,0,0,0,55,1,0.0223714588351073,14.0187508824026,22.504753261163,0.0360116039010983,0.0360116039010983,0.413143509714404,0.759956486399866,0.0784884667023604,0.0676810890783262,0.00241192722391505,1,0.0158489319246111,0.0355681084004126
96,"CTR","Digestat liquide","2025-04-02","bsth",0,0,0,0,0,0,0,56,1,0.0195455569306027,13.7664828249467,22.5396699133862,0.0349166522231954,0.0349166522231954,0.413784511554307,0.759956486399866,0.0673569045792436,0.0676810890783262,0.00241192722391505,1,0.0158489319246111,0.0345202829161707
96,"CTR","Digestat liquide","2025-04-02","bsth",0,0,0,0,0,0,0,57,1,0.017102723278027,13.518603263408,22.573778332611,0.0341084192247472,0.0341084192247472,0.414410675807956,0.759956486399866,0.065829197693462,0.0676810890783262,0.00241192722391505,1,0.0158489319246111,0.0337317457920863
96,"CTR","Digestat liquide","2025-04-02","bsth",0,0,0,0,0,0,0,58,1,0.0149031759841142,13.2750535975234,22.6072078013247,0.0334294687137415,0.0334294687137415,0.415024375850432,0.759956486399866,0.0699822742416347,0.0676810890783262,0.00241192722391505,1,0.0158489319246111,0.0330614213195896
96,"CTR","Digestat liquide","2025-04-02","bsth",0,0,0,0,0,0,0,59,1,0.0131852943636886,13.0357801973869,22.6397053934646,0.0324975921399187,0.0324975921399187,0.415620968451032,0.759956486399866,0.054791109249872,0.0676810890783262,0.00241192722391505,1,0.0158489319246111,0.0321637900470226
96,"CTR","Digestat liquide","2025-04-02","bsth",0,0,0,0,0,0,0,60,1,0.0116847034784906,12.8007287411534,22.6715224397385,0.0318170462738934,0.0318170462738934,0.416205067552844,0.759956486399866,0.0531404647107735,0.0676810890783262,0.00241192722391505,1,0.0158489319246111,0.0314953567095943
96,"CTR","Digestat liquide","2025-04-02","bsth",0,0,0,0,0,0,0,61,1,0.0103632471310652,12.5698360861248,22.7026938242265,0.0311713844880046,0.0311713844880046,0.416777313559747,0.759956486399866,0.0523338849760795,0.0676810890783262,0.00241192722391505,1,0.0158489319246111,0.0308598788396099
96,"CTR","Digestat liquide","2025-04-02","bsth",0,0,0,0,0,0,0,62,1,0.00921982799376841,12.3430389676326,22.733218499133,0.0305246749064239,0.0305246749064239,0.417337687236249,0.759956486399866,0.0492281466627108,0.0676810890783262,0.00241192722391505,1,0.0158489319246111,0.0302243867565596
96,"CTR","Digestat liquide","2025-04-02","bsth",0,0,0,0,0,0,0,63,1,0.00822946779813456,12.120274355487,22.7631200618055,0.0299015626725065,0.0299015626725065,0.417886621783769,0.759956486399866,0.0459539460279128,0.0676810890783262,0.00241192722391505,1,0.0158489319246111,0.0296113961983523
96,"CTR","Digestat liquide","2025-04-02","bsth",0,0,0,0,0,0,0,64,1,0.00735314845389875,11.9014781931324,22.7924381816441,0.029318119838635,0.029318119838635,0.418424845455355,0.759956486399866,0.0449116748574334,0.0676810890783262,0.00241192722391505,1,0.0158489319246111,0.0290357414713873
96,"CTR","Digestat liquide","2025-04-02","bsth",0,0,0,0,0,0,0,65,1,0.00658339110832767,11.6865860659127,22.8211823678041,0.0287441861599973,0.0287441861599973,0.418952532820607,0.759956486399866,0.0428975149116458,0.0676810890783262,0.00241192722391505,1,0.0158489319246111,0.0284696062052399
96,"CTR","Digestat liquide","2025-04-02","bsth",0,0,0,0,0,0,0,66,1,0.00589995263869172,11.4755337770072,22.8493756939068,0.0281933261027305,0.0281933261027305,0.419470107466347,0.759956486399866,0.0419245659716253,0.0676810890783262,0.00241192722391505,1,0.0158489319246111,0.0279255052793508
96,"CTR","Digestat liquide","2025-04-02","bsth",0,0,0,0,0,0,0,67,1,0.00527349696581518,11.2682566150048,22.8770518618498,0.027676167942932,0.027676167942932,0.419978188093879,0.759956486399866,0.0445695310909004,0.0676810890783262,0.00241192722391505,1,0.0158489319246111,0.0274132521827667
96,"CTR","Digestat liquide","2025-04-02","bsth",0,0,0,0,0,0,0,68,1,0.0046536362680064,11.0646883294987,22.9042682002284,0.027216338378647,0.027216338378647,0.420477827144742,0.759956486399866,0.0573637071699068,0.0676810890783262,0.00241192722391505,1,0.0158489319246111,0.0269541728342062
96,"CTR","Digestat liquide","2025-04-02","bsth",0,0,0,0,0,0,0,69,1,0.00408010123198294,10.8647636382734,22.9309920012904,0.0267238010619408,0.0267238010619408,0.420968424168203,0.759956486399866,0.0638460181744929,0.0676810890783262,0.00241192722391505,1,0.0158489319246111,0.026465517417965
96,"CTR","Digestat liquide","2025-04-02","bsth",0,0,0,0,0,0,0,70,1,0.00353768382736091,10.6684191829463,22.9572445866225,0.0262525853321343,0.0262525853321343,0.421450370587136,0.759956486399866,0.0749684838395523,0.0676810890783262,0.00241192722391505,1,0.0158489319246111,0.0259966654563266
96,"CTR","Digestat liquide","2025-04-02","bsth",0,0,0,0,0,0,0,71,1,0.00302553158591979,10.4755922326037,22.9830332952378,0.0257887086152664,0.0257887086152664,0.421923801131549,0.759956486399866,0.0887043309460669,0.0676810890783262,0.00241192722391505,1,0.0158489319246111,0.0255347438475351
96,"CTR","Digestat liquide","2025-04-02","bsth",0,0,0,0,0,0,0,72,1,0.00255585363106551,10.2862215979259,23.0083518460943,0.0253185508565466,0.0253185508565466,0.422388600493727,0.759956486399866,0.101019447813944,0.0676810890783262,0.00241192722391505,1,0.0158489319246111,0.0250678088257639
96,"CTR","Digestat liquide","2025-04-02","bsth",0,0,0,0,0,0,0,73,1,0.00212713864012158,10.100247532296,23.0332071929862,0.0248553468919113,0.0248553468919113,0.422844896331807,0.759956486399866,0.115927465798743,0.0676810890783262,0.00241192722391505,1,0.0158489319246111,0.0246076557833775
96,"CTR","Digestat liquide","2025-04-02","bsth",0,0,0,0,0,0,0,74,1,0.00175743515983485,9.91761197114578,23.0575859830846,0.0243787900983712,0.0243787900983712,0.423292443513816,0.759956486399866,0.12324117546508,0.0676810890783262,0.00241192722391505,1,0.0158489319246111,0.024137146684334
96,"CTR","Digestat liquide","2025-04-02","bsth",0,0,0,0,0,0,0,75,1,0.00144923201278028,9.73825856207968,23.0814896163747,0.0239036332900753,0.0239036332900753,0.42373126774076,0.759956486399866,0.125140591773566,0.0676810890783262,0.00241192722391505,1,0.0158489319246111,0.0236693286911003
96,"CTR","Digestat liquide","2025-04-02","bsth",0,0,0,0,0,0,0,76,1,0.00119277604162364,9.56213170133413,23.1049318722722,0.0234422558975886,0.0234422558975886,0.424161621975919,0.759956486399866,0.127069282245491,0.0676810890783262,0.00241192722391505,1,0.0158489319246111,0.0232147309645977
96,"CTR","Digestat liquide","2025-04-02","bsth",0,0,0,0,0,0,0,77,1,0.000988226199503924,9.38917649097923,23.1279167887833,0.0229849165110103,0.0229849165110103,0.42458358034923,0.759956486399866,0.120445969932018,0.0676810890783262,0.00241192722391505,1,0.0158489319246111,0.0227650382518475
96,"CTR","Digestat liquide","2025-04-02","bsth",0,0,0,0,0,0,0,78,1,0.000830191196746876,9.21933883649141,23.1504540139428,0.022537225159553,0.022537225159553,0.424997319979858,0.759956486399866,0.106574497542748,0.0676810890783262,0.00241192722391505,1,0.0158489319246111,0.0223248515358886
96,"CTR","Digestat liquide","2025-04-02","bsth",0,0,0,0,0,0,0,79,1,0.000714655937061785,9.05256530581163,23.1725520093262,0.0220979953833726,0.0220979953833726,0.425402996205871,0.759956486399866,0.08217372274024,0.0676810890783262,0.00241192722391505,1,0.0158489319246111,0.0218928546461827
96,"CTR","Digestat liquide","2025-04-02","bsth",0,0,0,0,0,0,0,80,1,0.000616347034117533,8.88880241177645,23.1942413952844,0.0216893859581901,0.0216893859581901,0.425801171157372,0.759956486399866,0.0803099589161041,0.0676810890783262,0.00241192722391505,1,0.0158489319246111,0.0214886433299534
96,"CTR","Digestat liquide","2025-04-02","bsth",0,0,0,0,0,0,0,81,1,0.000533791423842487,8.72799678177454,23.2155297262226,0.0212883309381802,0.0212883309381802,0.426191983518552,0.759956486399866,0.0761239122934758,0.0676810890783262,0.00241192722391505,1,0.0158489319246111,0.0210919273397365
96,"CTR","Digestat liquide","2025-04-02","bsth",0,0,0,0,0,0,0,82,1,0.00046438675066126,8.57009587005443,23.2364256982032,0.0208959719806856,0.0208959719806856,0.426575592932208,0.759956486399866,0.07160636212342,0.0676810890783262,0.00241192722391505,1,0.0158489319246111,0.0207037005863794
96,"CTR","Digestat liquide","2025-04-02","bsth",0,0,0,0,0,0,0,83,1,0.000406550815751048,8.41504794282074,23.2569370016074,0.0205113034041204,0.0205113034041204,0.426952140578781,0.759956486399866,0.0653277011512337,0.0676810890783262,0.00241192722391505,1,0.0158489319246111,0.0203230422540338
96,"CTR","Digestat liquide","2025-04-02","bsth",0,0,0,0,0,0,0,84,1,0.000359987160123122,8.26280214113011,23.2770699793104,0.0201329777030494,0.0201329777030494,0.427321742901131,0.759956486399866,0.0539594756049108,0.0676810890783262,0.00241192722391505,1,0.0158489319246111,0.0199487021484
96,"CTR","Digestat liquide","2025-04-02","bsth",0,0,0,0,0,0,0,85,1,0.000319528901320497,8.11330833569842,23.2968359147773,0.0197659354668929,0.0197659354668929,0.427684607041733,0.759956486399866,0.0515395477174714,0.0676810890783262,0.00241192722391505,1,0.0158489319246111,0.0195851776259446
97,"CTR","Digestat liquide","2025-07-04","bc",0,1,0,0,0,0,0,1,1,26.6231452602252,8.79062999051731,27.1573725763663,27.1573725763663,27.1573725763663,0.433180300454058,0.900385982620116,0.6838560115513,0.0676810890783262,0.00241192722391505,1,0.0158489319246111,18.227600292398
97,"CTR","Digestat liquide","2025-07-04","bc",0,1,0,0,0,0,0,2,1,12.4249200975076,9.87964793805459,40.1173447884764,12.9599722121101,12.9599722121101,0.63990150078121,0.900385982620116,0.694395729759075,0.0676810890783262,0.00241192722391505,1,0.0158489319246111,8.65164045013149
97,"CTR","Digestat liquide","2025-07-04","bc",0,1,0,0,0,0,0,3,1,5.61265278020682,10.2751060526373,46.3738263099295,6.25648152145313,6.25648152145313,0.739697036510129,0.900385982620116,0.72699957798402,0.0676810890783262,0.00241192722391505,1,0.0158489319246111,4.10517901059817
97,"CTR","Digestat liquide","2025-07-04","bc",0,1,0,0,0,0,0,4,1,2.46454337986003,10.3453954084882,49.2879599870074,2.91413367707786,2.91413367707786,0.786179637072837,0.900385982620116,0.755335836137999,0.0676810890783262,0.00241192722391505,1,0.0158489319246111,1.88651027535285
97,"CTR","Digestat liquide","2025-07-04","bc",0,1,0,0,0,0,0,5,1,1.07593622603743,10.2704185900435,50.5880537542049,1.30009376719752,1.30009376719752,0.806917100062286,0.900385982620116,0.761134269319773,0.0676810890783262,0.00241192722391505,1,0.0158489319246111,0.843703435438006
97,"CTR","Digestat liquide","2025-07-04","bc",0,1,0,0,0,0,0,6,1,0.4751753073871,10.1338134361872,51.1636773793775,0.575623625172604,0.575623625172604,0.816098725206602,0.900385982620116,0.74958157627586,0.0676810890783262,0.00241192722391505,1,0.0158489319246111,0.380624676427404
97,"CTR","Digestat liquide","2025-07-04","bc",0,1,0,0,0,0,0,7,1,0.219401816444712,9.97261253969361,51.4213003327129,0.257622953335392,0.257622953335392,0.820208003010111,0.900385982620116,0.705097888097554,0.0676810890783262,0.00241192722391505,1,0.0158489319246111,0.178752973097977
97,"CTR","Digestat liquide","2025-07-04","bc",0,1,0,0,0,0,0,8,1,0.116555935647695,9.80305093785399,51.5369912018876,0.115690869174699,0.115690869174699,0.822053358459279,0.900385982620116,0.564852445781755,0.0676810890783262,0.00241192722391505,1,0.0158489319246111,0.0894811507554176
97,"CTR","Digestat liquide","2025-07-04","bc",0,1,0,0,0,0,0,9,1,0.068558459993689,9.63172431256472,51.602304950144,0.0653137482563579,0.0653137482563579,0.823095161344073,0.900385982620116,0.46300339114663,0.0676810890783262,0.00241192722391505,1,0.0158489319246111,0.0549738175515878
97,"CTR","Digestat liquide","2025-07-04","bc",0,1,0,0,0,0,0,10,1,0.0424013564281779,9.46108514245628,51.64780269174,0.0454977415960371,0.0454977415960371,0.8238208841775,0.900385982620116,0.412825369833041,0.0676810890783262,0.00241192722391505,1,0.0158489319246111,0.0403238044717536
97,"CTR","Digestat liquide","2025-07-04","bc",0,1,0,0,0,0,0,11,1,0.0268743658177737,9.29216752184131,51.683640481502,0.0358377897619775,0.0358377897619775,0.824392523591182,0.900385982620116,0.388326375187276,0.0676810890783262,0.00241192722391505,1,0.0158489319246111,0.0328480568785812
97,"CTR","Digestat liquide","2025-07-04","bc",0,1,0,0,0,0,0,12,1,0.0177653569027339,9.12549943425956,51.7134706109397,0.0298301294377339,0.0298301294377339,0.824868336352379,0.900385982620116,0.346241480123074,0.0676810890783262,0.00241192722391505,1,0.0158489319246111,0.0281611439862293
97,"CTR","Digestat liquide","2025-07-04","bc",0,1,0,0,0,0,0,13,1,0.0121640123139914,8.96136348034536,51.7398826390603,0.0264120281206033,0.0264120281206033,0.825289627854151,0.900385982620116,0.311087448266117,0.0676810890783262,0.00241192722391505,1,0.0158489319246111,0.0253982280930803
97,"CTR","Digestat liquide","2025-07-04","bc",0,1,0,0,0,0,0,14,1,0.00844576072044767,8.7998895277731,51.7643299611118,0.0244473220515218,0.0244473220515218,0.82567958083218,0.900385982620116,0.297136067474288,0.0676810890783262,0.00241192722391505,1,0.0158489319246111,0.0237342332467835
97,"CTR","Digestat liquide","2025-07-04","bc",0,1,0,0,0,0,0,15,1,0.0060682357652168,8.64113637261346,51.78725344179,0.022923480678223,0.022923480678223,0.82604522740641,0.900385982620116,0.26291562192387,0.0676810890783262,0.00241192722391505,1,0.0158489319246111,0.0224372260428616
97,"CTR","Digestat liquide","2025-07-04","bc",0,1,0,0,0,0,0,16,1,0.00441170932314405,8.48512211415672,51.8092113891577,0.0219579473676603,0.0219579473676603,0.826395473005881,0.900385982620116,0.251124609531616,0.0676810890783262,0.00241192722391505,1,0.0158489319246111,0.0215733858065197
97,"CTR","Digestat liquide","2025-07-04","bc",0,1,0,0,0,0,0,17,1,0.00322570721753532,8.3318365582264,51.8304211216815,0.0212097325237579,0.0212097325237579,0.826733784021844,0.900385982620116,0.245428908436573,0.0676810890783262,0.00241192722391505,1,0.0158489319246111,0.0208874652213326
97,"CTR","Digestat liquide","2025-07-04","bc",0,1,0,0,0,0,0,18,1,0.00236295259015964,8.18125663066649,51.8510099136272,0.0205887919457126,0.0205887919457126,0.827062190573544,0.900385982620116,0.243559194794962,0.0676810890783262,0.00241192722391505,1,0.0158489319246111,0.020308114423538
97,"CTR","Digestat liquide","2025-07-04","bc",0,1,0,0,0,0,0,19,1,0.00165540607343574,8.03334892027883,51.8711365848514,0.0201266712242187,0.0201266712242187,0.827383225955871,0.900385982620116,0.288184505188719,0.0676810890783262,0.00241192722391505,1,0.0158489319246111,0.0198529153401885
97,"CTR","Digestat liquide","2025-07-04","bc",0,1,0,0,0,0,0,20,1,0.00112530977744322,7.88807639983423,51.8907738649619,0.0196372801104658,0.0196372801104658,0.827696455185776,0.900385982620116,0.318306895767352,0.0676810890783262,0.00241192722391505,1,0.0158489319246111,0.0193836600751166
97,"CTR","Digestat liquide","2025-07-04","bc",0,1,0,0,0,0,0,21,1,0.000731892793394275,7.74540184909485,51.9099582723698,0.0191844074079626,0.0191844074079626,0.828002460759093,0.900385982620116,0.362498499259741,0.0676810890783262,0.00241192722391505,1,0.0158489319246111,0.0189466556192183
97,"CTR","Digestat liquide","2025-07-04","bc",0,1,0,0,0,0,0,22,1,0.000438043857448087,7.60528608172003,51.9287252378097,0.018766965439859,0.018766965439859,0.828301807822399,0.900385982620116,0.445633920521776,0.0676810890783262,0.00241192722391505,1,0.0158489319246111,0.0185386037477178
97,"CTR","Digestat liquide","2025-07-04","bc",0,1,0,0,0,0,0,23,1,0.000230691169836362,7.4676890318495,51.947087662261,0.0183624244513609,0.0183624244513609,0.828594702155919,0.900385982620116,0.573558058523255,0.0676810890783262,0.00241192722391505,1,0.0158489319246111,0.0181438372551394
97,"CTR","Digestat liquide","2025-07-04","bc",0,1,0,0,0,0,0,24,1,0.000112192009185169,7.33257116668237,51.9650431166573,0.0179554543962368,0.0179554543962368,0.828881105014233,0.900385982620116,0.653187028674909,0.0676810890783262,0.00241192722391505,1,0.0158489319246111,0.0177589103833365
97,"CTR","Digestat liquide","2025-07-04","bc",0,1,0,0,0,0,0,25,1,5.01153049314103e-05,7.19989242530115,51.9826251160895,0.0175819994321742,0.0175819994321742,0.829161550987981,0.900385982620116,0.738204232998665,0.0676810890783262,0.00241192722391505,1,0.0158489319246111,0.017402611880082
97,"CTR","Digestat liquide","2025-07-04","bc",0,1,0,0,0,0,0,26,1,2.27640872171249e-05,7.06961168620492,51.9998581464373,0.0172330303478034,0.0172330303478034,0.829436430645164,0.900385982620116,0.721461187917987,0.0676810890783262,0.00241192722391505,1,0.0158489319246111,0.0170678122938711
97,"CTR","Digestat liquide","2025-07-04","bc",0,1,0,0,0,0,0,27,1,1.02831178313731e-05,6.94168712564215,52.0167662116014,0.0169080651641096,0.0169080651641096,0.82970612686586,0.900385982620116,0.72699957798402,0.0676810890783262,0.00241192722391505,1,0.0158489319246111,0.0167503199805607
97,"CTR","Digestat liquide","2025-07-04","bc",0,1,0,0,0,0,0,28,1,4.69668727844519e-06,6.81607680337364,52.0333622172769,0.0165960056755665,0.0165960056755665,0.82997084550551,0.900385982620116,0.715964990124759,0.0676810890783262,0.00241192722391505,1,0.0158489319246111,0.0164432438660137
97,"CTR","Digestat liquide","2025-07-04","bc",0,1,0,0,0,0,0,29,1,2.34080169672728e-06,6.69273916657898,52.0496550320349,0.0162928147579251,0.0162928147579251,0.830230728024418,0.900385982620116,0.628682860619018,0.0676810890783262,0.00241192722391505,1,0.0158489319246111,0.0161438714203412
97,"CTR","Digestat liquide","2025-07-04","bc",0,1,0,0,0,0,0,30,1,1.17782773300552e-06,6.57163322836676,52.0656519863707,0.0159969543357974,0.0159969543357974,0.830485891349444,0.900385982620116,0.619140549356128,0.0676810890783262,0.00241192722391505,1,0.0158489319246111,0.0158510303299922
97,"CTR","Digestat liquide","2025-07-04","bc",0,1,0,0,0,0,0,31,1,5.92650872808444e-07,6.45271866268912,52.0813589718883,0.0157069855176246,0.0157069855176246,0.830736429456052,0.900385982620116,0.619140549356128,0.0676810890783262,0.00241192722391505,1,0.0158489319246111,0.0155638547449915
97,"CTR","Digestat liquide","2025-07-04","bc",0,1,0,0,0,0,0,32,1,3.29522272961818e-07,6.33595584567221,52.0967814522272,0.0154224803389553,0.0154224803389553,0.83098242949336,0.900385982620116,0.519280441267399,0.0676810890783262,0.00241192722391505,1,0.0158489319246111,0.0152820355081718
97,"CTR","Digestat liquide","2025-07-04","bc",0,1,0,0,0,0,0,33,1,1.9313803920555e-07,6.22130585523528,52.1119247512123,0.0151432989850662,0.0151432989850662,0.831223976380335,0.900385982620116,0.466557696527168,0.0676810890783262,0.00241192722391505,1,0.0158489319246111,0.0150054270705827
97,"CTR","Digestat liquide","2025-07-04","bc",0,1,0,0,0,0,0,34,1,1.20200919732012e-07,6.10873046561682,52.1267939756926,0.0148692244803428,0.0148692244803428,0.831461151575019,0.900385982620116,0.406559399463998,0.0676810890783262,0.00241192722391505,1,0.0158489319246111,0.0147338621823942
97,"CTR","Digestat liquide","2025-07-04","bc",0,1,0,0,0,0,0,35,1,7.52710086256487e-08,5.99819213955072,52.1413941165321,0.0146001408394554,0.0146001408394554,0.831694034685405,0.900385982620116,0.400388535615858,0.0676810890783262,0.00241192722391505,1,0.0158489319246111,0.0144672330533045
97,"CTR","Digestat liquide","2025-07-04","bc",0,1,0,0,0,0,0,36,1,4.93598434549075e-08,5.88965401764371,52.15573004981,0.0143359332779127,0.0143359332779127,0.831922703488588,0.900385982620116,0.354276751884859,0.0676810890783262,0.00241192722391505,1,0.0158489319246111,0.0142054343516405
97,"CTR","Digestat liquide","2025-07-04","bc",0,1,0,0,0,0,0,37,1,3.27156107705844e-08,5.78307990683577,52.1698065649214,0.0140765151113413,0.0140765151113413,0.83214723437898,0.900385982620116,0.343603761433773,0.0676810890783262,0.00241192722391505,1,0.0158489319246111,0.0139483791065802
97,"CTR","Digestat liquide","2025-07-04","bc",0,1,0,0,0,0,0,38,1,2.27152203778879e-08,5.67843426859959,52.1836283580191,0.013821793097712,0.013821793097712,0.832367702263715,0.900385982620116,0.297136067474288,0.0676810890783262,0.00241192722391505,1,0.0158489319246111,0.0136959769511587
97,"CTR","Digestat liquide","2025-07-04","bc",0,1,0,0,0,0,0,39,1,1.00874450480614e-08,5.20623055496081,52.1967466329371,0.0131182749180425,0.0131182749180425,0.832576948509995,0.900385982620116,0.271082284333285,0.54066133064385,0.00241192722391505,1,0.0844075201259471,0.012557051944016
97,"CTR","Digestat liquide","2025-07-04","bc",0,1,0,0,0,0,0,40,1,1.02830128446278e-10,3.3131865780957,52.2068493621832,0.0101027292460429,0.0101027292460429,0.832738094558933,0.900385982620116,0.266967727221904,4.31900074946028,0.00241192722391505,1,0.449533728058269,0.00799116493307129
97,"CTR","Digestat liquide","2025-07-04","bc",0,1,0,0,0,0,0,41,1,1.40424858524994e-14,1.50751553181647,52.2123800765905,0.00553071440738506,0.00553071440738506,0.832826313569147,0.900385982620116,0.264933927680373,8.63381230170837,0.00241192722391505,1,0.785035558908018,0.00363601775166663
97,"CTR","Digestat liquide","2025-07-04","bc",0,1,0,0,0,0,0,42,1,3.64104981007984e-15,1.29776998096003,52.2157568353394,0.00337675874889953,0.00337675874889953,0.832880175383846,0.900385982620116,0.269017139488507,1.08079824902883,0.00241192722391505,1,0.147403633147463,0.00313012674745819
97,"CTR","Digestat liquide","2025-07-04","bc",0,1,0,0,0,0,0,43,1,2.58397963468065e-15,1.27428665157263,52.2188585558553,0.00310172051582924,0.00310172051582924,0.83292965013407,0.900385982620116,0.275260255777173,0.0676810890783262,0.00241192722391505,1,0.0158489319246111,0.00307348666600029
97,"CTR","Digestat liquide","2025-07-04","bc",0,1,0,0,0,0,0,44,1,2.25210423891594e-16,0.98271000273981,52.2215652015574,0.00270664570216894,0.00270664570216894,0.832972823147041,0.900385982620116,0.279502618907257,2.16054818219148,0.00241192722391505,1,0.257415820683408,0.00237022500882184
97,"CTR","Digestat liquide","2025-07-04","bc",0,1,0,0,0,0,0,45,1,1.46145482904493e-16,0.953581241596948,52.2239001221782,0.0023349206207115,0.0023349206207115,0.833010066868361,0.900385982620116,0.297136067474288,0.13529653115955,0.00241192722391505,1,0.0276775119528284,0.00229996855682243
97,"CTR","Digestat liquide","2025-07-04","bc",0,1,0,0,0,0,0,46,1,1.00774943798103e-16,0.936326055606668,52.2261792182768,0.00227909609866828,0.00227909609866828,0.833046420147015,0.900385982620116,0.304031743438749,0.0676810890783262,0.00241192722391505,1,0.0158489319246111,0.00225835030397875
97,"CTR","Digestat liquide","2025-07-04","bc",0,1,0,0,0,0,0,47,1,6.80004808372822e-17,0.919383104621201,52.2284170738127,0.00223785553587419,0.00223785553587419,0.833082115608006,0.900385982620116,0.325693885940314,0.0676810890783262,0.00241192722391505,1,0.0158489319246111,0.00221748513924343
97,"CTR","Digestat liquide","2025-07-04","bc",0,1,0,0,0,0,0,48,1,4.50705899283788e-17,0.902746738704447,52.2306144350395,0.002197361226834,0.002197361226834,0.833117165154635,0.900385982620116,0.343603761433773,0.0676810890783262,0.00241192722391505,1,0.0158489319246111,0.0021773594353818
97,"CTR","Digestat liquide","2025-07-04","bc",0,1,0,0,0,0,0,49,1,2.92321043939495e-17,0.886411410156691,52.2327720347075,0.00215759966798146,0.00215759966798146,0.833151580474814,0.900385982620116,0.365281265846321,0.0676810890783262,0.00241192722391505,1,0.0158489319246111,0.00213795981174586
97,"CTR","Digestat liquide","2025-07-04","bc",0,1,0,0,0,0,0,50,1,3.69959890918043e-21,0.40332137561491,52.2342517244982,0.00147968979066349,0.00147968979066349,0.833175182628015,0.900385982620116,0.340986137274686,8.63381230170837,0.00241192722391505,1,0.785035558908018,0.000972781805832468
97,"CTR","Digestat liquide","2025-07-04","bc",0,1,0,0,0,0,0,51,1,1.49104569943761e-21,0.369782226339432,52.2351834741196,0.000931749621472022,0.000931749621472022,0.833190044727795,0.900385982620116,0.368085394700306,0.54066133064385,0.00241192722391505,1,0.0844075201259471,0.000891887818627992
97,"CTR","Digestat liquide","2025-07-04","bc",0,1,0,0,0,0,0,52,1,8.75327512794131e-22,0.358821415809483,52.2360620773119,0.000878603192241201,0.000878603192241201,0.833204059102482,0.900385982620116,0.397338316667509,0.13529653115955,0.00241192722391505,1,0.0276775119528284,0.000865451141314633
97,"CTR","Digestat liquide","2025-07-04","bc",0,1,0,0,0,0,0,53,1,5.25672298549209e-22,0.352328492084684,52.2369196743925,0.000857597080582195,0.000857597080582195,0.833217738414057,0.900385982620116,0.4422390155545,0.0676810890783262,0.00241192722391505,1,0.0158489319246111,0.000849790681819986
97,"CTR","Digestat liquide","2025-07-04","bc",0,1,0,0,0,0,0,54,1,2.92036666931437e-22,0.341885032202169,52.2377568074827,0.000837133090271891,0.000837133090271891,0.833231091309759,0.900385982620116,0.452502114800672,0.13529653115955,0.00241192722391505,1,0.0276775119528284,0.000824601816617483
97,"CTR","Digestat liquide","2025-07-04","bc",0,1,0,0,0,0,0,55,1,1.75972600424966e-22,0.335698574708456,52.2385739259506,0.000817118467828948,0.000817118467828948,0.833244124957341,0.900385982620116,0.43886997347424,0.0676810890783262,0.00241192722391505,1,0.0158489319246111,0.000809680531368805
97,"CTR","Digestat liquide","2025-07-04","bc",0,1,0,0,0,0,0,56,1,1.11863476381652e-22,0.329624062028692,52.2393762585454,0.000802332594822985,0.000802332594822985,0.833256922759246,0.900385982620116,0.385368047557045,0.0676810890783262,0.00241192722391505,1,0.0158489319246111,0.000795029248864464
97,"CTR","Digestat liquide","2025-07-04","bc",0,1,0,0,0,0,0,57,1,7.29563374879515e-23,0.323659468505804,52.2401640728197,0.000787814274261223,0.000787814274261223,0.833269488983135,0.900385982620116,0.359736932199662,0.0676810890783262,0.00241192722391505,1,0.0158489319246111,0.000780643083367023
97,"CTR","Digestat liquide","2025-07-04","bc",0,1,0,0,0,0,0,58,1,4.83553223316779e-23,0.317802805137269,52.2409376314844,0.000773558664739937,0.000773558664739937,0.833281827819444,0.900385982620116,0.343603761433773,0.0676810890783262,0.00241192722391505,1,0.0158489319246111,0.000766517237547148
97,"CTR","Digestat liquide","2025-07-04","bc",0,1,0,0,0,0,0,59,1,3.23833013349311e-23,0.312052118911843,52.2416971924969,0.000759561012465326,0.000759561012465326,0.833293943382784,0.900385982620116,0.333252306969914,0.0676810890783262,0.00241192722391505,1,0.0158489319246111,0.00075264700088385
97,"CTR","Digestat liquide","2025-07-04","bc",0,1,0,0,0,0,0,60,1,2.23299776850262e-23,0.306405492158293,52.2424430091465,0.000745816649668996,0.000745816649668996,0.83330583971331,0.900385982620116,0.304031743438749,0.0676810890783262,0.00241192722391505,1,0.0158489319246111,0.000739027748093676
97,"CTR","Digestat liquide","2025-07-04","bc",0,1,0,0,0,0,0,61,1,1.53617905782387e-23,0.300861041905916,52.2431753301396,0.000732320993037661,0.000732320993037661,0.83331752077807,0.900385982620116,0.306365682416782,0.0676810890783262,0.00241192722391505,1,0.0158489319246111,0.000725654937588324
97,"CTR","Digestat liquide","2025-07-04","bc",0,1,0,0,0,0,0,62,1,1.05927569665078e-23,0.295416919256626,52.2438943996818,0.000719069542199691,0.000719069542199691,0.83332899047233,0.900385982620116,0.304031743438749,0.0676810890783262,0.00241192722391505,1,0.0158489319246111,0.00071252410996017
97,"CTR","Digestat liquide","2025-07-04","bc",0,1,0,0,0,0,0,63,1,7.37146844312838e-24,0.290071308768408,52.24460045756,0.000706057878225863,0.000706057878225863,0.833340252620867,0.900385982620116,0.294872441064871,0.0676810890783262,0.00241192722391505,1,0.0158489319246111,0.000699630886495191
97,"CTR","Digestat liquide","2025-07-04","bc",0,1,0,0,0,0,0,64,1,5.15279379730186e-24,0.284822427849924,52.2452937392221,0.000693281662130119,0.000693281662130119,0.83335131097925,0.900385982620116,0.290396790793892,0.0676810890783262,0.00241192722391505,1,0.0158489319246111,0.000686970967712811
97,"CTR","Digestat liquide","2025-07-04","bc",0,1,0,0,0,0,0,65,1,3.60189887840644e-24,0.279668526166075,52.2459744758556,0.000680736633448475,0.000680736633448475,0.833362169235091,0.900385982620116,0.290396790793892,0.0676810890783262,0.00241192722391505,1,0.0158489319246111,0.000674540131932154
97,"CTR","Digestat liquide","2025-07-04","bc",0,1,0,0,0,0,0,66,1,2.51779443164578e-24,0.274607885054321,52.2466428944644,0.000668418608817944,0.000668418608817944,0.833372831009274,0.900385982620116,0.290396790793892,0.0676810890783262,0.00241192722391505,1,0.0158489319246111,0.00066233423386425
97,"CTR","Digestat liquide","2025-07-04","bc",0,1,0,0,0,0,0,67,1,1.74816407317317e-24,0.269638816951561,52.247299217945,0.000656323480569654,0.000656323480569654,0.83338329985716,0.900385982620116,0.297136067474288,0.0676810890783262,0.00241192722391505,1,0.0158489319246111,0.000650349203229716
97,"CTR","Digestat liquide","2025-07-04","bc",0,1,0,0,0,0,0,68,1,7.6484332691715e-25,0.247216359132622,52.2479221352531,0.000622917308177762,0.000622917308177762,0.83339323585174,0.900385982620116,0.285989073101746,0.54066133064385,0.00241192722391505,1,0.0844075201259471,0.000596267866789131
97,"CTR","Digestat liquide","2025-07-04","bc",0,1,0,0,0,0,0,69,1,0,9.17448149595108e-45,52.247928097788,5.96253485696252e-06,5.96253485696252e-06,0.833393330958608,0.900385982620116,0.277373326711134,4401.25482639192,0.00241192722391505,1,100,2.21281816853893e-47
97,"CTR","Digestat liquide","2025-07-04","bc",0,1,0,0,0,0,0,70,1,0,5.83853684002969e-45,52.247928097788,0,0,0.833393330958608,0.900385982620116,0.292626059295476,4.31900074946028,0.00241192722391505,1,0.449533728058269,1.40821259522986e-47
97,"CTR","Digestat liquide","2025-07-04","bc",0,1,0,0,0,0,0,71,1,0,5.66547526076127e-45,52.247928097788,0,0,0.833393330958608,0.900385982620116,0.304031743438749,0.13529653115955,0.00241192722391505,1,0.0276775119528284,1.36647140178473e-47
97,"CTR","Digestat liquide","2025-07-04","bc",0,1,0,0,0,0,0,72,1,0,5.56295769321344e-45,52.247928097788,0,0,0.833393330958608,0.900385982620116,0.335810561380981,0.0676810890783262,0.00241192722391505,1,0.0158489319246111,1.34174491057491e-47
97,"CTR","Digestat liquide","2025-07-04","bc",0,1,0,0,0,0,0,73,1,0,5.10035670113511e-45,52.247928097788,0,0,0.833393330958608,0.900385982620116,0.354276751884859,0.54066133064385,0.00241192722391505,1,0.0844075201259471,1.23016891791453e-47
97,"CTR","Digestat liquide","2025-07-04","bc",0,1,0,0,0,0,0,74,1,0,5.00806503299421e-45,52.247928097788,0,0,0.833393330958608,0.900385982620116,0.391307412801957,0.0676810890783262,0.00241192722391505,1,0.0158489319246111,1.20790883922157e-47
97,"CTR","Digestat liquide","2025-07-04","bc",0,1,0,0,0,0,0,75,1,0,4.76026596351309e-45,52.247928097788,0,0,0.833393330958608,0.900385982620116,0.356996403164962,0.270461831998934,0.00241192722391505,1,0.0483341509410737,1.14814150704734e-47
97,"CTR","Digestat liquide","2025-07-04","bc",0,1,0,0,0,0,0,76,1,0,3.02937972119474e-45,52.247928097788,0,0,0.833393330958608,0.900385982620116,0.311087448266117,4.31900074946028,0.00241192722391505,1,0.449533728058269,7.30664342112578e-48
97,"CTR","Digestat liquide","2025-07-04","bc",0,1,0,0,0,0,0,77,1,0,2.97456267127369e-45,52.247928097788,0,0,0.833393330958608,0.900385982620116,0.373758396430215,0.0676810890783262,0.00241192722391505,1,0.0158489319246111,7.17442868608649e-48
97,"CTR","Digestat liquide","2025-07-04","bc",0,1,0,0,0,0,0,78,1,0,2.8863928904488e-45,52.247928097788,0,0,0.833393330958608,0.900385982620116,0.356996403164962,0.13529653115955,0.00241192722391505,1,0.0276775119528284,6.9617695913883e-48
97,"CTR","Digestat liquide","2025-07-04","bc",0,1,0,0,0,0,0,79,1,0,2.83416320723659e-45,52.247928097788,0,0,0.833393330958608,0.900385982620116,0.359736932199662,0.0676810890783262,0.00241192722391505,1,0.0158489319246111,6.83579539655231e-48
97,"CTR","Digestat liquide","2025-07-04","bc",0,1,0,0,0,0,0,80,1,0,2.78287862745e-45,52.247928097788,0,0,0.833393330958608,0.900385982620116,0.348899447600848,0.0676810890783262,0.00241192722391505,1,0.0158489319246111,6.71210072239799e-48
97,"CTR","Digestat liquide","2025-07-04","bc",0,1,0,0,0,0,0,81,1,0,2.7325220493103e-45,52.247928097788,0,0,0.833393330958608,0.900385982620116,0.313475551274287,0.0676810890783262,0.00241192722391505,1,0.0158489319246111,6.59064432067965e-48
97,"CTR","Digestat liquide","2025-07-04","bc",0,1,0,0,0,0,0,82,1,0,2.68307668049786e-45,52.247928097788,0,0,0.833393330958608,0.900385982620116,0.288184505188719,0.0676810890783262,0.00241192722391505,1,0.0158489319246111,6.4713856895444e-48
97,"CTR","Digestat liquide","2025-07-04","bc",0,1,0,0,0,0,0,83,1,0,2.63452603255239e-45,52.247928097788,0,0,0.833393330958608,0.900385982620116,0.269017139488507,0.0676810890783262,0.00241192722391505,1,0.0158489319246111,6.35428506002602e-48
97,"CTR","Digestat liquide","2025-07-04","bc",0,1,0,0,0,0,0,84,1,0,2.58685391537463e-45,52.247928097788,0,0,0.833393330958608,0.900385982620116,0.251124609531616,0.0676810890783262,0.00241192722391505,1,0.0158489319246111,6.23930338278331e-48
97,"CTR","Digestat liquide","2025-07-04","bc",0,1,0,0,0,0,0,85,1,0,2.54004443182741e-45,52.247928097788,0,0,0.833393330958608,0.900385982620116,0.251124609531616,0.0676810890783262,0.00241192722391505,1,0.0158489319246111,6.12640231507836e-48
130,"MF","Lisier","2018-09-30","bc",0,1,0,0,0,0,0,1,1,4.75027752124632,33.4298350165743,3.63538517341604,3.63538517341604,3.63538517341604,0.0858475257613535,0.206628709481632,0.543181679114621,0.0676810890783262,0.00234740065869635,1,0.0158489319246111,2.65873693698903
130,"MF","Lisier","2018-09-30","bc",0,1,0,0,0,0,0,2,1,2.44766608622902,33.0597112817048,5.78103079746292,2.14564562404688,2.14564562404688,0.136515710616169,0.206628709481632,0.595387000124898,0.0676810890783262,0.00234740065869635,1,0.0158489319246111,1.53491295642633
130,"MF","Lisier","2018-09-30","bc",0,1,0,0,0,0,0,3,1,1.31771683123948,32.5858560695663,6.86454024201919,1.08350944455627,1.08350944455627,0.162102161712026,0.206628709481632,0.551553297901019,0.0676810890783262,0.00234740065869635,1,0.0158489319246111,0.803283123971699
130,"MF","Lisier","2018-09-30","bc",0,1,0,0,0,0,0,4,1,0.694313486471106,32.0634672753091,7.49797823602822,0.633437994009038,0.633437994009038,0.177060434883893,0.206628709481632,0.573051187457352,0.0676810890783262,0.00234740065869635,1,0.0158489319246111,0.473142972092071
130,"MF","Lisier","2018-09-30","bc",0,1,0,0,0,0,0,5,1,0.375362038247549,31.5200552090594,7.85646102308335,0.358482787055125,0.358482787055125,0.185525799302981,0.206628709481632,0.547351483486692,0.0676810890783262,0.00234740065869635,1,0.0158489319246111,0.279445166839276
130,"MF","Lisier","2018-09-30","bc",0,1,0,0,0,0,0,6,1,0.213717709338881,30.9709245151218,8.07202723023731,0.215566207153958,0.215566207153958,0.190616271051959,0.206628709481632,0.495553877501332,0.0676810890783262,0.00234740065869635,1,0.0158489319246111,0.178609808160817
130,"MF","Lisier","2018-09-30","bc",0,1,0,0,0,0,0,7,1,0.130117504708402,30.4237546213101,8.21628299217028,0.144255761932971,0.144255761932971,0.194022787733966,0.206628709481632,0.428537015334046,0.0676810890783262,0.00234740065869635,1,0.0158489319246111,0.127176908748532
130,"MF","Lisier","2018-09-30","bc",0,1,0,0,0,0,0,8,1,0.0815097084843334,29.8821254904285,8.32863671311815,0.112353720947876,0.112353720947876,0.196675956103576,0.206628709481632,0.400034699834446,0.0676810890783262,0.00234740065869635,1,0.0158489319246111,0.102752032826602
130,"MF","Lisier","2018-09-30","bc",0,1,0,0,0,0,0,9,1,0.052286922030015,29.3477091763504,8.42292124497668,0.0942845318585306,0.0942845318585306,0.198902430986296,0.206628709481632,0.376294763567138,0.0676810890783262,0.00234740065869635,1,0.0158489319246111,0.0885661268147318
130,"MF","Lisier","2018-09-30","bc",0,1,0,0,0,0,0,10,1,0.0337331802366477,28.821355231872,8.50688115693017,0.0839599119534853,0.0839599119534853,0.20088509592014,0.206628709481632,0.370583264200005,0.0676810890783262,0.00234740065869635,1,0.0158489319246111,0.0801562202997619
130,"MF","Lisier","2018-09-30","bc",0,1,0,0,0,0,0,11,1,0.0217013125768081,28.3034831077874,8.58411268554737,0.0772315286171992,0.0772315286171992,0.202708873959132,0.206628709481632,0.373428094529695,0.0676810890783262,0.00234740065869635,1,0.0158489319246111,0.074543494694972
130,"MF","Lisier","2018-09-30","bc",0,1,0,0,0,0,0,12,1,0.0142737835710693,27.7943092707465,8.65618058016525,0.0720678946178825,0.0720678946178825,0.204410715757084,0.206628709481632,0.35126711907375,0.0676810890783262,0.00234740065869635,1,0.0158489319246111,0.0702582907234522
130,"MF","Lisier","2018-09-30","bc",0,1,0,0,0,0,0,13,1,0.00943860272819878,27.293911977768,8.72487991468176,0.0686993345165057,0.0686993345165057,0.206033010949577,0.206628709481632,0.345935495775924,0.0676810890783262,0.00234740065869635,1,0.0158489319246111,0.0673348946692243
130,"MF","Lisier","2018-09-30","bc",0,1,0,0,0,0,0,14,1,0.0062081301340082,26.8022710267979,8.79107950484069,0.0661995901589343,0.0661995901589343,0.207596276119694,0.206628709481632,0.35126711907375,0.0676810890783262,0.00234740065869635,1,0.0158489319246111,0.0650963806498717
130,"MF","Lisier","2018-09-30","bc",0,1,0,0,0,0,0,15,1,0.00399382956514872,26.319314852763,8.85530118968784,0.0642216848471442,0.0642216848471442,0.20911283419576,0.206628709481632,0.373428094529695,0.0676810890783262,0.00234740065869635,1,0.0158489319246111,0.0632733851862024
130,"MF","Lisier","2018-09-30","bc",0,1,0,0,0,0,0,16,1,0.00261271146596323,25.8449489270459,8.91768557789289,0.0623843882050537,0.0623843882050537,0.210586005570475,0.206628709481632,0.356680914358368,0.0676810890783262,0.00234740065869635,1,0.0158489319246111,0.0616003544499556
130,"MF","Lisier","2018-09-30","bc",0,1,0,0,0,0,0,17,1,0.00175910188646027,25.379063159313,8.97851313531088,0.0608275574179906,0.0608275574179906,0.21202241328337,0.206628709481632,0.327904081823231,0.0676810890783262,0.00234740065869635,1,0.0158489319246111,0.0601516462661811
130,"MF","Lisier","2018-09-30","bc",0,1,0,0,0,0,0,18,1,0.00120192420263013,24.9215315598817,9.03800750767064,0.0594943723597616,0.0594943723597616,0.213427338599444,0.206628709481632,0.313198523195878,0.0676810890783262,0.00234740065869635,1,0.0158489319246111,0.0588772604846455
130,"MF","Lisier","2018-09-30","bc",0,1,0,0,0,0,0,19,1,0.000849580204891144,24.4722200908927,9.09626298363049,0.0582554759598466,0.0582554759598466,0.214803008091022,0.206628709481632,0.279255613764076,0.0676810890783262,0.00234740065869635,1,0.0158489319246111,0.0576833556026823
130,"MF","Lisier","2018-09-30","bc",0,1,0,0,0,0,0,20,1,0.000587344959512465,24.0309900485719,9.15340380389065,0.0571408202601624,0.0571408202601624,0.216152355630639,0.206628709481632,0.301448949321428,0.0676810890783262,0.00234740065869635,1,0.0158489319246111,0.0565874163900776
130,"MF","Lisier","2018-09-30","bc",0,1,0,0,0,0,0,21,1,0.000385278926692886,23.5977006698374,9.20947370528147,0.0560699013908188,0.0560699013908188,0.217476414038337,0.206628709481632,0.35396366651855,0.0676810890783262,0.00234740065869635,1,0.0158489319246111,0.0555296328376202
130,"MF","Lisier","2018-09-30","bc",0,1,0,0,0,0,0,22,1,0.000245719877600733,23.172212944637,9.26448461416523,0.0550109088837623,0.0550109088837623,0.21877546494829,0.206628709481632,0.382094289642901,0.0676810890783262,0.00234740065869635,1,0.0158489319246111,0.0544883560917762
130,"MF","Lisier","2018-09-30","bc",0,1,0,0,0,0,0,23,1,0.000154396491306405,22.7543898957199,9.31846521872486,0.0539806045596283,0.0539806045596283,0.220050185815403,0.206628709481632,0.396987176459295,0.0676810890783262,0.00234740065869635,1,0.0158489319246111,0.0534749632565855
130,"MF","Lisier","2018-09-30","bc",0,1,0,0,0,0,0,24,1,9.43084191782276e-05,22.3440959367472,9.37144770490842,0.0529824861835593,0.0529824861835593,0.22130133669229,0.206628709481632,0.425272357113425,0.0676810890783262,0.00234740065869635,1,0.0158489319246111,0.0524906522836146
130,"MF","Lisier","2018-09-30","bc",0,1,0,0,0,0,0,25,1,5.76054407236866e-05,21.941197128435,9.42345559810019,0.0520078931917709,0.0520078931917709,0.222529473117345,0.206628709481632,0.425272357113425,0.0676810890783262,0.00234740065869635,1,0.0158489319246111,0.051529278593434
130,"MF","Lisier","2018-09-30","bc",0,1,0,0,0,0,0,26,1,3.37773529268557e-05,21.5455613037466,9.47451541989574,0.0510598217955511,0.0510598217955511,0.22373522138276,0.206628709481632,0.466145385003636,0.0676810890783262,0.00234740065869635,1,0.0158489319246111,0.0505918099535821
130,"MF","Lisier","2018-09-30","bc",0,1,0,0,0,0,0,27,1,2.00856821915166e-05,21.1570582707632,9.52464602473876,0.0501306048430141,0.0501306048430141,0.224919026725358,0.206628709481632,0.452102224631153,0.0676810890783262,0.00234740065869635,1,0.0158489319246111,0.0496731733024686
130,"MF","Lisier","2018-09-30","bc",0,1,0,0,0,0,0,28,1,1.17353110258697e-05,20.7755599145909,9.57386829340531,0.0492222686665524,0.0492222686665524,0.226081382232633,0.206628709481632,0.469723810306155,0.0676810890783262,0.00234740065869635,1,0.0158489319246111,0.0487740753833066
130,"MF","Lisier","2018-09-30","bc",0,1,0,0,0,0,0,29,1,7.00247179870977e-06,20.400940225428,9.62219994425398,0.0483316508486684,0.0483316508486684,0.22722270631341,0.206628709481632,0.448658043168665,0.0676810890783262,0.00234740065869635,1,0.0158489319246111,0.0478923222384891
130,"MF","Lisier","2018-09-30","bc",0,1,0,0,0,0,0,30,1,4.3731190408058e-06,20.0330753557115,9.66965830363536,0.0474583593813875,0.0474583593813875,0.228343408119474,0.206628709481632,0.403105617916714,0.0676810890783262,0.00234740065869635,1,0.0158489319246111,0.0470274171145641
130,"MF","Lisier","2018-09-30","bc",0,1,0,0,0,0,0,31,1,2.88407518975919e-06,19.6718436094462,9.71625994126375,0.0466016376283847,0.0466016376283847,0.229443878935078,0.206628709481632,0.348591114325306,0.0676810890783262,0.00234740065869635,1,0.0158489319246111,0.0461787040095698
130,"MF","Lisier","2018-09-30","bc",0,1,0,0,0,0,0,32,1,1.95149575540655e-06,19.3171254344426,9.7620208154594,0.045760874195647,0.045760874195647,0.230524495606758,0.206628709481632,0.322927068754912,0.0676810890783262,0.00234740065869635,1,0.0158489319246111,0.0453456631597347
130,"MF","Lisier","2018-09-30","bc",0,1,0,0,0,0,0,33,1,1.32047031814305e-06,18.9688034074044,9.80695630459797,0.0449354891385756,0.0449354891385756,0.231585621285994,0.206628709481632,0.322927068754912,0.0676810890783262,0.00234740065869635,1,0.0158489319246111,0.044527808028832
130,"MF","Lisier","2018-09-30","bc",0,1,0,0,0,0,0,34,1,9.21216158135443e-07,18.6267622121989,9.85108133906501,0.0441250344670383,0.0441250344670383,0.232627608545234,0.206628709481632,0.292367456560528,0.0676810890783262,0.00234740065869635,1,0.0158489319246111,0.0437247432199211
130,"MF","Lisier","2018-09-30","bc",0,1,0,0,0,0,0,35,1,6.44112539036273e-07,18.2908886057887,9.89441062714476,0.043329288079752,0.043329288079752,0.233650804712135,0.206628709481632,0.29014015813274,0.0676810890783262,0.00234740065869635,1,0.0158489319246111,0.0429362308442839
130,"MF","Lisier","2018-09-30","bc",0,1,0,0,0,0,0,36,1,4.5036222962424e-07,17.9610713823814,9.93695854764761,0.0425479205028498,0.0425479205028498,0.234655549334017,0.206628709481632,0.29014015813274,0.0676810890783262,0.00234740065869635,1,0.0158489319246111,0.0421619614620629
130,"MF","Lisier","2018-09-30","bc",0,1,0,0,0,0,0,37,1,3.10631730262653e-07,17.6372013391522,9.97873921352576,0.0417806658781483,0.0417806658781483,0.235642175680113,0.206628709481632,0.303763061146564,0.0676810890783262,0.00234740065869635,1,0.0158489319246111,0.0414016723995315
130,"MF","Lisier","2018-09-30","bc",0,1,0,0,0,0,0,38,1,2.14254361264882e-07,17.3191712411199,10.0197664663296,0.0410272528038504,0.0410272528038504,0.23661101061066,0.206628709481632,0.303763061146564,0.0676810890783262,0.00234740065869635,1,0.0158489319246111,0.0406550990620403
130,"MF","Lisier","2018-09-30","bc",0,1,0,0,0,0,0,39,1,1.47089038758028e-07,17.0068757860845,10.0600539024993,0.0402874361696508,0.0402874361696508,0.237562375197753,0.206628709481632,0.308444714904573,0.0676810890783262,0.00234740065869635,1,0.0158489319246111,0.0399219967914584
130,"MF","Lisier","2018-09-30","bc",0,1,0,0,0,0,0,40,1,1.0025873434506e-07,16.700211569874,10.0996148690245,0.0395609665252064,0.0395609665252064,0.238496584622865,0.206628709481632,0.315602832143626,0.0676810890783262,0.00234740065869635,1,0.0158489319246111,0.0392021192814312
130,"MF","Lisier","2018-09-30","bc",0,1,0,0,0,0,0,41,1,6.76716300928498e-08,16.3990770523817,10.1384624700739,0.0388476010493886,0.0388476010493886,0.239413948333385,0.206628709481632,0.325406060140168,0.0676810890783262,0.00234740065869635,1,0.0158489319246111,0.0384952262955316
130,"MF","Lisier","2018-09-30","bc",0,1,0,0,0,0,0,42,1,4.55623568491849e-08,16.1033725241254,10.1766095716168,0.0381471015429273,0.0381471015429273,0.240314770151765,0.206628709481632,0.327904081823231,0.0676810890783262,0.00234740065869635,1,0.0158489319246111,0.0378010822104475
130,"MF","Lisier","2018-09-30","bc",0,1,0,0,0,0,0,43,1,3.05993723997817e-08,15.8130000733232,10.2140688074883,0.0374592358715145,0.0374592358715145,0.241199348418738,0.206628709481632,0.330421279892641,0.0676810890783262,0.00234740065869635,1,0.0158489319246111,0.0371194568987681
130,"MF","Lisier","2018-09-30","bc",0,1,0,0,0,0,0,44,1,2.03404926814674e-08,15.5278635535246,10.2508525830681,0.036783775579817,0.036783775579817,0.242067976080197,0.206628709481632,0.340684797237196,0.0676810890783262,0.00234740065869635,1,0.0158489319246111,0.0364501240633874
130,"MF","Lisier","2018-09-30","bc",0,1,0,0,0,0,0,45,1,1.3306486314779e-08,15.2478685518419,10.2869730792497,0.0361204961816046,0.0361204961816046,0.242920940780922,0.206628709481632,0.356680914358368,0.0676810890783262,0.00234740065869635,1,0.0158489319246111,0.0357928614284789
130,"MF","Lisier","2018-09-30","bc",0,1,0,0,0,0,0,46,1,8.75218515360821e-09,14.9729223577477,10.3224422566446,0.0354691773948819,0.0354691773948819,0.24375852496386,0.206628709481632,0.35126711907375,0.0676810890783262,0.00234740065869635,1,0.0158489319246111,0.0351474508795413
130,"MF","Lisier","2018-09-30","bc",0,1,0,0,0,0,0,47,1,5.58189331335486e-09,14.7029339323858,10.3572718606189,0.0348296039743285,0.0348296039743285,0.244581005989065,0.206628709481632,0.382094289642901,0.0676810890783262,0.00234740065869635,1,0.0158489319246111,0.034513678930461
130,"MF","Lisier","2018-09-30","bc",0,1,0,0,0,0,0,48,1,3.42059449081606e-09,14.437813878446,10.3914734240931,0.0342015634741895,0.0342015634741895,0.245388656199804,0.206628709481632,0.422032569540883,0.0676810890783262,0.00234740065869635,1,0.0158489319246111,0.0338913352520019
130,"MF","Lisier","2018-09-30","bc",0,1,0,0,0,0,0,49,1,2.06884724510915e-09,14.1774744105922,10.4250582718771,0.033584847784029,0.033584847784029,0.24618174302494,0.206628709481632,0.43514170887615,0.0676810890783262,0.00234740065869635,1,0.0158489319246111,0.0332802136703165
130,"MF","Lisier","2018-09-30","bc",0,1,0,0,0,0,0,50,1,1.21739856214018e-09,13.9218293263959,10.4580375247051,0.0329792528279178,0.0329792528279178,0.246960529074198,0.206628709481632,0.462594220673127,0.0676810890783262,0.00234740065869635,1,0.0158489319246111,0.0326801118942014
130,"MF","Lisier","2018-09-30","bc",0,1,0,0,0,0,0,51,1,7.11280335561399e-10,13.6707939777969,10.49042210265,0.0323845779449634,0.0323845779449634,0.247725272218812,0.206628709481632,0.469723810306155,0.0676810890783262,0.00234740065869635,1,0.0158489319246111,0.0320908311224879
130,"MF","Lisier","2018-09-30","bc",0,1,0,0,0,0,0,52,1,4.17064197797395e-10,13.4242852430803,10.5222227288675,0.0318006262174713,0.0318006262174713,0.248476225679918,0.206628709481632,0.466145385003636,0.0676810890783262,0.00234740065869635,1,0.0158489319246111,0.031512176216547
130,"MF","Lisier","2018-09-30","bc",0,1,0,0,0,0,0,53,1,2.52249168664523e-10,13.1822214993566,10.5534499331137,0.0312272042462194,0.0312272042462194,0.249213638111642,0.206628709481632,0.43514170887615,0.0676810890783262,0.00234740065869635,1,0.0158489319246111,0.030943955540435
130,"MF","Lisier","2018-09-30","bc",0,1,0,0,0,0,0,54,1,1.53576568328984e-10,12.944522595537,10.5841140552617,0.0306641221479627,0.0306641221479627,0.249937753684126,0.206628709481632,0.428537015334046,0.0676810890783262,0.00234740065869635,1,0.0158489319246111,0.0303859809330868
130,"MF","Lisier","2018-09-30","bc",0,1,0,0,0,0,0,55,1,9.22654708778343e-11,12.711109825797,10.6142252487076,0.0301111934459382,0.0301111934459382,0.25064881216397,0.206628709481632,0.441848195204464,0.0676810890783262,0.00234740065869635,1,0.0158489319246111,0.0298380676186048
130,"MF","Lisier","2018-09-30","bc",0,1,0,0,0,0,0,56,1,5.48656056416238e-11,12.4819059035161,10.6437934837505,0.0295682350428539,0.0295682350428539,0.251347048994037,0.206628709481632,0.452102224631153,0.0676810890783262,0.00234740065869635,1,0.0158489319246111,0.0293000341645045
130,"MF","Lisier","2018-09-30","bc",0,1,0,0,0,0,0,57,1,3.22852784694305e-11,12.2568349356889,10.6728285509036,0.0290350671530852,0.0290350671530852,0.252032695371657,0.206628709481632,0.462594220673127,0.0676810890783262,0.00234740065869635,1,0.0158489319246111,0.0287717024165037
130,"MF","Lisier","2018-09-30","bc",0,1,0,0,0,0,0,58,1,1.88630777278555e-11,12.0358223977951,10.701340064137,0.0285115132334663,0.0285115132334663,0.252705978325195,0.206628709481632,0.469723810306155,0.0676810890783262,0.00234740065869635,1,0.0158489319246111,0.028252897433397
130,"MF","Lisier","2018-09-30","bc",0,1,0,0,0,0,0,59,1,1.1020989077236e-11,11.8187951091238,10.7293374640624,0.0279973999253276,0.0279973999253276,0.25336712078925,0.206628709481632,0.469723810306155,0.0676810890783262,0.00234740065869635,1,0.0158489319246111,0.0277434474293313
130,"MF","Lisier","2018-09-30","bc",0,1,0,0,0,0,0,60,1,6.3927029832375e-12,11.6056812085424,10.756830021059,0.0274925569966893,0.0274925569966893,0.254016341678491,0.206628709481632,0.476963282523236,0.0676810890783262,0.00234740065869635,1,0.0158489319246111,0.0272431837166014
130,"MF","Lisier","2018-09-30","bc",0,1,0,0,0,0,0,61,1,3.70807476039551e-12,11.3964101307021,10.7838268383442,0.0269968172851804,0.0269968172851804,0.254653855960144,0.206628709481632,0.476963282523236,0.0676810890783262,0.00234740065869635,1,0.0158489319246111,0.0267519406493526
130,"MF","Lisier","2018-09-30","bc",0,1,0,0,0,0,0,62,1,2.00289077690773e-12,11.0593197898576,10.8101811561208,0.0263543177766206,0.0263543177766206,0.255276197986182,0.206628709481632,0.4806247528144,0.13529653115955,0.00234740065869635,1,0.0276775119528284,0.0259606545604081
130,"MF","Lisier","2018-09-30","bc",0,1,0,0,0,0,0,63,1,1.16177284587673e-12,10.8599005803327,10.835907042459,0.0257258863381455,0.0257258863381455,0.255883699965971,0.206628709481632,0.476963282523236,0.0676810890783262,0.00234740065869635,1,0.0158489319246111,0.025492537776204
130,"MF","Lisier","2018-09-30","bc",0,1,0,0,0,0,0,64,1,6.73884048485337e-13,10.6640772539075,10.8611690453017,0.0252620028427195,0.0252620028427195,0.256480247604357,0.206628709481632,0.476963282523236,0.0676810890783262,0.00234740065869635,1,0.0158489319246111,0.0250328619705326
130,"MF","Lisier","2018-09-30","bc",0,1,0,0,0,0,0,65,1,3.95136623407659e-13,10.4717849704129,10.8859755292938,0.0248064839920481,0.0248064839920481,0.257066038427604,0.206628709481632,0.466145385003636,0.0676810890783262,0.00234740065869635,1,0.0158489319246111,0.0245814749374581
130,"MF","Lisier","2018-09-30","bc",0,1,0,0,0,0,0,66,1,2.21117659548898e-13,10.162043786615,10.9101916417029,0.0242161124091886,0.0242161124091886,0.257637887966159,0.206628709481632,0.445240099988805,0.13529653115955,0.00234740065869635,1,0.0276775119528284,0.0238543882784997
130,"MF","Lisier","2018-09-30","bc",0,1,0,0,0,0,0,67,1,1.24157414170836e-13,9.86146432655487,10.9336914743808,0.0234998326778548,0.0234998326778548,0.258192822971658,0.206628709481632,0.441848195204464,0.13529653115955,0.00234740065869635,1,0.0276775119528284,0.0231488078559204
130,"MF","Lisier","2018-09-30","bc",0,1,0,0,0,0,0,68,1,7.38301301512932e-14,9.68364458192965,10.9566309421968,0.0229394678159593,0.0229394678159593,0.258734525283887,0.206628709481632,0.452102224631153,0.0676810890783262,0.00234740065869635,1,0.0158489319246111,0.0227313936702364
130,"MF","Lisier","2018-09-30","bc",0,1,0,0,0,0,0,69,1,4.32908130104889e-14,9.50903124362823,10.9791567706004,0.0225258284035998,0.0225258284035998,0.259266459739778,0.206628709481632,0.466145385003636,0.0676810890783262,0.00234740065869635,1,0.0158489319246111,0.0223215062048773
130,"MF","Lisier","2018-09-30","bc",0,1,0,0,0,0,0,70,1,2.44607038442107e-14,9.33756649444063,11.001276418246,0.0221196476456864,0.0221196476456864,0.259788802471156,0.206628709481632,0.503191447600023,0.0676810890783262,0.00234740065869635,1,0.0158489319246111,0.0219190097396833
130,"MF","Lisier","2018-09-30","bc",0,1,0,0,0,0,0,71,1,1.36414551712205e-14,9.06137395344099,11.0228696385514,0.0215932203053608,0.0215932203053608,0.260298713924278,0.206628709481632,0.448658043168665,0.13529653115955,0.00234740065869635,1,0.0276775119528284,0.0212706751870075
130,"MF","Lisier","2018-09-30","bc",0,1,0,0,0,0,0,72,1,7.70786159332361e-15,8.89798126154475,11.0439479580879,0.0210783195365067,0.0210783195365067,0.260796466292486,0.206628709481632,0.503191447600023,0.0676810890783262,0.00234740065869635,1,0.0158489319246111,0.0208871270744218
130,"MF","Lisier","2018-09-30","bc",0,1,0,0,0,0,0,73,1,4.184461517297e-15,8.73753483054695,11.0646461980264,0.0206982399384863,0.0206982399384863,0.261285243300031,0.206628709481632,0.543181679114621,0.0676810890783262,0.00234740065869635,1,0.0158489319246111,0.0205104950166105
130,"MF","Lisier","2018-09-30","bc",0,1,0,0,0,0,0,74,1,2.23366334945027e-15,8.57998153412239,11.0849712118782,0.0203250138517515,0.0203250138517515,0.261765206788631,0.206628709481632,0.560053941659723,0.0676810890783262,0.00234740065869635,1,0.0158489319246111,0.0201406543048027
130,"MF","Lisier","2018-09-30","bc",0,1,0,0,0,0,0,75,1,1.18721311219452e-15,8.42526920390807,11.1049297295735,0.0199585176953043,0.0199585176953043,0.262236515681712,0.206628709481632,0.564353268136151,0.0676810890783262,0.00234740065869635,1,0.0158489319246111,0.0197774824789486
130,"MF","Lisier","2018-09-30","bc",0,1,0,0,0,0,0,76,1,5.97700284776704e-16,8.27334661222932,11.12452835969,0.0195986301165263,0.0195986301165263,0.262699326037027,0.206628709481632,0.618593395627692,0.0676810890783262,0.00234740065869635,1,0.0158489319246111,0.0194208592871707
130,"MF","Lisier","2018-09-30","bc",0,1,0,0,0,0,0,77,1,3.06571429699261e-16,8.12416345513763,11.143773591641,0.0192452319510075,0.0192452319510075,0.26315379109833,0.206628709481632,0.599957565391829,0.0676810890783262,0.00234740065869635,1,0.0158489319246111,0.0190706666459471
130,"MF","Lisier","2018-09-30","bc",0,1,0,0,0,0,0,78,1,1.69178094904235e-16,7.97767033575413,11.1626717978241,0.0188982061830831,0.0188982061830831,0.263600061346118,0.206628709481632,0.526817712685688,0.0676810890783262,0.00234740065869635,1,0.0158489319246111,0.0187267886010117
130,"MF","Lisier","2018-09-30","bc",0,1,0,0,0,0,0,79,1,9.74126964760115e-17,7.83381874791356,11.1812292357312,0.0185574379070879,0.0185574379070879,0.264038284547457,0.206628709481632,0.48431433085554,0.0676810890783262,0.00234740065869635,1,0.0158489319246111,0.0183891112889602
130,"MF","Lisier","2018-09-30","bc",0,1,0,0,0,0,0,80,1,5.89172406387669e-17,7.69256106010312,11.1994520500205,0.0182228142893113,0.0182228142893113,0.264468605804909,0.206628709481632,0.43514170887615,0.0676810890783262,0.00234740065869635,1,0.0158489319246111,0.018057522899548
130,"MF","Lisier","2018-09-30","bc",0,1,0,0,0,0,0,81,1,3.53962001463253e-17,7.55385049969091,11.2173462745511,0.0178942245306324,0.0178942245306324,0.264891167604579,0.206628709481632,0.441848195204464,0.0676810890783262,0.00234740065869635,1,0.0158489319246111,0.0177319136386682
130,"MF","Lisier","2018-09-30","bc",0,1,0,0,0,0,0,82,1,2.14794496901918e-17,7.41764113743878,11.2349178343809,0.0175715598298396,0.0175715598298396,0.265306109863295,0.206628709481632,0.431826735125492,0.0676810890783262,0.00234740065869635,1,0.0158489319246111,0.017412175691997
130,"MF","Lisier","2018-09-30","bc",0,1,0,0,0,0,0,83,1,1.32050336952368e-17,7.28388787229447,11.2521725477285,0.0172547133475991,0.0172547133475991,0.265713569974934,0.206628709481632,0.418817463148154,0.0676810890783262,0.00234740065869635,1,0.0158489319246111,0.0170982031892944
130,"MF","Lisier","2018-09-30","bc",0,1,0,0,0,0,0,84,1,8.34744418249081e-18,7.15254641645789,11.2691161278996,0.0169435801710804,0.0169435801710804,0.26611368285592,0.206628709481632,0.390961602290754,0.0676810890783262,0.00234740065869635,1,0.0158489319246111,0.0167898921693495
130,"MF","Lisier","2018-09-30","bc",0,1,0,0,0,0,0,85,1,5.4006224248759e-18,7.02357328071681,11.2857541851788,0.0166380572792164,0.0166380572792164,0.266506580989889,0.206628709481632,0.367760106207568,0.0676810890783262,0.00234740065869635,1,0.0158489319246111,0.0164871405455568
133,"MF","Lisier","2019-08-20","bc",0,1,0,0,0,0,0,1,1,0.20794405519916,0.204885929744478,0.17303433540968,0.17303433540968,0.17303433540968,0.29377646079742,0.679786661429619,0.587499753209996,0.0676810890783262,0.00234740065869635,1,0.0158489319246111,0.122648030477432
133,"MF","Lisier","2019-08-20","bc",0,1,0,0,0,0,0,2,1,0.113704386470719,0.211652227080643,0.257198330014898,0.084163994605218,0.084163994605218,0.436669490687433,0.679786661429619,0.535986009706439,0.0676810890783262,0.00234740065869635,1,0.0158489319246111,0.0614407929678231
133,"MF","Lisier","2019-08-20","bc",0,1,0,0,0,0,0,3,1,0.0595810970668032,0.213447193363207,0.306153120372825,0.0489547903579269,0.0489547903579269,0.519784584673727,0.679786661429619,0.578582529816184,0.0676810890783262,0.00234740065869635,1,0.0158489319246111,0.0349736279524323
133,"MF","Lisier","2019-08-20","bc",0,1,0,0,0,0,0,4,1,0.0316328912779808,0.21255610956572,0.331614101448899,0.025460981076074,0.025460981076074,0.563012056789303,0.679786661429619,0.565459828879813,0.0676810890783262,0.00234740065869635,1,0.0158489319246111,0.0183860836406253
133,"MF","Lisier","2019-08-20","bc",0,1,0,0,0,0,0,5,1,0.0160565622008517,0.210262431354241,0.34613217121108,0.0145180697621804,0.0145180697621804,0.587660732107096,0.679786661429619,0.610398727537493,0.0676810890783262,0.00234740065869635,1,0.0158489319246111,0.0102944753058865
133,"MF","Lisier","2019-08-20","bc",0,1,0,0,0,0,0,6,1,0.00870754428707254,0.207275756354151,0.353158516009592,0.00702634479851255,0.00702634479851255,0.599590010203043,0.679786661429619,0.54424672747479,0.0676810890783262,0.00234740065869635,1,0.0158489319246111,0.00522561172957856
133,"MF","Lisier","2019-08-20","bc",0,1,0,0,0,0,0,7,1,0.00478079060355343,0.20397705275199,0.357124744824227,0.00396622881463488,0.00396622881463488,0.606323845202423,0.679786661429619,0.531902789190792,0.0676810890783262,0.00234740065869635,1,0.0158489319246111,0.00302173172455616
133,"MF","Lisier","2019-08-20","bc",0,1,0,0,0,0,0,8,1,0.00293669905078213,0.200552596204536,0.359187529620692,0.00206278479646499,0.00206278479646499,0.6098260265207,0.679786661429619,0.419638663253915,0.0676810890783262,0.00234740065869635,1,0.0158489319246111,0.00170312976048304
133,"MF","Lisier","2019-08-20","bc",0,1,0,0,0,0,0,9,1,0.00194058853910425,0.197097432652924,0.360487633825431,0.00130010420473886,0.00130010420473886,0.612033334168813,0.679786661429619,0.346613791908999,0.0676810890783262,0.00234740065869635,1,0.0158489319246111,0.0011353013953109
133,"MF","Lisier","2019-08-20","bc",0,1,0,0,0,0,0,10,1,0.00130244211509777,0.19365068561531,0.361476083072438,0.000988449247007361,0.000988449247007361,0.613711516252017,0.679786661429619,0.33106915638746,0.0676810890783262,0.00234740065869635,1,0.0158489319246111,0.000885774159259297
133,"MF","Lisier","2019-08-20","bc",0,1,0,0,0,0,0,11,1,0.000891489164581271,0.190231481334133,0.362264224668132,0.000788141595693292,0.000788141595693292,0.615049617433161,0.679786661429619,0.311421959091919,0.0676810890783262,0.00234740065869635,1,0.0158489319246111,0.000724178806731645
133,"MF","Lisier","2019-08-20","bc",0,1,0,0,0,0,0,12,1,0.000607280346796699,0.186850892674653,0.362940901611827,0.00067667694369522,0.00067667694369522,0.616198474722966,0.679786661429619,0.316221653233814,0.0676810890783262,0.00234740065869635,1,0.0158489319246111,0.000630649103782937
133,"MF","Lisier","2019-08-20","bc",0,1,0,0,0,0,0,13,1,0.000429936647651461,0.183516061626743,0.363518180361036,0.000577278749209043,0.000577278749209043,0.617178574466954,0.679786661429619,0.277671584905383,0.0676810890783262,0.00234740065869635,1,0.0158489319246111,0.000550166914306266
133,"MF","Lisier","2019-08-20","bc",0,1,0,0,0,0,0,14,1,0.000309439788149739,0.18023150188627,0.364040799960847,0.000522619599811092,0.000522619599811092,0.618065874296854,0.679786661429619,0.261193250071869,0.0676810890783262,0.00234740065869635,1,0.0158489319246111,0.000503899130214044
133,"MF","Lisier","2019-08-20","bc",0,1,0,0,0,0,0,15,1,0.000228287713268107,0.176999493737908,0.364523165749781,0.000482365788934402,0.000482365788934402,0.618884831493686,0.679786661429619,0.236475704835533,0.0676810890783262,0.00234740065869635,1,0.0158489319246111,0.000469473226089653
133,"MF","Lisier","2019-08-20","bc",0,1,0,0,0,0,0,16,1,0.000169023748597884,0.173821096219228,0.364980832505101,0.000457666755319719,0.000457666755319719,0.61966185484737,0.679786661429619,0.232886415349527,0.0676810890783262,0.00234740065869635,1,0.0158489319246111,0.00044739109068024
133,"MF","Lisier","2019-08-20","bc",0,1,0,0,0,0,0,17,1,0.000126242973055667,0.170696620242519,0.365418041610656,0.000437209105555281,0.000437209105555281,0.620404145349162,0.679786661429619,0.224149732578536,0.0676810890783262,0.00234740065869635,1,0.0158489319246111,0.000428990687444878
133,"MF","Lisier","2019-08-20","bc",0,1,0,0,0,0,0,18,1,9.50864534437357e-05,0.167626026245929,0.365838836843663,0.000420795233006255,0.000420795233006255,0.621118568495183,0.679786661429619,0.215740804544662,0.0676810890783262,0.00234740065869635,1,0.0158489319246111,0.000413999472391597
133,"MF","Lisier","2019-08-20","bc",0,1,0,0,0,0,0,19,1,7.00223434869742e-05,0.164608922301738,0.366248290628561,0.00040945378489804,0.00040945378489804,0.621813736211478,0.679786661429619,0.23829104115085,0.0676810890783262,0.00234740065869635,1,0.0158489319246111,0.000403088789771731
133,"MF","Lisier","2019-08-20","bc",0,1,0,0,0,0,0,20,1,4.72328295303918e-05,0.161644610368912,0.366650076269004,0.000401785640443519,0.000401785640443519,0.622495885006798,0.679786661429619,0.326044102997774,0.0676810890783262,0.00234740065869635,1,0.0158489319246111,0.000394844650390984
133,"MF","Lisier","2019-08-20","bc",0,1,0,0,0,0,0,21,1,3.01011873607786e-05,0.158732419120211,0.36704065075601,0.000390574487005912,0.000390574487005912,0.623158999585756,0.679786661429619,0.382843484456094,0.0676810890783262,0.00234740065869635,1,0.0158489319246111,0.000384132628654715
133,"MF","Lisier","2019-08-20","bc",0,1,0,0,0,0,0,22,1,1.79456146454552e-05,0.155871766242522,0.367420456715159,0.000379805959149493,0.000379805959149493,0.623803831434906,0.679786661429619,0.449537753459948,0.0676810890783262,0.00234740065869635,1,0.0158489319246111,0.000373960718042037
133,"MF","Lisier","2019-08-20","bc",0,1,0,0,0,0,0,23,1,1.00907202418738e-05,0.153062035266452,0.367789974017857,0.000369517302697242,0.000369517302697242,0.624431195276497,0.679786661429619,0.508048472992574,0.0676810890783262,0.00234740065869635,1,0.0158489319246111,0.000364424497416154
133,"MF","Lisier","2019-08-20","bc",0,1,0,0,0,0,0,24,1,5.38050939098545e-06,0.150302556382493,0.368150226631135,0.000360252613278322,0.000360252613278322,0.625042829594457,0.679786661429619,0.561152072460348,0.0676810890783262,0.00234740065869635,1,0.0158489319246111,0.000355839603851653
133,"MF","Lisier","2019-08-20","bc",0,1,0,0,0,0,0,25,1,2.76916976768245e-06,0.14759259732175,0.368502201921238,0.000351975290102891,0.000351975290102891,0.625640410732153,0.679786661429619,0.596554410537529,0.0676810890783262,0.00234740065869635,1,0.0158489319246111,0.00034811092061022
133,"MF","Lisier","2019-08-20","bc",0,1,0,0,0,0,0,26,1,1.39244355243658e-06,0.144931374405734,0.368846769140304,0.000344567219066005,0.000344567219066005,0.626225414499667,0.679786661429619,0.619806308188916,0.0676810890783262,0.00234740065869635,1,0.0158489319246111,0.000341075049043384
133,"MF","Lisier","2019-08-20","bc",0,1,0,0,0,0,0,27,1,6.86822347231105e-07,0.142318070794703,0.369184542663219,0.000337773522914586,0.000337773522914586,0.6267988839783,0.679786661429619,0.639058678364433,0.0676810890783262,0.00234740065869635,1,0.0158489319246111,0.000334516452909373
133,"MF","Lisier","2019-08-20","bc",0,1,0,0,0,0,0,28,1,3.30440731366544e-07,0.139751855437942,0.369515922513357,0.000331379850138147,0.000331379850138147,0.627361498324884,0.679786661429619,0.663967264605831,0.0676810890783262,0.00234740065869635,1,0.0158489319246111,0.000328272999337583
133,"MF","Lisier","2019-08-20","bc",0,1,0,0,0,0,0,29,1,1.61392333115518e-07,0.13723189668117,0.369841162548854,0.000325240035497332,0.000325240035497332,0.627913688537952,0.679786661429619,0.648907971599299,0.0676810890783262,0.00234740065869635,1,0.0158489319246111,0.000322242973435042
133,"MF","Lisier","2019-08-20","bc",0,1,0,0,0,0,0,30,1,8.03826440610485e-08,0.134757369245153,0.370160460776687,0.000319298227833331,0.000319298227833331,0.628455790792338,0.679786661429619,0.629358880252871,0.0676810890783262,0.00234740065869635,1,0.0158489319246111,0.000316380126861118
133,"MF","Lisier","2019-08-20","bc",0,1,0,0,0,0,0,31,1,4.23065699175432e-08,0.132327458129059,0.37047396373891,0.0003135029622231,0.0003135029622231,0.628988053886096,0.679786661429619,0.574174802724512,0.0676810890783262,0.00234740065869635,1,0.0158489319246111,0.000310649853742203
133,"MF","Lisier","2019-08-20","bc",0,1,0,0,0,0,0,32,1,2.57358260004493e-08,0.129941360892451,0.370781794559527,0.000307830820616306,0.000307830820616306,0.62951068685828,0.679786661429619,0.429377273139128,0.0676810890783262,0.00234740065869635,1,0.0158489319246111,0.000305035486529631
133,"MF","Lisier","2019-08-20","bc",0,1,0,0,0,0,0,33,1,1.64491863437004e-08,0.127598288390024,0.371084068473138,0.000302273913611317,0.000302273913611317,0.630023885353375,0.679786661429619,0.379926926296546,0.0676810890783262,0.00234740065869635,1,0.0158489319246111,0.000299530555704078
133,"MF","Lisier","2019-08-20","bc",0,1,0,0,0,0,0,34,1,1.04522001045252e-08,0.125297465148782,0.371380889214599,0.000296820741461423,0.000296820741461423,0.63052782549168,0.679786661429619,0.385782431951352,0.0676810890783262,0.00234740065869635,1,0.0158489319246111,0.000294127384498409
133,"MF","Lisier","2019-08-20","bc",0,1,0,0,0,0,0,35,1,6.90687720482079e-09,0.123038129530786,0.371672355707977,0.000291466493377579,0.000291466493377579,0.631022675225768,0.679786661429619,0.346613791908999,0.0676810890783262,0.00234740065869635,1,0.0158489319246111,0.000288822180324233
133,"MF","Lisier","2019-08-20","bc",0,1,0,0,0,0,0,36,1,4.46538451125012e-09,0.120819533554774,0.371958565693059,0.000286209985081942,0.000286209985081942,0.631508600497554,0.679786661429619,0.368481195141735,0.0676810890783262,0.00234740065869635,1,0.0158489319246111,0.000283613498060085
133,"MF","Lisier","2019-08-20","bc",0,1,0,0,0,0,0,37,1,3.07092593105828e-09,0.11864094268542,0.372239613920603,0.000281048227544212,0.000281048227544212,0.631985762174199,0.679786661429619,0.306695115950645,0.0676810890783262,0.00234740065869635,1,0.0158489319246111,0.000278498768846096
133,"MF","Lisier","2019-08-20","bc",0,1,0,0,0,0,0,38,1,2.15545413636956e-09,0.116501635608682,0.372515593967799,0.000275980047195479,0.000275980047195479,0.632454319130388,0.679786661429619,0.286296595766344,0.0676810890783262,0.00234740065869635,1,0.0158489319246111,0.000273476633266205
133,"MF","Lisier","2019-08-20","bc",0,1,0,0,0,0,0,39,1,1.54824497401052e-09,0.114400903993863,0.372786597360063,0.000271003392264491,0.000271003392264491,0.632914426757323,0.679786661429619,0.263198333818214,0.0676810890783262,0.00234740065869635,1,0.0158489319246111,0.00026854516488615
133,"MF","Lisier","2019-08-20","bc",0,1,0,0,0,0,0,40,1,1.11875016067842e-09,0.1123380522727,0.373052713945048,0.000266116584985265,0.000266116584985265,0.633366237597705,0.679786661429619,0.257228791283383,0.0676810890783262,0.00234740065869635,1,0.0158489319246111,0.000263702705676354
133,"MF","Lisier","2019-08-20","bc",0,1,0,0,0,0,0,41,1,8.20835477355856e-10,0.110312397413615,0.373314031873684,0.000261317928635096,0.000261317928635096,0.633809901313554,0.679786661429619,0.241963627752041,0.0676810890783262,0.00234740065869635,1,0.0158489319246111,0.000258947592963424
133,"MF","Lisier","2019-08-20","bc",0,1,0,0,0,0,0,42,1,6.06659336891874e-10,0.108323268698119,0.373570637712964,0.000256605839280721,0.000256605839280721,0.634245564877698,0.679786661429619,0.234674198020149,0.0676810890783262,0.00234740065869635,1,0.0158489319246111,0.0002542782546614
133,"MF","Lisier","2019-08-20","bc",0,1,0,0,0,0,0,43,1,4.40932444923256e-10,0.106370007499208,0.373822616459913,0.000251978746948989,0.000251978746948989,0.634673372597476,0.679786661429619,0.251394642607466,0.0676810890783262,0.00234740065869635,1,0.0158489319246111,0.000249693136517231
133,"MF","Lisier","2019-08-20","bc",0,1,0,0,0,0,0,44,1,3.01807268365169e-10,0.104451967064201,0.374070051567941,0.000247435108027438,0.000247435108027438,0.635093466159492,0.679786661429619,0.311421959091919,0.0676810890783262,0.00234740065869635,1,0.0158489319246111,0.000245190710278046
133,"MF","Lisier","2019-08-20","bc",0,1,0,0,0,0,0,45,1,1.87164256394312e-10,0.102568512301772,0.374313024967026,0.000242973399085633,0.000242973399085633,0.635505984663882,0.679786661429619,0.410120932601091,0.0676810890783262,0.00234740065869635,1,0.0158489319246111,0.000240769470098663
133,"MF","Lisier","2019-08-20","bc",0,1,0,0,0,0,0,46,1,1.04420592953447e-10,0.100719019572656,0.374551617100042,0.000238592133015747,0.000238592133015747,0.63591106468598,0.679786661429619,0.515878612160445,0.0676810890783262,0.00234740065869635,1,0.0158489319246111,0.000236427946756455
133,"MF","Lisier","2019-08-20","bc",0,1,0,0,0,0,0,47,1,5.39866096529172e-11,0.0989028764831793,0.37478590696591,0.000234289865867987,0.000234289865867987,0.636308840349593,0.679786661429619,0.59200977100647,0.0676810890783262,0.00234740065869635,1,0.0158489319246111,0.00023216470936418
133,"MF","Lisier","2019-08-20","bc",0,1,0,0,0,0,0,48,1,2.66288783455405e-11,0.0971194816818611,0.375015972149015,0.000230065183104977,0.000230065183104977,0.636699443376936,0.679786661429619,0.639058678364433,0.0676810890783262,0.00234740065869635,1,0.0158489319246111,0.000227978352289665
133,"MF","Lisier","2019-08-20","bc",0,1,0,0,0,0,0,49,1,1.24183197283485e-11,0.0953682446599929,0.375241888836262,0.000225916687246974,0.000225916687246974,0.637083003117593,0.679786661429619,0.695142410122714,0.0676810890783262,0.00234740065869635,1,0.0158489319246111,0.000223867488966083
133,"MF","Lisier","2019-08-20","bc",0,1,0,0,0,0,0,50,1,5.6052876395601e-12,0.0936485855562762,0.375463731837268,0.000221843001005917,0.000221843001005917,0.637459646582798,0.679786661429619,0.72778131710768,0.0676810890783262,0.00234740065869635,1,0.0158489319246111,0.000219830755500208
133,"MF","Lisier","2019-08-20","bc",0,1,0,0,0,0,0,51,1,2.40222125910192e-12,0.0919599349650256,0.375681574611151,0.000217842773882593,0.000217842773882593,0.637829498490918,0.679786661429619,0.779635450570358,0.0676810890783262,0.00234740065869635,1,0.0158489319246111,0.000215866813783432
133,"MF","Lisier","2019-08-20","bc",0,1,0,0,0,0,0,52,1,1.0233610139055e-12,0.0903017337477751,0.37589548929067,0.000213914679519145,0.000213914679519145,0.638192681308438,0.679786661429619,0.785620422883321,0.0676810890783262,0.00234740065869635,1,0.0158489319246111,0.000211974350084923
133,"MF","Lisier","2019-08-20","bc",0,1,0,0,0,0,0,53,1,4.35958078721364e-13,0.0886734328482271,0.376105546707273,0.000210057416603349,0.000210057416603349,0.638549315292484,0.679786661429619,0.785620422883321,0.0676810890783262,0.00234740065869635,1,0.0158489319246111,0.000208152075019293
133,"MF","Lisier","2019-08-20","bc",0,1,0,0,0,0,0,54,1,1.91275912710188e-13,0.087074493110499,0.376311816414672,0.000206269707398954,0.000206269707398954,0.638899518530852,0.679786661429619,0.756148045102754,0.0676810890783262,0.00234740065869635,1,0.0158489319246111,0.000204398722627869
133,"MF","Lisier","2019-08-20","bc",0,1,0,0,0,0,0,55,1,9.01472556494023e-14,0.085504385100627,0.376514366712179,0.000202550297507487,0.000202550297507487,0.639243406981629,0.679786661429619,0.684591358607019,0.0676810890783262,0.00234740065869635,1,0.0158489319246111,0.000200713049968352
133,"MF","Lisier","2019-08-20","bc",0,1,0,0,0,0,0,56,1,5.06893051758009e-14,0.0839625889312748,0.376713264667445,0.000198897955265842,0.000198897955265842,0.639581094511792,0.679786661429619,0.508048472992574,0.0676810890783262,0.00234740065869635,1,0.0158489319246111,0.000197093836588878
133,"MF","Lisier","2019-08-20","bc",0,1,0,0,0,0,0,57,1,3.04266632004066e-14,0.0824485940895958,0.376908576138736,0.000195311471291038,0.000195311471291038,0.639912692935036,0.679786661429619,0.442714553025136,0.0676810890783262,0.00234740065869635,1,0.0158489319246111,0.000193539884087976
133,"MF","Lisier","2019-08-20","bc",0,1,0,0,0,0,0,58,1,1.83869890380495e-14,0.0809618992681964,0.377100365796748,0.000191789658012143,0.000191789658012143,0.640238312048809,0.679786661429619,0.435994916893466,0.0676810890783262,0.00234740065869635,1,0.0158489319246111,0.000190050015679489
133,"MF","Lisier","2019-08-20","bc",0,1,0,0,0,0,0,59,1,1.17179133144835e-14,0.0795020121991465,0.377288697146042,0.000188331349293913,0.000188331349293913,0.6405580596707,0.679786661429619,0.382843484456094,0.0676810890783262,0.00234740065869635,1,0.0158489319246111,0.000186623075808448
133,"MF","Lisier","2019-08-20","bc",0,1,0,0,0,0,0,60,1,7.44583787983945e-15,0.0780684494909826,0.377473632546079,0.000184935400036612,0.000184935400036612,0.640872041674158,0.679786661429619,0.385782431951352,0.0676810890783262,0.00234740065869635,1,0.0158489319246111,0.000183257929761408
133,"MF","Lisier","2019-08-20","bc",0,1,0,0,0,0,0,61,1,5.00995578971873e-15,0.076660736468649,0.377655233231865,0.000181600685785988,0.000181600685785988,0.64118036202354,0.679786661429619,0.328547022699308,0.0676810890783262,0.00234740065869635,1,0.0158489319246111,0.0001799534632843
133,"MF","Lisier","2019-08-20","bc",0,1,0,0,0,0,0,62,1,3.43733513432894e-15,0.0752784070163256,0.377833559334231,0.000178326102366344,0.000178326102366344,0.641483122808542,0.679786661429619,0.309049500652036,0.0676810890783262,0.00234740065869635,1,0.0158489319246111,0.000176708582216797
133,"MF","Lisier","2019-08-20","bc",0,1,0,0,0,0,0,63,1,2.40733667727513e-15,0.0739210034230895,0.378008669899743,0.000175110565511283,0.000175110565511283,0.641780424278001,0.679786661429619,0.288494388590802,0.0676810890783262,0.00234740065869635,1,0.0158489319246111,0.00017352221212755
133,"MF","Lisier","2019-08-20","bc",0,1,0,0,0,0,0,64,1,1.69337637028278e-15,0.0725880762313603,0.378180622910249,0.000171953010506098,0.000171953010506098,0.642072364873088,0.679786661429619,0.284115546051943,0.0676810890783262,0.00234740065869635,1,0.0158489319246111,0.000170393297959477
133,"MF","Lisier","2019-08-20","bc",0,1,0,0,0,0,0,65,1,1.21877962285939e-15,0.0712791840880771,0.378349475302084,0.000168852391834784,0.000168852391834784,0.642359041259904,0.679786661429619,0.261193250071869,0.0676810890783262,0.00234740065869635,1,0.0158489319246111,0.000167320803680009
133,"MF","Lisier","2019-08-20","bc",0,1,0,0,0,0,0,66,1,8.85834019605332e-16,0.0699938935985597,0.378515282984917,0.000165807682833974,0.000165807682833974,0.64264054836149,0.679786661429619,0.251394642607466,0.0676810890783262,0.00234740065869635,1,0.0158489319246111,0.000164303711938204
133,"MF","Lisier","2019-08-20","bc",0,1,0,0,0,0,0,67,1,6.25809079944879e-16,0.0687317791830053,0.37867810086027,0.000162817875352772,0.000162817875352772,0.642916979389253,0.679786661429619,0.279803166719088,0.0676810890783262,0.00234740065869635,1,0.0158489319246111,0.000161341023727734
133,"MF","Lisier","2019-08-20","bc",0,1,0,0,0,0,0,68,1,3.89306783984678e-16,0.0674924229355718,0.378837982839689,0.000159881979419185,0.000159881979419185,0.643188425873836,0.679786661429619,0.406996570816331,0.0676810890783262,0.00234740065869635,1,0.0158489319246111,0.000158431758056133
133,"MF","Lisier","2019-08-20","bc",0,1,0,0,0,0,0,69,1,2.32095479839895e-16,0.0662754144860027,0.378994981862601,0.000156999022911886,0.000156999022911886,0.643454977695418,0.679786661429619,0.449537753459948,0.0676810890783262,0.00234740065869635,1,0.0158489319246111,0.000155574951619921
133,"MF","Lisier","2019-08-20","bc",0,1,0,0,0,0,0,70,1,1.22690766300425e-16,0.0650803508637477,0.37914914991384,0.000154168051239134,0.000154168051239134,0.643716723113481,0.679786661429619,0.569800654348258,0.0676810890783262,0.00234740065869635,1,0.0158489319246111,0.000152769658485821
133,"MF","Lisier","2019-08-20","bc",0,1,0,0,0,0,0,71,1,6.02210229997641e-17,0.0639068363645319,0.379300538040862,0.000151388127021646,0.000151388127021646,0.643973748796031,0.679786661429619,0.643964494914427,0.0676810890783262,0.00234740065869635,1,0.0158489319246111,0.000150014949777341
133,"MF","Lisier","2019-08-20","bc",0,1,0,0,0,0,0,72,1,2.77846676480064e-17,0.0627544824193327,0.379449196370645,0.000148658329783113,0.000148658329783113,0.644226139848294,0.679786661429619,0.705856076440199,0.0676810890783262,0.00234740065869635,1,0.0158489319246111,0.00014730991336731
133,"MF","Lisier","2019-08-20","bc",0,1,0,0,0,0,0,73,1,1.19074922810492e-17,0.061622907465718,0.37959517412629,0.000145977755644899,0.000145977755644899,0.6444739798409,0.679786661429619,0.779635450570358,0.0676810890783262,0.00234740065869635,1,0.0158489319246111,0.00014465365357582
133,"MF","Lisier","2019-08-20","bc",0,1,0,0,0,0,0,74,1,4.91968828119908e-18,0.0605117368215054,0.379738519643317,0.000143345517026938,0.000143345517026938,0.64471735083755,0.679786661429619,0.816241545354384,0.0676810890783262,0.00234740065869635,1,0.0158489319246111,0.000142045290873666
133,"MF","Lisier","2019-08-20","bc",0,1,0,0,0,0,0,75,1,1.89210365006162e-18,0.0594206025606985,0.379879280385671,0.000140760742353863,0.000140760742353863,0.644956333422192,0.679786661429619,0.88787482947906,0.0676810890783262,0.00234740065869635,1,0.0158489319246111,0.00013948396159112
133,"MF","Lisier","2019-08-20","bc",0,1,0,0,0,0,0,76,1,7.02947297514027e-19,0.0583491433916613,0.380017502961437,0.000138222575766234,0.000138222575766234,0.6451910067257,0.679786661429619,0.922481521337541,0.0676810890783262,0.00234740065869635,1,0.0158489319246111,0.000136968817631955
133,"MF","Lisier","2019-08-20","bc",0,1,0,0,0,0,0,77,1,2.64838703338923e-19,0.0572970045374887,0.380153233138275,0.000135730176837434,0.000135730176837434,0.645421448452079,0.679786661429619,0.908479857919837,0.0676810890783262,0.00234740065869635,1,0.0158489319246111,0.000134499026192629
133,"MF","Lisier","2019-08-20","bc",0,1,0,0,0,0,0,78,1,1.025477985237e-19,0.0562638376185342,0.38028651585857,0.000133282720295058,0.000133282720295058,0.645647734904193,0.679786661429619,0.881110868007302,0.0676810890783262,0.00234740065869635,1,0.0158489319246111,0.000132073769486532
133,"MF","Lisier","2019-08-20","bc",0,1,0,0,0,0,0,79,1,4.3685992151374e-20,0.0552493005370562,0.380417395254318,0.000130879395748018,0.000130879395748018,0.645869941009028,0.679786661429619,0.785620422883321,0.0676810890783262,0.00234740065869635,1,0.0158489319246111,0.000129692244473199
133,"MF","Lisier","2019-08-20","bc",0,1,0,0,0,0,0,80,1,2.31938367725206e-20,0.0542530573639438,0.380545914661736,0.000128519407417926,0.000128519407417926,0.646088140342505,0.679786661429619,0.565459828879813,0.0676810890783262,0.00234740065869635,1,0.0158489319246111,0.000127353662592413
133,"MF","Lisier","2019-08-20","bc",0,1,0,0,0,0,0,81,1,1.27343454419222e-20,0.0532747782274857,0.380672116635611,0.000126201973875639,0.000126201973875639,0.646302405153839,0.679786661429619,0.531902789190792,0.0676810890783262,0.00234740065869635,1,0.0158489319246111,0.000125057249503102
133,"MF","Lisier","2019-08-20","bc",0,1,0,0,0,0,0,82,1,7.37962723451235e-21,0.0523141392041444,0.380796042963394,0.000123926327782631,0.000123926327782631,0.646512806389463,0.679786661429619,0.477898492567029,0.0676810890783262,0.00234740065869635,1,0.0158489319246111,0.000122802244826941
133,"MF","Lisier","2019-08-20","bc",0,1,0,0,0,0,0,83,1,4.47438357999434e-21,0.0513708222112999,0.380917734679031,0.000121691715636918,0.000121691715636918,0.646719413716521,0.679786661429619,0.432673443278227,0.0676810890783262,0.00234740065869635,1,0.0158489319246111,0.000120587901896579
133,"MF","Lisier","2019-08-20","bc",0,1,0,0,0,0,0,84,1,2.63053237385395e-21,0.0504445149019277,0.381037232076554,0.000119497397523427,0.000119497397523427,0.646922295545933,0.679786661429619,0.46350125644973,0.0676810890783262,0.00234740065869635,1,0.0158489319246111,0.000118413487508403
133,"MF","Lisier","2019-08-20","bc",0,1,0,0,0,0,0,85,1,1.68619173212842e-21,0.0495349105611758,0.381154574723423,0.000117342646869023,0.000117342646869023,0.647121519055048,0.679786661429619,0.377032586907444,0.0676810890783262,0.00234740065869635,1,0.0158489319246111,0.000116278281679769
136,"MF","Lisier","2021-02-13","bsth",0,0,0,0,0,0,0,1,1,0.502950015203306,0.213637917477836,0.00927432855417241,0.00927432855417241,0.00927432855417241,0.0127219870427605,0.750725390411481,0.0167864984610595,0.0676810890783262,0.00234740065869635,1,0.0158489319246111,0.00894426344441015
136,"MF","Lisier","2021-02-13","bsth",0,0,0,0,0,0,0,2,1,0.461909468854755,0.242118046156689,0.0182187711197066,0.00894444256553418,0.00894444256553418,0.0249914555825879,0.750725390411481,0.0174407857100466,0.0676810890783262,0.00234740065869635,1,0.0158489319246111,0.00862441212476772
136,"MF","Lisier","2021-02-13","bsth",0,0,0,0,0,0,0,3,1,0.424103802100206,0.2674423687918,0.0266581335569283,0.00843936243722168,0.00843936243722168,0.0365680844402308,0.750725390411481,0.0177095863984972,0.0676810890783262,0.00234740065869635,1,0.0158489319246111,0.00813849731788996
136,"MF","Lisier","2021-02-13","bsth",0,0,0,0,0,0,0,4,1,0.389123704551674,0.289870714195266,0.0347898117692502,0.00813167821232193,0.00813167821232193,0.0477226498892321,0.750725390411481,0.0183998528404388,0.0676810890783262,0.00234740065869635,1,0.0158489319246111,0.00784026160591591
136,"MF","Lisier","2021-02-13","bsth",0,0,0,0,0,0,0,5,1,0.357323501594763,0.309657191184584,0.0420492815692518,0.00725946980000154,0.00725946980000154,0.0576807703281917,0.750725390411481,0.0175746721559677,0.0676810890783262,0.00234740065869635,1,0.0158489319246111,0.00700673288870713
136,"MF","Lisier","2021-02-13","bsth",0,0,0,0,0,0,0,6,1,0.328295866615369,0.327048739416684,0.0486368015059654,0.00658751993671364,0.00658751993671364,0.0667171488422022,0.750725390411481,0.0170452151506642,0.0676810890783262,0.00234740065869635,1,0.0158489319246111,0.00636358810586526
136,"MF","Lisier","2021-02-13","bsth",0,0,0,0,0,0,0,7,1,0.302005079331524,0.342273369022721,0.0543962232578732,0.00575942175190784,0.00575942175190784,0.0746175902028439,0.750725390411481,0.0157903088710521,0.0676810890783262,0.00234740065869635,1,0.0158489319246111,0.0055722062151695
136,"MF","Lisier","2021-02-13","bsth",0,0,0,0,0,0,0,8,1,0.277951917276027,0.355536546722134,0.0596539681549279,0.0052577448970547,0.0052577448970547,0.0818298602948257,0.750725390411481,0.015314607840985,0.0676810890783262,0.00234740065869635,1,0.0158489319246111,0.00509131133569843
136,"MF","Lisier","2021-02-13","bsth",0,0,0,0,0,0,0,9,1,0.256075168498535,0.367021683636488,0.0643174606270738,0.00466349247214587,0.00466349247214587,0.088226969310115,0.750725390411481,0.0142960218873396,0.0676810890783262,0.00234740065869635,1,0.0158489319246111,0.00452240315558337
136,"MF","Lisier","2021-02-13","bsth",0,0,0,0,0,0,0,10,1,0.235568002651219,0.376878994518352,0.0690702302384329,0.00475276961135908,0.00475276961135908,0.094746543536945,0.750725390411481,0.0157903088710521,0.0676810890783262,0.00234740065869635,1,0.0158489319246111,0.00460437752198076
136,"MF","Lisier","2021-02-13","bsth",0,0,0,0,0,0,0,11,1,0.21680621442103,0.385242736672803,0.073426990732695,0.00435676049426215,0.00435676049426215,0.100722895380926,0.750725390411481,0.015314607840985,0.0676810890783262,0.00234740065869635,1,0.0158489319246111,0.00422462120517031
136,"MF","Lisier","2021-02-13","bsth",0,0,0,0,0,0,0,12,1,0.199630789208712,0.392251469959882,0.0774307527636753,0.0040037620309803,0.0040037620309803,0.106215024367182,0.750725390411481,0.0148532378459759,0.0676810890783262,0.00234740065869635,1,0.0158489319246111,0.00388593495245532
136,"MF","Lisier","2021-02-13","bsth",0,0,0,0,0,0,0,13,1,0.18397810214458,0.398033882711774,0.0810368997452017,0.00360614698152634,0.00360614698152634,0.111161728045544,0.750725390411481,0.0139717770127718,0.0676810890783262,0.00234740065869635,1,0.0158489319246111,0.00350484601685811
136,"MF","Lisier","2021-02-13","bsth",0,0,0,0,0,0,0,14,1,0.169624096220808,0.40270652675004,0.0843714262992279,0.00333452655402627,0.00333452655402627,0.115735838544894,0.750725390411481,0.0135508613251105,0.0676810890783262,0.00234740065869635,1,0.0158489319246111,0.00324386617143973
136,"MF","Lisier","2021-02-13","bsth",0,0,0,0,0,0,0,15,1,0.156373724909439,0.40636982078885,0.0875457332798248,0.00317430698059691,0.00317430698059691,0.120090169108127,0.750725390411481,0.0136548862636741,0.0676810890783262,0.00234740065869635,1,0.0158489319246111,0.00308917821325951
136,"MF","Lisier","2021-02-13","bsth",0,0,0,0,0,0,0,16,1,0.144217735310927,0.409115705752868,0.0904923981602615,0.00294666488043667,0.00294666488043667,0.124132233415997,0.750725390411481,0.0132435172705706,0.0676810890783262,0.00234740065869635,1,0.0158489319246111,0.00287030854548014
136,"MF","Lisier","2021-02-13","bsth",0,0,0,0,0,0,0,17,1,0.132965840640661,0.411027586927927,0.0933321624416318,0.00283976428137027,0.00283976428137027,0.128027657670277,0.750725390411481,0.0135508613251105,0.0676810890783262,0.00234740065869635,1,0.0158489319246111,0.00276664809579534
136,"MF","Lisier","2021-02-13","bsth",0,0,0,0,0,0,0,18,1,0.122629504554012,0.412181569078611,0.0959900718773799,0.00265790943574815,0.00265790943574815,0.131673623974458,0.750725390411481,0.0132435172705706,0.0676810890783262,0.00234740065869635,1,0.0158489319246111,0.0025916012482002
136,"MF","Lisier","2021-02-13","bsth",0,0,0,0,0,0,0,19,1,0.113152885453699,0.412650827532292,0.0984602180021884,0.00247014612480845,0.00247014612480845,0.135062027437844,0.750725390411481,0.0127466896261094,0.0676810890783262,0.00234740065869635,1,0.0158489319246111,0.00241098153553791
136,"MF","Lisier","2021-02-13","bsth",0,0,0,0,0,0,0,20,1,0.104468307374949,0.412503061727463,0.100752885324084,0.00229266732189606,0.00229266732189606,0.138206975753202,0.750725390411481,0.0121750371155363,0.0676810890783262,0.00234740065869635,1,0.0158489319246111,0.00224021547850056
136,"MF","Lisier","2021-02-13","bsth",0,0,0,0,0,0,0,21,1,0.0963176705033494,0.41179362953529,0.103080131886007,0.00232724656192219,0.00232724656192219,0.141399357868322,0.750725390411481,0.0135508613251105,0.0676810890783262,0.00234740065869635,1,0.0158489319246111,0.00227183203336668
136,"MF","Lisier","2021-02-13","bsth",0,0,0,0,0,0,0,22,1,0.088656802889453,0.410566960151368,0.105450245161032,0.00237011327502526,0.00237011327502526,0.144650542059029,0.750725390411481,0.0151979388985258,0.0676810890783262,0.00234740065869635,1,0.0158489319246111,0.00231116582595083
136,"MF","Lisier","2021-02-13","bsth",0,0,0,0,0,0,0,23,1,0.0814757296978206,0.408864899768087,0.107839217942845,0.00238897278181276,0.00238897278181276,0.147927596629417,0.750725390411481,0.0167864984610595,0.0676810890783262,0.00234740065869635,1,0.0158489319246111,0.00232746194621959
136,"MF","Lisier","2021-02-13","bsth",0,0,0,0,0,0,0,24,1,0.0747556084478955,0.40672756461412,0.110232990374747,0.00239377243190285,0.00239377243190285,0.151211235081958,0.750725390411481,0.0183998528404388,0.0676810890783262,0.00234740065869635,1,0.0158489319246111,0.00233024474752389
136,"MF","Lisier","2021-02-13","bsth",0,0,0,0,0,0,0,25,1,0.068520398605645,0.40419456598073,0.112574577629363,0.00234158725461545,0.00234158725461545,0.154423288929167,0.750725390411481,0.0194116589801789,0.0676810890783262,0.00234740065869635,1,0.0158489319246111,0.00227890120134336
136,"MF","Lisier","2021-02-13","bsth",0,0,0,0,0,0,0,26,1,0.0627283869113154,0.401304135905163,0.11487342415743,0.00229884652806663,0.00229884652806663,0.157576713521851,0.750725390411481,0.0206363147331946,0.0676810890783262,0.00234740065869635,1,0.0158489319246111,0.00223650432796886
136,"MF","Lisier","2021-02-13","bsth",0,0,0,0,0,0,0,27,1,0.0573984772079997,0.398093117966256,0.117079156280549,0.00220573212311989,0.00220573212311989,0.160602409163991,0.750725390411481,0.0211152244149115,0.0676810890783262,0.00234740065869635,1,0.0158489319246111,0.00214646577465757
136,"MF","Lisier","2021-02-13","bsth",0,0,0,0,0,0,0,28,1,0.052495709172037,0.394597094461435,0.119195947049666,0.00211679076911668,0.00211679076911668,0.163506100205303,0.750725390411481,0.0216052482168678,0.0676810890783262,0.00234740065869635,1,0.0158489319246111,0.0020604603064408
136,"MF","Lisier","2021-02-13","bsth",0,0,0,0,0,0,0,29,1,0.048058260359509,0.390851194334599,0.121154731186339,0.00195878413667314,0.00195878413667314,0.166193046894841,0.750725390411481,0.0206363147331946,0.0676810890783262,0.00234740065869635,1,0.0158489319246111,0.00190922973734193
136,"MF","Lisier","2021-02-13","bsth",0,0,0,0,0,0,0,30,1,0.0440232683841577,0.386888973814124,0.12298850278673,0.00183377160039096,0.00183377160039096,0.168708508623773,0.750725390411481,0.0200146222599482,0.0676810890783262,0.00234740065869635,1,0.0158489319246111,0.00178929251933087
136,"MF","Lisier","2021-02-13","bsth",0,0,0,0,0,0,0,31,1,0.0403270560508358,0.382739137455022,0.124735429089696,0.00174692630296611,0.00174692630296611,0.171104841000955,0.750725390411481,0.0200146222599482,0.0676810890783262,0.00234740065869635,1,0.0158489319246111,0.00170557289708403
136,"MF","Lisier","2021-02-13","bsth",0,0,0,0,0,0,0,32,1,0.0369064803591095,0.378425617134296,0.126437498864354,0.001702069774658,0.001702069774658,0.173439641789238,0.750725390411481,0.0209543655194141,0.0676810890783262,0.00234740065869635,1,0.0158489319246111,0.00166166842240848
136,"MF","Lisier","2021-02-13","bsth",0,0,0,0,0,0,0,33,1,0.033759619866614,0.373969796322202,0.128077674160008,0.00164017529565352,0.00164017529565352,0.17568953931414,0.750725390411481,0.0214406562477359,0.0676810890783262,0.00234740065869635,1,0.0158489319246111,0.00160168535083358
136,"MF","Lisier","2021-02-13","bsth",0,0,0,0,0,0,0,34,1,0.0308759965853117,0.369392247746494,0.12964795108863,0.00157027692862222,0.00157027692862222,0.177843554305391,0.750725390411481,0.0216052482168678,0.0676810890783262,0.00234740065869635,1,0.0158489319246111,0.00153419517584627
136,"MF","Lisier","2021-02-13","bsth",0,0,0,0,0,0,0,35,1,0.0282292803914962,0.364711920627554,0.131157486837598,0.00150953574896767,0.00150953574896767,0.179914248062548,0.750725390411481,0.0219382323892205,0.0676810890783262,0.00234740065869635,1,0.0158489319246111,0.00147542551612464
136,"MF","Lisier","2021-02-13","bsth",0,0,0,0,0,0,0,36,1,0.0257828712743359,0.359945299245759,0.132627891771574,0.00147040493397654,0.00147040493397654,0.181931264432887,0.750725390411481,0.0229682945979698,0.0676810890783262,0.00234740065869635,1,0.0158489319246111,0.00143712441555463
136,"MF","Lisier","2021-02-13","bsth",0,0,0,0,0,0,0,37,1,0.0235316787311527,0.355107206496283,0.134050682894915,0.00142279112334087,0.00142279112334087,0.18388296693404,0.750725390411481,0.023681733787049,0.0676810890783262,0.00234740065869635,1,0.0158489319246111,0.00139084984171072
136,"MF","Lisier","2021-02-13","bsth",0,0,0,0,0,0,0,38,1,0.0214490952576498,0.350211110161548,0.135440023247965,0.00138934035305002,0.00138934035305002,0.185788783604891,0.750725390411481,0.024983990052532,0.0676810890783262,0.00234740065869635,1,0.0158489319246111,0.00135796977322893
136,"MF","Lisier","2021-02-13","bsth",0,0,0,0,0,0,0,39,1,0.0195582384096372,0.345270174537399,0.136760447702555,0.00132042445458996,0.00132042445458996,0.187600065435604,0.750725390411481,0.0246047765816328,0.0676810890783262,0.00234740065869635,1,0.0158489319246111,0.00129171352153673
136,"MF","Lisier","2021-02-13","bsth",0,0,0,0,0,0,0,40,1,0.0178204462280059,0.340296734864019,0.138038892131097,0.0012784444285415,0.0012784444285415,0.189353761496703,0.750725390411481,0.0253690480331765,0.0676810890783262,0.00234740065869635,1,0.0158489319246111,0.00125090053590294
136,"MF","Lisier","2021-02-13","bsth",0,0,0,0,0,0,0,41,1,0.0162401990368564,0.335301805956324,0.139260289397689,0.00122139726659234,0.00122139726659234,0.191029203563359,0.750725390411481,0.0251757828816323,0.0676810890783262,0.00234740065869635,1,0.0158489319246111,0.00119594740507034
136,"MF","Lisier","2021-02-13","bsth",0,0,0,0,0,0,0,42,1,0.014808535314305,0.330296038302464,0.140423205661018,0.00116291626332871,0.00116291626332871,0.192624424775059,0.750725390411481,0.0246047765816328,0.0676810890783262,0.00234740065869635,1,0.0158489319246111,0.0011396978407857
136,"MF","Lisier","2021-02-13","bsth",0,0,0,0,0,0,0,43,1,0.0134979611192082,0.325288645905953,0.141546016946958,0.00112281128594049,0.00112281128594049,0.194164632300354,0.750725390411481,0.024983990052532,0.0676810890783262,0.00234740065869635,1,0.0158489319246111,0.00110081570799784
136,"MF","Lisier","2021-02-13","bsth",0,0,0,0,0,0,0,44,1,0.0122986378054396,0.320287443844886,0.1426307095765,0.00108469262954225,0.00108469262954225,0.195652550859397,0.750725390411481,0.0253690480331765,0.0676810890783262,0.00234740065869635,1,0.0158489319246111,0.00106384768988249
136,"MF","Lisier","2021-02-13","bsth",0,0,0,0,0,0,0,45,1,0.0111762018208907,0.315298594450042,0.143705334609064,0.00107462503256389,0.00107462503256389,0.197126659271693,0.750725390411481,0.0280207394312377,0.0676810890783262,0.00234740065869635,1,0.0158489319246111,0.00105329756735217
136,"MF","Lisier","2021-02-13","bsth",0,0,0,0,0,0,0,46,1,0.0101518199086956,0.31032777032287,0.144742813725725,0.00103747911666097,0.00103747911666097,0.198549813066839,0.750725390411481,0.0284526003677363,0.0676810890783262,0.00234740065869635,1,0.0158489319246111,0.00101730928733502
136,"MF","Lisier","2021-02-13","bsth",0,0,0,0,0,0,0,47,1,0.00920901937874687,0.305380655571514,0.145753603175118,0.00101078944939278,0.00101078944939278,0.199936355521424,0.750725390411481,0.0297885306222564,0.0676810890783262,0.00234740065869635,1,0.0158489319246111,0.00099117390780645
136,"MF","Lisier","2021-02-13","bsth",0,0,0,0,0,0,0,48,1,0.00834210093564988,0.300462100322704,0.146738137296998,0.000984534121879849,0.000984534121879849,0.201286882437583,0.750725390411481,0.0311871865897825,0.0676810890783262,0.00234740065869635,1,0.0158489319246111,0.000965471590641717
136,"MF","Lisier","2021-02-13","bsth",0,0,0,0,0,0,0,49,1,0.0075531610435907,0.295576755859136,0.147689178923222,0.000951041626223947,0.000951041626223947,0.202591466286998,0.750725390411481,0.0316678494088516,0.0676810890783262,0.00234740065869635,1,0.0158489319246111,0.000933029437888302
136,"MF","Lisier","2021-02-13","bsth",0,0,0,0,0,0,0,50,1,0.00682518424227388,0.290728665698761,0.148619139980406,0.000929961057184375,0.000929961057184375,0.203867133032107,0.750725390411481,0.0336657319187281,0.0676810890783262,0.00234740065869635,1,0.0158489319246111,0.000912231484359504
136,"MF","Lisier","2021-02-13","bsth",0,0,0,0,0,0,0,51,1,0.00616255355518295,0.285921402639052,0.149519446199676,0.000900306219269897,0.000900306219269897,0.20510212098721,0.750725390411481,0.0344470170060325,0.0676810890783262,0.00234740065869635,1,0.0158489319246111,0.00088345367600627
136,"MF","Lisier","2021-02-13","bsth",0,0,0,0,0,0,0,52,1,0.00555217591257871,0.281158161089744,0.150399322614455,0.000879876414779102,0.000879876414779102,0.206309084519143,0.750725390411481,0.0366202335041043,0.0676810890783262,0.00234740065869635,1,0.0158489319246111,0.000863312830914416
136,"MF","Lisier","2021-02-13","bsth",0,0,0,0,0,0,0,53,1,0.00499943140364503,0.276441842228484,0.151249767684426,0.000850445069970285,0.000850445069970285,0.207475675835975,0.750725390411481,0.0371846314699284,0.0676810890783262,0.00234740065869635,1,0.0158489319246111,0.000834821776842105
136,"MF","Lisier","2021-02-13","bsth",0,0,0,0,0,0,0,54,1,0.00450676091807245,0.271775553893872,0.152064464521998,0.000814696837572126,0.000814696837572126,0.208593229796979,0.750725390411481,0.0360644021167625,0.0676810890783262,0.00234740065869635,1,0.0158489319246111,0.000800499752221517
136,"MF","Lisier","2021-02-13","bsth",0,0,0,0,0,0,0,55,1,0.00405693402600373,0.267161826507403,0.15285729855261,0.000792834030611839,0.000792834030611839,0.209680793624979,0.750725390411481,0.0374700840999396,0.0676810890783262,0.00234740065869635,1,0.0158489319246111,0.000779149506664265
136,"MF","Lisier","2021-02-13","bsth",0,0,0,0,0,0,0,56,1,0.00341323631453675,0.259755926185623,0.153615322497297,0.000758023944687408,0.000758023944687408,0.210720606992177,0.750725390411481,0.0374700840999396,0.13529653115955,0.00234740065869635,1,0.0276775119528284,0.000737645483987073
136,"MF","Lisier","2021-02-13","bsth",0,0,0,0,0,0,0,57,1,0.00307078195569412,0.255289266020651,0.154343055666806,0.000727733169509109,0.000727733169509109,0.211718869227443,0.750725390411481,0.0380475801239039,0.0676810890783262,0.00234740065869635,1,0.0158489319246111,0.000716102013717296
136,"MF","Lisier","2021-02-13","bsth",0,0,0,0,0,0,0,58,1,0.00276187968024836,0.25088132748511,0.155048843166148,0.000705787499341914,0.000705787499341914,0.212687027662754,0.750725390411481,0.0383396572908032,0.0676810890783262,0.00234740065869635,1,0.0158489319246111,0.000694808513812318
136,"MF","Lisier","2021-02-13","bsth",0,0,0,0,0,0,0,59,1,0.00248477676444035,0.246533243046758,0.155732365418096,0.00068352225194801,0.00068352225194801,0.213624643920571,0.750725390411481,0.0380475801239039,0.0676810890783262,0.00234740065869635,1,0.0158489319246111,0.000673252040153566
136,"MF","Lisier","2021-02-13","bsth",0,0,0,0,0,0,0,60,1,0.00223350293942308,0.242245860094391,0.156397789410267,0.000665423992171482,0.000665423992171482,0.214537434033289,0.750725390411481,0.038930555341273,0.0676810890783262,0.00234740065869635,1,0.0158489319246111,0.000655599601340145
136,"MF","Lisier","2021-02-13","bsth",0,0,0,0,0,0,0,61,1,0.00200823476967975,0.238019824188342,0.157043325848566,0.000645536438298705,0.000645536438298705,0.215422943550845,0.750725390411481,0.0386339766258284,0.0676810890783262,0.00234740065869635,1,0.0158489319246111,0.000636313987233488
136,"MF","Lisier","2021-02-13","bsth",0,0,0,0,0,0,0,62,1,0.00180674601030872,0.23385569734509,0.157669662010093,0.000626336161526853,0.000626336161526853,0.216282115240182,0.750725390411481,0.0380475801239039,0.0676810890783262,0.00234740065869635,1,0.0158489319246111,0.000617695331578525
136,"MF","Lisier","2021-02-13","bsth",0,0,0,0,0,0,0,63,1,0.00162824882811653,0.229753932094398,0.158276148338359,0.000606486328266154,0.000606486328266154,0.21711405807731,0.750725390411481,0.0363412551613418,0.0676810890783262,0.00234740065869635,1,0.0158489319246111,0.000598497137665205
136,"MF","Lisier","2021-02-13","bsth",0,0,0,0,0,0,0,64,1,0.00146859623499706,0.225714802883858,0.158865666457252,0.000589518118892934,0.000589518118892934,0.217922724907067,0.750725390411481,0.0355170072821565,0.0676810890783262,0.00234740065869635,1,0.0158489319246111,0.000582003220140024
136,"MF","Lisier","2021-02-13","bsth",0,0,0,0,0,0,0,65,1,0.00132459785273876,0.221738334188796,0.159440389075704,0.000574722618451845,0.000574722618451845,0.218711096125794,0.750725390411481,0.0355170072821565,0.0676810890783262,0.00234740065869635,1,0.0158489319246111,0.000567554463314663
136,"MF","Lisier","2021-02-13","bsth",0,0,0,0,0,0,0,66,1,0.00119471875909013,0.217824393527334,0.160000991411456,0.000560602335752114,0.000560602335752114,0.219480097958102,0.750725390411481,0.0355170072821565,0.0676810890783262,0.00234740065869635,1,0.0158489319246111,0.00055375395971293
136,"MF","Lisier","2021-02-13","bsth",0,0,0,0,0,0,0,67,1,0.00107608382943803,0.2139727010912,0.160549639362006,0.000548647950549486,0.000548647950549486,0.220232701456798,0.750725390411481,0.036901353460176,0.0676810890783262,0.00234740065869635,1,0.0158489319246111,0.000541988609227392
136,"MF","Lisier","2021-02-13","bsth",0,0,0,0,0,0,0,68,1,0.000971095325582499,0.210182972908488,0.161083230541284,0.000533591179278203,0.000533591179278203,0.220964650948263,0.750725390411481,0.0349779209481042,0.0676810890783262,0.00234740065869635,1,0.0158489319246111,0.000527350544583441
136,"MF","Lisier","2021-02-13","bsth",0,0,0,0,0,0,0,69,1,0.000877274002991184,0.206454921369099,0.16160355180123,0.000520321259946555,0.000520321259946555,0.221678397532552,0.750725390411481,0.0339241712614771,0.0676810890783262,0.00234740065869635,1,0.0158489319246111,0.000514393211933641
136,"MF","Lisier","2021-02-13","bsth",0,0,0,0,0,0,0,70,1,0.000790161166736951,0.202788028733747,0.162114605784032,0.000511053982801407,0.000511053982801407,0.222379431802513,0.750725390411481,0.036901353460176,0.0676810890783262,0.00234740065869635,1,0.0158489319246111,0.000505182768729598
136,"MF","Lisier","2021-02-13","bsth",0,0,0,0,0,0,0,71,1,0.000712097321052223,0.19918172402822,0.162613658403812,0.00049905261978056,0.00049905261978056,0.22306400329741,0.750725390411481,0.0363412551613418,0.0676810890783262,0.00234740065869635,1,0.0158489319246111,0.000493437820628185
136,"MF","Lisier","2021-02-13","bsth",0,0,0,0,0,0,0,72,1,0.000641386440398754,0.195635463123935,0.163101993734178,0.000488335330365852,0.000488335330365852,0.223733873435087,0.750725390411481,0.036901353460176,0.0676810890783262,0.00234740065869635,1,0.0158489319246111,0.000482902842743209
136,"MF","Lisier","2021-02-13","bsth",0,0,0,0,0,0,0,73,1,0.000576180221842733,0.192148592517178,0.163581166980893,0.000479173246715092,0.000479173246715092,0.224391175556781,0.750725390411481,0.0395305604242705,0.0676810890783262,0.00234740065869635,1,0.0158489319246111,0.000473826459717226
136,"MF","Lisier","2021-02-13","bsth",0,0,0,0,0,0,0,74,1,0.000516147362251933,0.188720399239368,0.164051286780307,0.000470119799414082,0.000470119799414082,0.225036058683549,0.750725390411481,0.042347097353579,0.0676810890783262,0.00234740065869635,1,0.0158489319246111,0.000464859732082007
136,"MF","Lisier","2021-02-13","bsth",0,0,0,0,0,0,0,75,1,0.000461761600721626,0.185350189058345,0.164511649212893,0.000460362432585487,0.000460362432585487,0.225667557219332,0.750725390411481,0.043662479245209,0.0676810890783262,0.00234740065869635,1,0.0158489319246111,0.000455252812192796
136,"MF","Lisier","2021-02-13","bsth",0,0,0,0,0,0,0,76,1,0.000413380259377586,0.182037308042537,0.164961637147611,0.00044998793471776,0.00044998793471776,0.226284824619493,0.750725390411481,0.042999758828341,0.0676810890783262,0.00234740065869635,1,0.0158489319246111,0.000445089748263996
136,"MF","Lisier","2021-02-13","bsth",0,0,0,0,0,0,0,77,1,0.000370068101323344,0.178781092918229,0.165401945677498,0.000440308529887329,0.000440308529887329,0.226888814372425,0.750725390411481,0.042999758828341,0.0676810890783262,0.00234740065869635,1,0.0158489319246111,0.000435583694385671
136,"MF","Lisier","2021-02-13","bsth",0,0,0,0,0,0,0,78,1,0.000310520742372313,0.173538211405136,0.165829058171148,0.000427112493649712,0.000427112493649712,0.227474702566732,0.750725390411481,0.0401398128991038,0.13529653115955,0.00234740065869635,1,0.0276775119528284,0.000419827956261519
136,"MF","Lisier","2021-02-13","bsth",0,0,0,0,0,0,0,79,1,0.000279035831646017,0.170428757225601,0.166244314640738,0.000415256469590841,0.000415256469590841,0.228044327353551,0.750725390411481,0.0392294107815628,0.0676810890783262,0.00234740065869635,1,0.0158489319246111,0.000411010988234594
136,"MF","Lisier","2021-02-13","bsth",0,0,0,0,0,0,0,80,1,0.000234829340522825,0.165421851972937,0.166648004701817,0.000403690061078821,0.000403690061078821,0.228598086010723,0.750725390411481,0.0371846314699284,0.13529653115955,0.00234740065869635,1,0.0276775119528284,0.000397043406769712
136,"MF","Lisier","2021-02-13","bsth",0,0,0,0,0,0,0,81,1,0.000211570381716361,0.162453955586241,0.167040988617983,0.000392983916165324,0.000392983916165324,0.229137158598056,0.750725390411481,0.0366202335041043,0.0676810890783262,0.00234740065869635,1,0.0158489319246111,0.000389092279131975
136,"MF","Lisier","2021-02-13","bsth",0,0,0,0,0,0,0,82,1,0.000190825542546193,0.159538101853775,0.167426040311791,0.000385051693807981,0.000385051693807981,0.229665350221935,0.750725390411481,0.0355170072821565,0.0676810890783262,0.00234740065869635,1,0.0158489319246111,0.000381277397562952
136,"MF","Lisier","2021-02-13","bsth",0,0,0,0,0,0,0,83,1,0.000172114770473248,0.156673504406172,0.167803607592227,0.000377567280436447,0.000377567280436447,0.230183275160805,0.750725390411481,0.0355170072821565,0.0676810890783262,0.00234740065869635,1,0.0158489319246111,0.000373888488999579
136,"MF","Lisier","2021-02-13","bsth",0,0,0,0,0,0,0,84,1,0.000155280630913603,0.1538593700635,0.168173835006955,0.000370227414728308,0.000370227414728308,0.230691131696784,0.750725390411481,0.0352464334795524,0.0676810890783262,0.00234740065869635,1,0.0158489319246111,0.000366642675061826
136,"MF","Lisier","2021-02-13","bsth",0,0,0,0,0,0,0,85,1,0.000140092998820659,0.151094906848966,0.168536951145963,0.000363116139007913,0.000363116139007913,0.231189233396383,0.750725390411481,0.0352464334795524,0.0676810890783262,0.00234740065869635,1,0.0158489319246111,0.00035961806242681
140,"MF","Lisier","2022-02-01","bsth",0,0,0,0,0,0,0,1,1,18.9478247818105,11.4342485552903,0.50461306270497,0.50461306270497,0.50461306270497,0.0162469191765662,0.668816113134986,0.024272269777709,0.0676810890783262,0.00210610157299122,1,0.0158489319246111,0.483988403673134
140,"MF","Lisier","2022-02-01","bsth",0,0,0,0,0,0,0,2,1,17.2668714183388,12.4443253378275,0.986090511909535,0.481477449204565,0.481477449204565,0.0317489459386823,0.668816113134986,0.025218329890029,0.0676810890783262,0.00210610157299122,1,0.0158489319246111,0.461650672765194
140,"MF","Lisier","2022-02-01","bsth",0,0,0,0,0,0,0,3,1,15.7067962938891,13.3277878356756,1.45831252590231,0.472222013992775,0.472222013992775,0.0469529774269072,0.668816113134986,0.0270151260059562,0.0676810890783262,0.00210610157299122,1,0.0158489319246111,0.452390755954508
140,"MF","Lisier","2022-02-01","bsth",0,0,0,0,0,0,0,4,1,14.278720398753,14.0953891428862,1.90132724726311,0.443014721360796,0.443014721360796,0.0612166279424034,0.668816113134986,0.0276420696034118,0.0676810890783262,0.00210610157299122,1,0.0158489319246111,0.424379704355743
140,"MF","Lisier","2022-02-01","bsth",0,0,0,0,0,0,0,5,1,12.9832201711042,14.7580717985177,2.30536505274475,0.404037805481645,0.404037805481645,0.0742253470087495,0.668816113134986,0.0274314882381231,0.0676810890783262,0.00210610157299122,1,0.0158489319246111,0.387231049645784
140,"MF","Lisier","2022-02-01","bsth",0,0,0,0,0,0,0,6,1,11.8077272336309,15.3261658256166,2.67424391704295,0.368878864298197,0.368878864298197,0.0861020611430809,0.668816113134986,0.0272225111127501,0.0676810890783262,0.00210610157299122,1,0.0158489319246111,0.353714447787095
140,"MF","Lisier","2022-02-01","bsth",0,0,0,0,0,0,0,7,1,10.7272744859991,15.808543125403,3.02548542159564,0.351241504552688,0.351241504552688,0.0974109089666646,0.668816113134986,0.0282835627637421,0.0676810890783262,0.00210610157299122,1,0.0158489319246111,0.336699938751757
140,"MF","Lisier","2022-02-01","bsth",0,0,0,0,0,0,0,8,1,9.74357156945363,16.2131682329265,3.3507107576018,0.325225336006165,0.325225336006165,0.107882119759226,0.668816113134986,0.0285006851892669,0.0676810890783262,0.00210610157299122,1,0.0158489319246111,0.311845045038626
140,"MF","Lisier","2022-02-01","bsth",0,0,0,0,0,0,0,9,1,8.84813920762846,16.5476248558594,3.6519867484577,0.301275990855901,0.301275990855901,0.117582238592926,0.668816113134986,0.0287194743831567,0.0676810890783262,0.00210610157299122,1,0.0158489319246111,0.288964886050284
140,"MF","Lisier","2022-02-01","bsth",0,0,0,0,0,0,0,10,1,8.0314411649672,16.8187558179677,3.9330636612645,0.281076912806797,0.281076912806797,0.126632012017917,0.668816113134986,0.0291621043549065,0.0676810890783262,0.00210610157299122,1,0.0158489319246111,0.269635733457042
140,"MF","Lisier","2022-02-01","bsth",0,0,0,0,0,0,0,11,1,7.29174548023534,17.0329131904715,4.19027438775359,0.257210726489094,0.257210726489094,0.134913370931247,0.668816113134986,0.0289399431405744,0.0676810890783262,0.00210610157299122,1,0.0158489319246111,0.246895744856626
140,"MF","Lisier","2022-02-01","bsth",0,0,0,0,0,0,0,12,1,6.62017576377896,17.1959715031985,4.42747627322739,0.237201885473796,0.237201885473796,0.142550509457078,0.668816113134986,0.0289399431405744,0.0676810890783262,0.00210610157299122,1,0.0158489319246111,0.22780397281637
140,"MF","Lisier","2022-02-01","bsth",0,0,0,0,0,0,0,13,1,6.00777738043362,17.3131021606939,4.64922051035987,0.221744237132479,0.221744237132479,0.149689961375443,0.668816113134986,0.0293859710185172,0.0676810890783262,0.00210610157299122,1,0.0158489319246111,0.213007523681121
140,"MF","Lisier","2022-02-01","bsth",0,0,0,0,0,0,0,14,1,5.45566378936126,17.3891332668851,4.85025516500693,0.201034654647061,0.201034654647061,0.156162631282621,0.668816113134986,0.0287194743831567,0.0676810890783262,0.00210610157299122,1,0.0158489319246111,0.193307077368017
140,"MF","Lisier","2022-02-01","bsth",0,0,0,0,0,0,0,15,1,4.95428933160626,17.4285113805981,5.03629452624853,0.186039361241595,0.186039361241595,0.16215250092561,0.668816113134986,0.0287194743831567,0.0676810890783262,0.00210610157299122,1,0.0158489319246111,0.178990800779386
140,"MF","Lisier","2022-02-01","bsth",0,0,0,0,0,0,0,16,1,4.49799931288741,17.4350983422851,5.20968115875131,0.173386632502789,0.173386632502789,0.167734993359455,0.668816113134986,0.0289399431405744,0.0676810890783262,0.00210610157299122,1,0.0158489319246111,0.166891932405248
140,"MF","Lisier","2022-02-01","bsth",0,0,0,0,0,0,0,17,1,4.08463403717542,17.4124291081597,5.36953121751866,0.159850058767347,0.159850058767347,0.17288165161527,0.668816113134986,0.0287194743831567,0.0676810890783262,0.00210610157299122,1,0.0158489319246111,0.153980886929523
140,"MF","Lisier","2022-02-01","bsth",0,0,0,0,0,0,0,18,1,3.71006858528596,17.3637624694802,5.51714823982508,0.147617022306423,0.147617022306423,0.177634445404716,0.668816113134986,0.0285006851892669,0.0676810890783262,0.00210610157299122,1,0.0158489319246111,0.142309344229842
140,"MF","Lisier","2022-02-01","bsth",0,0,0,0,0,0,0,19,1,3.3713092808827,17.2920616248609,5.65295091488183,0.135802675056747,0.135802675056747,0.182006855175048,0.668816113134986,0.028068094408895,0.0676810890783262,0.00210610157299122,1,0.0158489319246111,0.13104506536578
140,"MF","Lisier","2022-02-01","bsth",0,0,0,0,0,0,0,20,1,3.06543229618878,17.2000384996846,5.77749439645417,0.124543481572336,0.124543481572336,0.186016755093666,0.668816113134986,0.0274314882381231,0.0676810890783262,0.00210610157299122,1,0.0158489319246111,0.12031439811736
140,"MF","Lisier","2022-02-01","bsth",0,0,0,0,0,0,0,21,1,2.78730735735313,17.0900838668797,5.89382081117188,0.11632641471771,0.11632641471771,0.189762091862966,0.668816113134986,0.0274314882381231,0.0676810890783262,0.00210610157299122,1,0.0158489319246111,0.112453441503853
140,"MF","Lisier","2022-02-01","bsth",0,0,0,0,0,0,0,22,1,2.53441653694785,16.9642923020992,6.00262083295521,0.108800021783336,0.108800021783336,0.193265102963882,0.668816113134986,0.0274314882381231,0.0676810890783262,0.00210610157299122,1,0.0158489319246111,0.105251340125924
140,"MF","Lisier","2022-02-01","bsth",0,0,0,0,0,0,0,23,1,2.30300378449104,16.8245090828632,6.10604123098175,0.103420398026537,0.103420398026537,0.196594907465847,0.668816113134986,0.028068094408895,0.0676810890783262,0.00210610157299122,1,0.0158489319246111,0.10007505269136
140,"MF","Lisier","2022-02-01","bsth",0,0,0,0,0,0,0,24,1,2.09272089021616,16.672412874144,6.20295992932316,0.0969186983414101,0.0969186983414101,0.199715378129468,0.668816113134986,0.028068094408895,0.0676810890783262,0.00210610157299122,1,0.0158489319246111,0.0938524824978475
140,"MF","Lisier","2022-02-01","bsth",0,0,0,0,0,0,0,25,1,1.89955925308884,16.5095019421327,6.29607014387228,0.0931102145491156,0.0931102145491156,0.202713227852548,0.668816113134986,0.0291621043549065,0.0676810890783262,0.00210610157299122,1,0.0158489319246111,0.0901658331765324
140,"MF","Lisier","2022-02-01","bsth",0,0,0,0,0,0,0,26,1,1.72384080433934,16.3371292461322,6.38385766105745,0.0877875171851725,0.0877875171851725,0.205539703823608,0.668816113134986,0.0293859710185172,0.0676810890783262,0.00210610157299122,1,0.0158489319246111,0.0850643895202932
140,"MF","Lisier","2022-02-01","bsth",0,0,0,0,0,0,0,27,1,1.56472741589381,16.1566049870787,6.46598987822659,0.0821322171691463,0.0821322171691463,0.208184097305985,0.668816113134986,0.0291621043549065,0.0676810890783262,0.00210610157299122,1,0.0158489319246111,0.0796581953667626
140,"MF","Lisier","2022-02-01","bsth",0,0,0,0,0,0,0,28,1,1.42154880053911,15.9691656122106,6.54201994148522,0.0760300632586226,0.0760300632586226,0.210632021040124,0.668816113134986,0.0282835627637421,0.0676810890783262,0.00210610157299122,1,0.0158489319246111,0.0738391495370041
140,"MF","Lisier","2022-02-01","bsth",0,0,0,0,0,0,0,29,1,1.29174988394878,15.7759150880569,6.61349955298728,0.0714796115020633,0.0714796115020633,0.212933434849392,0.668816113134986,0.028068094408895,0.0676810890783262,0.00210610157299122,1,0.0158489319246111,0.0694826372776862
140,"MF","Lisier","2022-02-01","bsth",0,0,0,0,0,0,0,30,1,1.17479562718102,15.5778363899972,6.68006501610052,0.0665654631132435,0.0665654631132435,0.215076628870876,0.668816113134986,0.0272225111127501,0.0676810890783262,0.00210610157299122,1,0.0158489319246111,0.0647893927409185
140,"MF","Lisier","2022-02-01","bsth",0,0,0,0,0,0,0,31,1,1.06909022057067,15.3758222407125,6.74248870107984,0.0624236849793114,0.0624236849793114,0.21708647094497,0.668816113134986,0.0266050834275706,0.0676810890783262,0.00210610157299122,1,0.0158489319246111,0.0608262779170807
140,"MF","Lisier","2022-02-01","bsth",0,0,0,0,0,0,0,32,1,0.972697261743226,15.1706305387711,6.80200528748185,0.0595165864020153,0.0595165864020153,0.21900271378608,0.668816113134986,0.0268093207895089,0.0676810890783262,0.00210610157299122,1,0.0158489319246111,0.0580282417621254
140,"MF","Lisier","2022-02-01","bsth",0,0,0,0,0,0,0,33,1,0.885710498606826,14.9629461963127,6.8578810406198,0.0558757531379532,0.0558757531379532,0.220801733494955,0.668816113134986,0.0260016594816071,0.0676810890783262,0.00210610157299122,1,0.0158489319246111,0.0545434273046963
140,"MF","Lisier","2022-02-01","bsth",0,0,0,0,0,0,0,34,1,0.807134827845684,14.7534104234451,6.91050417400775,0.0526231333879492,0.0526231333879492,0.222496029299326,0.668816113134986,0.025218329890029,0.0676810890783262,0.00210610157299122,1,0.0158489319246111,0.0514267732541471
140,"MF","Lisier","2022-02-01","bsth",0,0,0,0,0,0,0,35,1,0.735387606870945,14.5425658393304,6.960939600011,0.0504354260032418,0.0504354260032418,0.224119887955536,0.668816113134986,0.0254119216591829,0.0676810890783262,0.00210610157299122,1,0.0158489319246111,0.0493157330444805
140,"MF","Lisier","2022-02-01","bsth",0,0,0,0,0,0,0,36,1,0.67014780834738,14.3308829561403,7.009054808638,0.0481152086270002,0.0481152086270002,0.225669043067645,0.668816113134986,0.025218329890029,0.0676810890783262,0.00210610157299122,1,0.0158489319246111,0.0470823036422643
140,"MF","Lisier","2022-02-01","bsth",0,0,0,0,0,0,0,37,1,0.610813084803835,14.1187926013118,7.05503112794079,0.0459763193027936,0.0459763193027936,0.227149332816278,0.668816113134986,0.0250262129315403,0.0676810890783262,0.00210610157299122,1,0.0158489319246111,0.0450219496280314
140,"MF","Lisier","2022-02-01","bsth",0,0,0,0,0,0,0,38,1,0.556837996143073,13.9066794778861,7.0990326465296,0.0440015185888143,0.0440015185888143,0.228566040327429,0.668816113134986,0.0248355595483914,0.0676810890783262,0.00210610157299122,1,0.0158489319246111,0.0431182627354788
140,"MF","Lisier","2022-02-01","bsth",0,0,0,0,0,0,0,39,1,0.507728522000564,13.6948866147628,7.14120794611994,0.0421752995903333,0.0421752995903333,0.229923949454906,0.668816113134986,0.0246463585908494,0.0676810890783262,0.00210610157299122,1,0.0158489319246111,0.0413564814613162
140,"MF","Lisier","2022-02-01","bsth",0,0,0,0,0,0,0,40,1,0.463209043531149,13.4837253525391,7.18151372994756,0.0403057838276215,0.0403057838276215,0.231221666182026,0.668816113134986,0.0240873600447629,0.0676810890783262,0.00210610157299122,1,0.0158489319246111,0.0395555781822892
140,"MF","Lisier","2022-02-01","bsth",0,0,0,0,0,0,0,41,1,0.422747724505989,13.2734741017198,7.22019115315156,0.0386774232040015,0.0386774232040015,0.232466954929378,0.668816113134986,0.0237217558563139,0.0676810890783262,0.00210610157299122,1,0.0158489319246111,0.0379836029942335
140,"MF","Lisier","2022-02-01","bsth",0,0,0,0,0,0,0,42,1,0.385959644157051,13.0643757165242,7.25736589492182,0.0371747417702561,0.0371747417702561,0.233663862163039,0.668816113134986,0.0233617009029145,0.0676810890783262,0.00210610157299122,1,0.0158489319246111,0.0365315760141122
140,"MF","Lisier","2022-02-01","bsth",0,0,0,0,0,0,0,43,1,0.352497882502131,12.8566442105054,7.29315085797569,0.0357849630538727,0.0357849630538727,0.234816022987723,0.668816113134986,0.0230071109568379,0.0676810890783262,0.00210610157299122,1,0.0158489319246111,0.0351873564899108
140,"MF","Lisier","2022-02-01","bsth",0,0,0,0,0,0,0,44,1,0.322160391095425,12.6504715256388,7.32753294155883,0.0343820835831377,0.0343820835831377,0.235923015601237,0.668816113134986,0.0223139955484941,0.0676810890783262,0.00210610157299122,1,0.0158489319246111,0.033831863512033
140,"MF","Lisier","2022-02-01","bsth",0,0,0,0,0,0,0,45,1,0.294533613322604,12.4460252930978,7.36073199614201,0.0331990545831795,0.0331990545831795,0.236991918482308,0.668816113134986,0.0219753079456019,0.0676810890783262,0.00210610157299122,1,0.0158489319246111,0.0326850603003768
140,"MF","Lisier","2022-02-01","bsth",0,0,0,0,0,0,0,46,1,0.269321046023439,12.2434464613776,7.3928750671826,0.0321430710405988,0.0321430710405988,0.238026822086436,0.668816113134986,0.021807896806848,0.0676810890783262,0.00210610157299122,1,0.0158489319246111,0.0316592674307327
140,"MF","Lisier","2022-02-01","bsth",0,0,0,0,0,0,0,47,1,0.246266716429791,12.0428549741814,7.42406761122701,0.0311925440444014,0.0311925440444014,0.239031121775556,0.668816113134986,0.021807896806848,0.0676810890783262,0.00210610157299122,1,0.0158489319246111,0.0307340349432908
140,"MF","Lisier","2022-02-01","bsth",0,0,0,0,0,0,0,48,1,0.225148180335039,11.8443526216473,7.45439795612945,0.0303303449024481,0.0303303449024481,0.240007661422758,0.668816113134986,0.0219753079456019,0.0676810890783262,0.00210610157299122,1,0.0158489319246111,0.0298931102837685
140,"MF","Lisier","2022-02-01","bsth",0,0,0,0,0,0,0,49,1,0.205840658628472,11.6480278370601,7.48386862312594,0.0294706669964819,0.0294706669964819,0.240956522203739,0.668816113134986,0.0219753079456019,0.0676810890783262,0.00210610157299122,1,0.0158489319246111,0.0290553416109641
140,"MF","Lisier","2022-02-01","bsth",0,0,0,0,0,0,0,50,1,0.18809289944822,11.4539547203187,7.51262164064123,0.0287530175152906,0.0287530175152906,0.241882276977405,0.668816113134986,0.0224852918196573,0.0676810890783262,0.00210610157299122,1,0.0158489319246111,0.028352515786732
140,"MF","Lisier","2022-02-01","bsth",0,0,0,0,0,0,0,51,1,0.171694006019814,11.2621905854569,7.5407744304966,0.0281527898553762,0.0281527898553762,0.242788706349097,0.668816113134986,0.0235410400196586,0.0676810890783262,0.00210610157299122,1,0.0158489319246111,0.0277611727742055
140,"MF","Lisier","2022-02-01","bsth",0,0,0,0,0,0,0,52,1,0.156581112995106,11.0727827030422,7.56830561124123,0.0275311807446252,0.0275311807446252,0.243675121904801,0.668816113134986,0.0244585989941217,0.0676810890783262,0.00210610157299122,1,0.0158489319246111,0.0271501597210677
140,"MF","Lisier","2022-02-01","bsth",0,0,0,0,0,0,0,53,1,0.142798490845142,10.8857770012835,7.59508727901703,0.0267816677758015,0.0267816677758015,0.244537405551274,0.668816113134986,0.0244585989941217,0.0676810890783262,0.00210610157299122,1,0.0158489319246111,0.026419203090182
140,"MF","Lisier","2022-02-01","bsth",0,0,0,0,0,0,0,54,1,0.130204596674266,10.7012151171172,7.62118092419827,0.0260936451812412,0.0260936451812412,0.245377537080984,0.668816113134986,0.0246463585908494,0.0676810890783262,0.00210610157299122,1,0.0158489319246111,0.0257469151708888
140,"MF","Lisier","2022-02-01","bsth",0,0,0,0,0,0,0,55,1,0.118721401709302,10.5191306491116,7.64659197106905,0.0254110468707776,0.0254110468707776,0.246195691138448,0.668816113134986,0.0246463585908494,0.0676810890783262,0.00210610157299122,1,0.0158489319246111,0.0250804078455298
140,"MF","Lisier","2022-02-01","bsth",0,0,0,0,0,0,0,56,1,0.108331355669895,10.3395534582927,7.67126860557203,0.0246766345029803,0.0246766345029803,0.246990199477511,0.668816113134986,0.0239038589814489,0.0676810890783262,0.00210610157299122,1,0.0158489319246111,0.0243656872517394
140,"MF","Lisier","2022-02-01","bsth",0,0,0,0,0,0,0,57,1,0.098886478368323,10.1625071712923,7.69529524258489,0.024026637012863,0.024026637012863,0.247763779985991,0.668816113134986,0.0235410400196586,0.0676810890783262,0.00210610157299122,1,0.0158489319246111,0.0237311628836651
140,"MF","Lisier","2022-02-01","bsth",0,0,0,0,0,0,0,58,1,0.0902812429033929,9.98800653430684,7.71872242405407,0.0234271814691756,0.0234271814691756,0.248518059952158,0.668816113134986,0.0233617009029145,0.0676810890783262,0.00210610157299122,1,0.0158489319246111,0.0231448796668026
140,"MF","Lisier","2022-02-01","bsth",0,0,0,0,0,0,0,59,1,0.0824540789040552,9.81606047229229,7.74156237312046,0.0228399490663929,0.0228399490663929,0.249253432921873,0.668816113134986,0.0230071109568379,0.0676810890783262,0.00210610157299122,1,0.0158489319246111,0.0225706505434612
140,"MF","Lisier","2022-02-01","bsth",0,0,0,0,0,0,0,60,1,0.075292211907186,9.64667184298621,7.76388448643318,0.0223221133127227,0.0223221133127227,0.249972133244251,0.668816113134986,0.0231837280180262,0.0676810890783262,0.00210610157299122,1,0.0158489319246111,0.0220624249053751
140,"MF","Lisier","2022-02-01","bsth",0,0,0,0,0,0,0,61,1,0.0687645604092879,9.47983871640657,7.78568125546207,0.0217967690288825,0.0217967690288825,0.250673919168745,0.668816113134986,0.0230071109568379,0.0676810890783262,0.00210610157299122,1,0.0158489319246111,0.0215475771035616
140,"MF","Lisier","2022-02-01","bsth",0,0,0,0,0,0,0,62,1,0.0627805750987757,9.31555504842806,7.8070088116033,0.0213275561412347,0.0213275561412347,0.251360597945951,0.668816113134986,0.0233617009029145,0.0676810890783262,0.00210610157299122,1,0.0158489319246111,0.0210861661587512
140,"MF","Lisier","2022-02-01","bsth",0,0,0,0,0,0,0,63,1,0.0573477025974958,9.15381222279168,7.82782798744577,0.0208191758424716,0.0208191758424716,0.252030908511084,0.668816113134986,0.0228318393904846,0.0676810890783262,0.00210610157299122,1,0.0158489319246111,0.0205882118564071
140,"MF","Lisier","2022-02-01","bsth",0,0,0,0,0,0,0,64,1,0.0524031342016178,8.99459984002972,7.84817179856753,0.0203438111217578,0.0203438111217578,0.252685913859671,0.668816113134986,0.0224852918196573,0.0676810890783262,0.00210610157299122,1,0.0158489319246111,0.0201218406363012
140,"MF","Lisier","2022-02-01","bsth",0,0,0,0,0,0,0,65,1,0.047851457894521,8.83790233951734,7.8681112279459,0.0199394293783746,0.0199394293783746,0.253327899415496,0.668816113134986,0.0231837280180262,0.0676810890783262,0.00210610157299122,1,0.0158489319246111,0.0197228952042928
140,"MF","Lisier","2022-02-01","bsth",0,0,0,0,0,0,0,66,1,0.0436951349860372,8.68370142682521,7.8876223961292,0.0195111681832936,0.0195111681832936,0.253956096336946,0.668816113134986,0.0231837280180262,0.0676810890783262,0.00210610157299122,1,0.0158489319246111,0.0193017733596499
140,"MF","Lisier","2022-02-01","bsth",0,0,0,0,0,0,0,67,1,0.0398855713923136,8.53197752789183,7.90673405424786,0.019111658118665,0.019111658118665,0.254571430318035,0.668816113134986,0.0235410400196586,0.0676810890783262,0.00210610157299122,1,0.0158489319246111,0.0189081591245721
140,"MF","Lisier","2022-02-01","bsth",0,0,0,0,0,0,0,68,1,0.0363949377145804,8.3827088752395,7.92545671168048,0.0187226574326189,0.0187226574326189,0.255174239726987,0.668816113134986,0.0239038589814489,0.0676810890783262,0.00210610157299122,1,0.0158489319246111,0.0185248158068373
140,"MF","Lisier","2022-02-01","bsth",0,0,0,0,0,0,0,69,1,0.0332097910349468,8.23587271977675,7.94378782701724,0.0183311153367578,0.0183311153367578,0.25576444273857,0.668816113134986,0.0239038589814489,0.0676810890783262,0.00210610157299122,1,0.0158489319246111,0.01813942665178
140,"MF","Lisier","2022-02-01","bsth",0,0,0,0,0,0,0,70,1,0.0302922342498017,8.09144496665895,7.96175102784749,0.0179632008302466,0.0179632008302466,0.256342800085241,0.668816113134986,0.024272269777709,0.0676810890783262,0.00210610157299122,1,0.0158489319246111,0.017776666253933
140,"MF","Lisier","2022-02-01","bsth",0,0,0,0,0,0,0,71,1,0.0276048633438728,7.94939942289582,7.97937194541603,0.0176209175685438,0.0176209175685438,0.256910137010722,0.668816113134986,0.025218329890029,0.0676810890783262,0.00210610157299122,1,0.0158489319246111,0.0174383911792713
140,"MF","Lisier","2022-02-01","bsth",0,0,0,0,0,0,0,72,1,0.0251159111445693,7.8097080459353,7.99667285402211,0.0173009086060816,0.0173009086060816,0.257467170675878,0.668816113134986,0.0268093207895089,0.0676810890783262,0.00210610157299122,1,0.0158489319246111,0.0171213789189421
140,"MF","Lisier","2022-02-01","bsth",0,0,0,0,0,0,0,73,1,0.0227611410200833,7.67234003026191,8.01371172389199,0.0170388698698778,0.0170388698698778,0.258015767535722,0.668816113134986,0.0307657256713329,0.0676810890783262,0.00210610157299122,1,0.0158489319246111,0.0168589904268485
140,"MF","Lisier","2022-02-01","bsth",0,0,0,0,0,0,0,74,1,0.020612422781586,7.53726553627384,8.03040994561249,0.0166982217205049,0.0166982217205049,0.25855339661974,0.668816113134986,0.0314797099306129,0.0676810890783262,0.00210610157299122,1,0.0158489319246111,0.0165231198921303
140,"MF","Lisier","2022-02-01","bsth",0,0,0,0,0,0,0,75,1,0.018701454402732,7.4044586857581,8.0467255580698,0.0163156124573085,0.0163156124573085,0.259078706914898,0.668816113134986,0.0296115562235085,0.0676810890783262,0.00210610157299122,1,0.0158489319246111,0.0161483212537315
140,"MF","Lisier","2022-02-01","bsth",0,0,0,0,0,0,0,76,1,0.0159461497511635,7.18948240275647,8.06250906441169,0.015783506341883,0.015783506341883,0.259586885102923,0.668816113134986,0.0240873600447629,0.13529653115955,0.00210610157299122,1,0.0276775119528284,0.0155258808478221
140,"MF","Lisier","2022-02-01","bsth",0,0,0,0,0,0,0,77,1,0.0145687440155956,7.0625695763754,8.07786228221761,0.0153532178059255,0.0153532178059255,0.260081209382711,0.668816113134986,0.022657903068788,0.0676810890783262,0.00210610157299122,1,0.0158489319246111,0.0152045860839035
140,"MF","Lisier","2022-02-01","bsth",0,0,0,0,0,0,0,78,1,0.0133216352906733,6.93782720102351,8.09290894523917,0.0150466630215558,0.0150466630215558,0.260565663583476,0.668816113134986,0.021807896806848,0.0676810890783262,0.00210610157299122,1,0.0158489319246111,0.0149022856289343
140,"MF","Lisier","2022-02-01","bsth",0,0,0,0,0,0,0,79,1,0.0121951355646228,6.81522506377301,8.1076547943572,0.0147458491180323,0.0147458491180323,0.261040432543134,0.668816113134986,0.0206711900520818,0.0676810890783262,0.00210610157299122,1,0.0158489319246111,0.0146056441920687
140,"MF","Lisier","2022-02-01","bsth",0,0,0,0,0,0,0,80,1,0.0111889323914321,6.69473316362154,8.12209646095731,0.0144416666001064,0.0144416666001064,0.261505407803126,0.668816113134986,0.0184309485444723,0.0676810890783262,0.00210610157299122,1,0.0158489319246111,0.0143060106838339
140,"MF","Lisier","2022-02-01","bsth",0,0,0,0,0,0,0,81,1,0.0102613595767091,6.57632058048581,8.13627332834834,0.0141768673910327,0.0141768673910327,0.26196185737945,0.668816113134986,0.0188586780017565,0.0676810890783262,0.00210610157299122,1,0.0158489319246111,0.0140439147951731
140,"MF","Lisier","2022-02-01","bsth",0,0,0,0,0,0,0,82,1,0.00941337752126929,6.45995562415936,8.1501834233472,0.0139100949988578,0.0139100949988578,0.262409717741949,0.668816113134986,0.0185724361033816,0.0676810890783262,0.00210610157299122,1,0.0158489319246111,0.0137801520540263
140,"MF","Lisier","2022-02-01","bsth",0,0,0,0,0,0,0,83,1,0.00864614502263297,6.34560723959653,8.16382443643858,0.0136410130913855,0.0136410130913855,0.262848914531652,0.668816113134986,0.0173371695698661,0.0676810890783262,0.00210610157299122,1,0.0158489319246111,0.0135143930712818
140,"MF","Lisier","2022-02-01","bsth",0,0,0,0,0,0,0,84,1,0.00793932371420778,6.23324425801515,8.17721616018034,0.0133917237417567,0.0133917237417567,0.263280085005323,0.668816113134986,0.0176043733067643,0.0676810890783262,0.00210610157299122,1,0.0158489319246111,0.0132676123551123
140,"MF","Lisier","2022-02-01","bsth",0,0,0,0,0,0,0,85,1,0.00729882600997925,6.12283560881028,8.19035253372963,0.0131363735492904,0.0131363735492904,0.263703034023298,0.668816113134986,0.0164334933495896,0.0676810890783262,0.00210610157299122,1,0.0158489319246111,0.0130152589155768
141,"MF","Lisier","2022-04-21","bsth",0,0,0,0,0,0,0,1,1,24.3450125332711,15.0939644342115,1.40031857492188,1.40031857492188,1.40031857492188,0.0340983898244791,0.668816113134986,0.0529506608537951,0.0676810890783262,0.00210610157299122,1,0.0158489319246111,1.3208739243682
141,"MF","Lisier","2022-04-21","bsth",0,0,0,0,0,0,0,2,1,21.5608499740367,16.3628174610401,2.66607101736113,1.26575244243925,1.26575244243925,0.0649200335393658,0.668816113134986,0.0537667464549854,0.0676810890783262,0.00210610157299122,1,0.0158489319246111,1.19371850950128
141,"MF","Lisier","2022-04-21","bsth",0,0,0,0,0,0,0,3,1,19.1029149080571,17.4335389074906,3.78522151962472,1.11915050226359,1.11915050226359,0.0921718537907498,0.668816113134986,0.0533571434463084,0.0676810890783262,0.00210610157299122,1,0.0158489319246111,1.05599377470769
141,"MF","Lisier","2022-04-21","bsth",0,0,0,0,0,0,0,4,1,16.8971560867114,18.3289690024813,4.81193312145727,1.02671160183255,1.02671160183255,0.117172745061905,0.668816113134986,0.0550145184416325,0.0676810890783262,0.00210610157299122,1,0.0158489319246111,0.968191575590962
141,"MF","Lisier","2022-04-21","bsth",0,0,0,0,0,0,0,5,1,14.933422581744,19.0688072994351,5.73927789474238,0.927344773285112,0.927344773285112,0.139754009173847,0.668816113134986,0.0558624126063645,0.0676810890783262,0.00210610157299122,1,0.0158489319246111,0.874377858934989
141,"MF","Lisier","2022-04-21","bsth",0,0,0,0,0,0,0,6,1,13.2417333975835,19.6731291794931,6.51947053465007,0.780192639907688,0.780192639907688,0.158752052369301,0.668816113134986,0.052547274905655,0.0676810890783262,0.00210610157299122,1,0.0158489319246111,0.737250613380804
141,"MF","Lisier","2022-04-21","bsth",0,0,0,0,0,0,0,7,1,11.8416189800211,20.1632941002627,7.11360090288117,0.594130368231099,0.594130368231099,0.173219395204937,0.668816113134986,0.0440720158432275,0.0676810890783262,0.00210610157299122,1,0.0158489319246111,0.564349964718201
141,"MF","Lisier","2022-04-21","bsth",0,0,0,0,0,0,0,8,1,10.6528492200129,20.5581019886536,7.58475185514477,0.4711509522636,0.4711509522636,0.184692133711855,0.668816113134986,0.0381118804365742,0.0676810890783262,0.00210610157299122,1,0.0158489319246111,0.449297566718003
141,"MF","Lisier","2022-04-21","bsth",0,0,0,0,0,0,0,9,1,9.57208060865107,20.8698348662997,8.02538933372769,0.440637478582919,0.440637478582919,0.195421855351686,0.668816113134986,0.0392957083850086,0.0676810890783262,0.00210610157299122,1,0.0158489319246111,0.420095680275329
141,"MF","Lisier","2022-04-21","bsth",0,0,0,0,0,0,0,10,1,8.62587865213223,21.1081481105257,8.40053473533929,0.375145401611604,0.375145401611604,0.204556815334436,0.668816113134986,0.0364026717892087,0.0676810890783262,0.00210610157299122,1,0.0158489319246111,0.358460933405622
141,"MF","Lisier","2022-04-21","bsth",0,0,0,0,0,0,0,11,1,7.77962946483468,21.2821764792965,8.73675511309784,0.336220377758547,0.336220377758547,0.212743933403897,0.668816113134986,0.035577030933225,0.0676810890783262,0.00210610157299122,1,0.0158489319246111,0.321598543479175
141,"MF","Lisier","2022-04-21","bsth",0,0,0,0,0,0,0,12,1,7.04520970507433,21.4001872692844,9.01486070936427,0.278105596266432,0.278105596266432,0.219515930293527,0.668816113134986,0.0314797099306129,0.0676810890783262,0.00210610157299122,1,0.0158489319246111,0.266852125986225
141,"MF","Lisier","2022-04-21","bsth",0,0,0,0,0,0,0,13,1,6.40329405992012,21.4700113350967,9.24716983348013,0.23230912411586,0.23230912411586,0.225172762399984,0.668816113134986,0.0278542675237711,0.0676810890783262,0.00210610157299122,1,0.0158489319246111,0.223577090423376
141,"MF","Lisier","2022-04-21","bsth",0,0,0,0,0,0,0,14,1,5.82110086626436,21.4975766304014,9.46124985757085,0.214080024090723,0.214080024090723,0.230385707686728,0.668816113134986,0.0276420696034118,0.0676810890783262,0.00210610157299122,1,0.0158489319246111,0.206183355270548
141,"MF","Lisier","2022-04-21","bsth",0,0,0,0,0,0,0,15,1,5.30262142885143,21.4877826740536,9.64884112858874,0.187591271017883,0.187591271017883,0.234953639871155,0.668816113134986,0.0256069995605766,0.0676810890783262,0.00210610157299122,1,0.0158489319246111,0.18103967748842
141,"MF","Lisier","2022-04-21","bsth",0,0,0,0,0,0,0,16,1,4.84374595502566,21.4454281044091,9.8098083973048,0.16096726871606,0.16096726871606,0.238873265573448,0.668816113134986,0.0228318393904846,0.0676810890783262,0.00210610157299122,1,0.0158489319246111,0.155757879557621
141,"MF","Lisier","2022-04-21","bsth",0,0,0,0,0,0,0,17,1,4.42611399974089,21.3744562485978,9.95905184974298,0.149243452438188,0.149243452438188,0.242507411053717,0.668816113134986,0.0224852918196573,0.0676810890783262,0.00210610157299122,1,0.0158489319246111,0.144539240838248
141,"MF","Lisier","2022-04-21","bsth",0,0,0,0,0,0,0,18,1,4.04655378300465,21.2780347406933,10.0970037248311,0.137951875088127,0.137951875088127,0.245866601525096,0.668816113134986,0.0219753079456019,0.0676810890783262,0.00210610157299122,1,0.0158489319246111,0.133737967937504
141,"MF","Lisier","2022-04-21","bsth",0,0,0,0,0,0,0,19,1,3.68320062800789,21.1584135569376,10.2436622361241,0.146658511293015,0.146658511293015,0.249437802520859,0.668816113134986,0.0264024019759942,0.0676810890783262,0.00210610157299122,1,0.0158489319246111,0.141807111613164
141,"MF","Lisier","2022-04-21","bsth",0,0,0,0,0,0,0,20,1,3.33549572347511,21.0170730873205,10.3984616786926,0.154799442568477,0.154799442568477,0.253207238870446,0.668816113134986,0.0314797099306129,0.0676810890783262,0.00210610157299122,1,0.0158489319246111,0.149264528538673
141,"MF","Lisier","2022-04-21","bsth",0,0,0,0,0,0,0,21,1,3.00238452170626,20.8554124446917,10.5613905003104,0.162928821617765,0.162928821617765,0.25717462927193,0.668816113134986,0.0375334084458129,0.0676810890783262,0.00210610157299122,1,0.0158489319246111,0.156613341519733
141,"MF","Lisier","2022-04-21","bsth",0,0,0,0,0,0,0,22,1,2.68937025591982,20.6749637013513,10.7257237629675,0.164333262657085,0.164333262657085,0.26117621844711,0.668816113134986,0.0424186638393226,0.0676810890783262,0.00210610157299122,1,0.0158489319246111,0.157623066398288
141,"MF","Lisier","2022-04-21","bsth",0,0,0,0,0,0,0,23,1,2.40255119475495,20.4776229262978,10.8837503747576,0.158026611790168,0.158026611790168,0.26502423782496,0.668816113134986,0.0450948009360596,0.0676810890783262,0.00210610157299122,1,0.0158489319246111,0.151470521722364
141,"MF","Lisier","2022-04-21","bsth",0,0,0,0,0,0,0,24,1,2.14100537861388,20.2654172699145,11.0346166709449,0.150866296187289,0.150866296187289,0.268697900283559,0.668816113134986,0.0475745597065855,0.0676810890783262,0.00210610157299122,1,0.0158489319246111,0.144538415406477
141,"MF","Lisier","2022-04-21","bsth",0,0,0,0,0,0,0,25,1,1.90221397406766,20.0402201222593,11.1791885722608,0.144571901315938,0.144571901315938,0.272218291383857,0.668816113134986,0.0505759754176975,0.0676810890783262,0.00210610157299122,1,0.0158489319246111,0.138413066314227
141,"MF","Lisier","2022-04-21","bsth",0,0,0,0,0,0,0,26,1,1.68740257069934,19.8038335015642,11.3146301587458,0.135441586484973,0.135441586484973,0.27551635519385,0.668816113134986,0.0521469620111941,0.0676810890783262,0.00210610157299122,1,0.0158489319246111,0.12970180264075
141,"MF","Lisier","2022-04-21","bsth",0,0,0,0,0,0,0,27,1,1.49129803408702,19.5578821435588,11.444753785507,0.130123626761183,0.130123626761183,0.278684924282441,0.668816113134986,0.0558624126063645,0.0676810890783262,0.00210610157299122,1,0.0158489319246111,0.124498392446156
141,"MF","Lisier","2022-04-21","bsth",0,0,0,0,0,0,0,28,1,1.32020406799957,19.3040135207259,11.5617473356496,0.116993550142599,0.116993550142599,0.281533770074503,0.668816113134986,0.0541794938341044,0.0676810890783262,0.00210610157299122,1,0.0158489319246111,0.112184201402987
141,"MF","Lisier","2022-04-21","bsth",0,0,0,0,0,0,0,29,1,1.16727081595077,19.0438081522757,11.670992452467,0.109245116817437,0.109245116817437,0.284193938015123,0.668816113134986,0.0554368445036956,0.0676810890783262,0.00210610157299122,1,0.0158489319246111,0.104818005022816
141,"MF","Lisier","2022-04-21","bsth",0,0,0,0,0,0,0,30,1,1.03545437179487,18.7787020645514,11.768186296529,0.0971938440619926,0.0971938440619926,0.286560652020577,0.668816113134986,0.0521469620111941,0.0676810890783262,0.00210610157299122,1,0.0158489319246111,0.0935456537471969
141,"MF","Lisier","2022-04-21","bsth",0,0,0,0,0,0,0,31,1,0.927502846066061,18.5102962586632,11.8490449477036,0.0808586511746139,0.0808586511746139,0.288529596700603,0.668816113134986,0.0424186638393226,0.0676810890783262,0.00210610157299122,1,0.0158489319246111,0.0783279955041953
141,"MF","Lisier","2022-04-21","bsth",0,0,0,0,0,0,0,32,1,0.835350216002222,18.2399695921878,11.9202961882322,0.0712512405285199,0.0712512405285199,0.29026459659172,0.668816113134986,0.0369637166527291,0.0676810890783262,0.00210610157299122,1,0.0158489319246111,0.0692928773395208
141,"MF","Lisier","2022-04-21","bsth",0,0,0,0,0,0,0,33,1,0.752353468600847,17.9685853524165,11.9877427323708,0.0674465441386225,0.0674465441386225,0.291906950407159,0.668816113134986,0.0369637166527291,0.0676810890783262,0.00210610157299122,1,0.0158489319246111,0.065653446311211
141,"MF","Lisier","2022-04-21","bsth",0,0,0,0,0,0,0,34,1,0.679449421571253,17.6968096784455,12.0497931737849,0.0620504414140655,0.0620504414140655,0.29341790668383,0.668816113134986,0.0342423664242161,0.0676810890783262,0.00210610157299122,1,0.0158489319246111,0.0605372347608648
141,"MF","Lisier","2022-04-21","bsth",0,0,0,0,0,0,0,35,1,0.616034489521285,17.4253060124451,12.1063885324041,0.0565953586192158,0.0565953586192158,0.294796029230381,0.668816113134986,0.0302987555199668,0.0676810890783262,0.00210610157299122,1,0.0158489319246111,0.0553645427925369
141,"MF","Lisier","2022-04-21","bsth",0,0,0,0,0,0,0,36,1,0.559297716607784,17.1546087442272,12.1597965646455,0.0534080322414763,0.0534080322414763,0.296096538939916,0.668816113134986,0.0289399431405744,0.0676810890783262,0.00210610157299122,1,0.0158489319246111,0.0523153925775482
141,"MF","Lisier","2022-04-21","bsth",0,0,0,0,0,0,0,37,1,0.508869454584695,16.8851389603555,12.2099496717339,0.0501531070883257,0.0501531070883257,0.29731778975172,0.668816113134986,0.0268093207895089,0.0676810890783262,0.00210610157299122,1,0.0158489319246111,0.0492042621725235
141,"MF","Lisier","2022-04-21","bsth",0,0,0,0,0,0,0,38,1,0.463725179128164,16.6172626956066,12.2574838880408,0.0475342163069161,0.0475342163069161,0.29847526939004,0.668816113134986,0.025218329890029,0.0676810890783262,0.00210610157299122,1,0.0158489319246111,0.0466920176475923
141,"MF","Lisier","2022-04-21","bsth",0,0,0,0,0,0,0,39,1,0.42258587113064,16.3512618910053,12.3033686808692,0.0458847928284438,0.0458847928284438,0.299592584821614,0.668816113134986,0.025218329890029,0.0676810890783262,0.00210610157299122,1,0.0158489319246111,0.0450943282940755
141,"MF","Lisier","2022-04-21","bsth",0,0,0,0,0,0,0,40,1,0.385460727093262,16.087372325083,12.3473274779475,0.0439587970783109,0.0439587970783109,0.300663001386698,0.668816113134986,0.024272269777709,0.0676810890783262,0.00210610157299122,1,0.0158489319246111,0.0432376469158721
141,"MF","Lisier","2022-04-21","bsth",0,0,0,0,0,0,0,41,1,0.351531605926887,15.8257974926499,12.3899397741563,0.042612296208743,0.042612296208743,0.301700630047393,0.668816113134986,0.0244585989941217,0.0676810890783262,0.00210610157299122,1,0.0158489319246111,0.0419287075762357
141,"MF","Lisier","2022-04-21","bsth",0,0,0,0,0,0,0,42,1,0.320221049133391,15.5666906987482,12.4315917668011,0.0416519926448125,0.0416519926448125,0.302714874882536,0.668816113134986,0.0256069995605766,0.0676810890783262,0.00210610157299122,1,0.0158489319246111,0.0409849320313474
141,"MF","Lisier","2022-04-21","bsth",0,0,0,0,0,0,0,43,1,0.291044500818816,15.3101669696361,12.4726129121956,0.0410211453944687,0.0410211453944687,0.303713758302179,0.668816113134986,0.0278542675237711,0.0676810890783262,0.00210610157299122,1,0.0158489319246111,0.0403515981246385
141,"MF","Lisier","2022-04-21","bsth",0,0,0,0,0,0,0,44,1,0.264001878068021,15.0563235737317,12.5128643128996,0.040251400704058,0.040251400704058,0.304693898090915,0.668816113134986,0.0298388731624853,0.0676810890783262,0.00210610157299122,1,0.0158489319246111,0.0395876653164307
141,"MF","Lisier","2022-04-21","bsth",0,0,0,0,0,0,0,45,1,0.238726216196929,14.805243291374,12.5525869820977,0.0397226691980546,0.0397226691980546,0.305661163028653,0.668816113134986,0.0329577715614054,0.0676810890783262,0.00210610157299122,1,0.0158489319246111,0.0390492302836174
141,"MF","Lisier","2022-04-21","bsth",0,0,0,0,0,0,0,46,1,0.215007422469186,14.5569882310567,12.5918845992124,0.0392976171146753,0.0392976171146753,0.306618077756163,0.668816113134986,0.0369637166527291,0.0676810890783262,0.00210610157299122,1,0.0158489319246111,0.0386059692538278
141,"MF","Lisier","2022-04-21","bsth",0,0,0,0,0,0,0,47,1,0.193077202194114,14.3116206842967,12.6304179162577,0.0385333170453084,0.0385333170453084,0.30755638143175,0.668816113134986,0.0399013412757883,0.0676810890783262,0.00210610157299122,1,0.0158489319246111,0.0378457661725725
141,"MF","Lisier","2022-04-21","bsth",0,0,0,0,0,0,0,48,1,0.172305266557539,14.0691873247109,12.6687243571486,0.0383064408909366,0.0383064408909366,0.308489160570497,0.668816113134986,0.0461413219376335,0.0676810890783262,0.00210610157299122,1,0.0158489319246111,0.0375815303310629
141,"MF","Lisier","2022-04-21","bsth",0,0,0,0,0,0,0,49,1,0.153087651775729,13.8297274959129,12.706321760988,0.0375974038394151,0.0375974038394151,0.309404674336767,0.668816113134986,0.0505759754176975,0.0676810890783262,0.00210610157299122,1,0.0158489319246111,0.0368693681461443
141,"MF","Lisier","2022-04-21","bsth",0,0,0,0,0,0,0,50,1,0.135179859054817,13.5932840572646,12.7433642774255,0.0370425164375234,0.0370425164375234,0.310306676344158,0.668816113134986,0.0567233746763504,0.0676810890783262,0.00210610157299122,1,0.0158489319246111,0.0362966947289841
141,"MF","Lisier","2022-04-21","bsth",0,0,0,0,0,0,0,51,1,0.11931490673219,13.3599169805338,12.7790106985889,0.0356464211633742,0.0356464211633742,0.311174682801006,0.668816113134986,0.0571588189941883,0.0676810890783262,0.00210610157299122,1,0.0158489319246111,0.0349572413249481
141,"MF","Lisier","2022-04-21","bsth",0,0,0,0,0,0,0,52,1,0.10659007293269,13.1297471279798,12.8119932644022,0.0329825658133114,0.0329825658133114,0.311977823176814,0.668816113134986,0.0450948009360596,0.0676810890783262,0.00210610157299122,1,0.0158489319246111,0.0324592391998749
141,"MF","Lisier","2022-04-21","bsth",0,0,0,0,0,0,0,53,1,0.0949518121035015,12.9028566084653,12.8442319029171,0.0322386385148956,0.0322386385148956,0.312762848586873,0.668816113134986,0.0479397719637205,0.0676810890783262,0.00210610157299122,1,0.0158489319246111,0.0317266948189527
141,"MF","Lisier","2022-04-21","bsth",0,0,0,0,0,0,0,54,1,0.0845218266043507,12.6792642828105,12.8755339379838,0.0313020350666946,0.0313020350666946,0.313525067279904,0.668816113134986,0.0486786287974806,0.0676810890783262,0.00210610157299122,1,0.0158489319246111,0.0308182250729569
141,"MF","Lisier","2022-04-21","bsth",0,0,0,0,0,0,0,55,1,0.0754551850409144,12.4589980194168,12.9056639520874,0.0301300141036176,0.0301300141036176,0.314258746733081,0.668816113134986,0.0457898105381886,0.0676810890783262,0.00210610157299122,1,0.0158489319246111,0.0296949939537356
141,"MF","Lisier","2022-04-21","bsth",0,0,0,0,0,0,0,56,1,0.0674995915399993,12.242081356838,12.9347977783826,0.0291338262951477,0.0291338262951477,0.314968168563143,0.668816113134986,0.0437362687229704,0.0676810890783262,0.00210610157299122,1,0.0158489319246111,0.0287352470766071
141,"MF","Lisier","2022-04-21","bsth",0,0,0,0,0,0,0,57,1,0.0606696825564966,12.0285297937782,12.9628520722318,0.0280542938492374,0.0280542938492374,0.315651303290521,0.668816113134986,0.0389963478797924,0.0676810890783262,0.00210610157299122,1,0.0158489319246111,0.0276992015661777
141,"MF","Lisier","2022-04-21","bsth",0,0,0,0,0,0,0,58,1,0.0546263052115293,11.8183471940834,12.9901087284242,0.0272566561923639,0.0272566561923639,0.31631501518066,0.668816113134986,0.0372474734015903,0.0676810890783262,0.00210610157299122,1,0.0158489319246111,0.026925331466009
141,"MF","Lisier","2022-04-21","bsth",0,0,0,0,0,0,0,59,1,0.0492127303253753,11.6115209522456,13.0166837733634,0.0265750449392179,0.0265750449392179,0.316962129528902,0.668816113134986,0.0366821216046537,0.0676810890783262,0.00210610157299122,1,0.0158489319246111,0.0262602699006374
141,"MF","Lisier","2022-04-21","bsth",0,0,0,0,0,0,0,60,1,0.044396704670014,11.4080325020257,13.0425749765137,0.025891203150314,0.025891203150314,0.317592592020691,0.668816113134986,0.0353059998615895,0.0676810890783262,0.00210610157299122,1,0.0158489319246111,0.0255939452461858
141,"MF","Lisier","2022-04-21","bsth",0,0,0,0,0,0,0,61,1,0.0401958111709681,11.2078631740509,13.0677306738467,0.0251556973330107,0.0251556973330107,0.3182051446136,0.668816113134986,0.0317213679930022,0.0676810890783262,0.00210610157299122,1,0.0158489319246111,0.0248799643786704
141,"MF","Lisier","2022-04-21","bsth",0,0,0,0,0,0,0,62,1,0.0365018238198477,11.0109914312582,13.0922281854016,0.0244975115548449,0.0244975115548449,0.318801670085508,0.668816113134986,0.0287194743831567,0.0676810890783262,0.00210610157299122,1,0.0158489319246111,0.0242385795676983
141,"MF","Lisier","2022-04-21","bsth",0,0,0,0,0,0,0,63,1,0.033147313199081,10.8173868027669,13.1162133755018,0.023985190100273,0.023985190100273,0.319385720298581,0.668816113134986,0.0287194743831567,0.0676810890783262,0.00210610157299122,1,0.0158489319246111,0.0237344887732533
141,"MF","Lisier","2022-04-21","bsth",0,0,0,0,0,0,0,64,1,0.0301586341007594,10.6270148546789,13.139642819022,0.0234294435201363,0.0234294435201363,0.319956237831397,0.668816113134986,0.0268093207895089,0.0676810890783262,0.00210610157299122,1,0.0158489319246111,0.0231901051978209
141,"MF","Lisier","2022-04-21","bsth",0,0,0,0,0,0,0,65,1,0.0274165842528042,10.4398384796639,13.1626218753175,0.022979056295517,0.022979056295517,0.320515788231853,0.668816113134986,0.0276420696034118,0.0676810890783262,0.00210610157299122,1,0.0158489319246111,0.0227452113739983
141,"MF","Lisier","2022-04-21","bsth",0,0,0,0,0,0,0,66,1,0.0250033147711212,10.2558202203723,13.1850555092589,0.0224336339413913,0.0224336339413913,0.321062057351618,0.668816113134986,0.0244585989941217,0.0676810890783262,0.00210610157299122,1,0.0158489319246111,0.022211345147952
141,"MF","Lisier","2022-04-21","bsth",0,0,0,0,0,0,0,67,1,0.0227299911438816,10.0749193937619,13.2071234921232,0.0220679828642965,0.0220679828642965,0.321599422702491,0.668816113134986,0.0276420696034118,0.0676810890783262,0.00210610157299122,1,0.0158489319246111,0.0218471075802457
141,"MF","Lisier","2022-04-21","bsth",0,0,0,0,0,0,0,68,1,0.0205433735959759,9.89708806538623,13.2288779663886,0.0217544742654354,0.0217544742654354,0.322129153977369,0.668816113134986,0.0334657229709798,0.0676810890783262,0.00210610157299122,1,0.0158489319246111,0.0215317715921948
141,"MF","Lisier","2022-04-21","bsth",0,0,0,0,0,0,0,69,1,0.0184701899641153,9.72227835767739,13.2502918164456,0.0214138500569394,0.0214138500569394,0.322650590898911,0.668816113134986,0.0386992679470805,0.0676810890783262,0.00210610157299122,1,0.0158489319246111,0.0211908885726176
141,"MF","Lisier","2022-04-21","bsth",0,0,0,0,0,0,0,70,1,0.016522791343868,9.55044454226676,13.2713508946675,0.0210590782219366,0.0210590782219366,0.323163388966019,0.668816113134986,0.0437362687229704,0.0676810890783262,0.00210610157299122,1,0.0158489319246111,0.0208368515155024
141,"MF","Lisier","2022-04-21","bsth",0,0,0,0,0,0,0,71,1,0.0147555407347438,9.38154400509911,13.2919966309556,0.0206457362880652,0.0206457362880652,0.32366612197033,0.668816113134986,0.045440977004456,0.0676810890783262,0.00210610157299122,1,0.0158489319246111,0.0204289907734414
141,"MF","Lisier","2022-04-21","bsth",0,0,0,0,0,0,0,72,1,0.013124867237288,9.21553512187299,13.3122680581283,0.020271427172764,0.020271427172764,0.324159740378609,0.668816113134986,0.0494288730325243,0.0676810890783262,0.00210610157299122,1,0.0158489319246111,0.0200576004123732
141,"MF","Lisier","2022-04-21","bsth",0,0,0,0,0,0,0,73,1,0.0116473409035244,9.05237618583017,13.3321448162378,0.0198767581095129,0.0198767581095129,0.324643748416924,0.668816113134986,0.0517496987594361,0.0676810890783262,0.00210610157299122,1,0.0158489319246111,0.019667970107391
141,"MF","Lisier","2022-04-21","bsth",0,0,0,0,0,0,0,74,1,0.0102981057623268,8.89202589602751,13.351648219626,0.01950340338818,0.01950340338818,0.325118665099131,0.668816113134986,0.0554368445036956,0.0676810890783262,0.00210610157299122,1,0.0158489319246111,0.0192984042145309
141,"MF","Lisier","2022-04-21","bsth",0,0,0,0,0,0,0,75,1,0.00910129280638312,8.73444373448702,13.3707504654338,0.0191022458077921,0.0191022458077921,0.325583813413052,0.668816113134986,0.0558624126063645,0.0676810890783262,0.00210610157299122,1,0.0158489319246111,0.0189040458624079
141,"MF","Lisier","2022-04-21","bsth",0,0,0,0,0,0,0,76,1,0.00807671864882368,8.5795913739838,13.3894264987973,0.018676033363473,0.018676033363473,0.326038583261433,0.668816113134986,0.0517496987594361,0.0676810890783262,0.00210610157299122,1,0.0158489319246111,0.0184874586454105
141,"MF","Lisier","2022-04-21","bsth",0,0,0,0,0,0,0,77,1,0.00718953117423261,8.42743058360666,13.4077064390647,0.0182799402674441,0.0182799402674441,0.326483708064011,0.668816113134986,0.0486786287974806,0.0676810890783262,0.00210610157299122,1,0.0158489319246111,0.0180990013276667
141,"MF","Lisier","2022-04-21","bsth",0,0,0,0,0,0,0,78,1,0.00642277376064485,8.27792209924356,13.4256041590215,0.01789771995678,0.01789771995678,0.326919525629374,0.668816113134986,0.0450948009360596,0.0676810890783262,0.00210610157299122,1,0.0158489319246111,0.0177237784585092
141,"MF","Lisier","2022-04-21","bsth",0,0,0,0,0,0,0,79,1,0.00572565444000194,8.13102503513083,13.4431696206119,0.0175654615903706,0.0175654615903706,0.327347252553434,0.668816113134986,0.0472121296903184,0.0676810890783262,0.00210610157299122,1,0.0158489319246111,0.0173950849565033
141,"MF","Lisier","2022-04-21","bsth",0,0,0,0,0,0,0,80,1,0.00511677575024946,7.98669824783372,13.4603843051876,0.0172146845757233,0.0172146845757233,0.327766437898741,0.668816113134986,0.0447512620880363,0.0676810890783262,0.00210610157299122,1,0.0158489319246111,0.0170497799154139
141,"MF","Lisier","2022-04-21","bsth",0,0,0,0,0,0,0,81,1,0.00458773684191377,7.84490163099026,13.4772563018396,0.016871996652041,0.016871996652041,0.328177278638314,0.668816113134986,0.0414565756133598,0.0676810890783262,0.00210610157299122,1,0.0158489319246111,0.016712351524271
141,"MF","Lisier","2022-04-21","bsth",0,0,0,0,0,0,0,82,1,0.00412597064267632,7.7055950823983,13.4937984969599,0.0165421951202145,0.0165421951202145,0.328580088561615,0.668816113134986,0.0384044512131352,0.0676810890783262,0.00210610157299122,1,0.0158489319246111,0.0163872215621259
141,"MF","Lisier","2022-04-21","bsth",0,0,0,0,0,0,0,83,1,0.00372419266491613,7.56873855402023,13.5100190758093,0.0162205788494667,0.0162205788494667,0.32897506698345,0.668816113134986,0.0347701162528092,0.0676810890783262,0.00210610157299122,1,0.0158489319246111,0.0160700227860883
141,"MF","Lisier","2022-04-21","bsth",0,0,0,0,0,0,0,84,1,0.00336763673724592,7.43429196112921,13.525934376364,0.0159153005546759,0.0159153005546759,0.329362611740911,0.668816113134986,0.0329577715614054,0.0676810890783262,0.00210610157299122,1,0.0158489319246111,0.0157683637956981
141,"MF","Lisier","2022-04-21","bsth",0,0,0,0,0,0,0,85,1,0.00304521763894933,7.30221506956637,13.5415578418979,0.0156234655338618,0.0156234655338618,0.329743050183794,0.668816113134986,0.0329577715614054,0.0676810890783262,0.00210610157299122,1,0.0158489319246111,0.0154795702316332
143,"MF","Lisier","2022-09-15","bsth",0,0,0,0,1,0,0,1,1,4.10443913931651,30.7347107173871,1.05492327324942,1.05492327324942,1.05492327324942,0.0291125751531465,0.668816113134986,0.0730064457709183,0.0676810890783262,0.00210610157299122,0.194942558587237,0.0158489319246111,0.364380936031864
143,"MF","Lisier","2022-09-15","bsth",0,0,0,0,1,0,0,2,1,3.57168478456558,30.4447713387385,1.39276155406326,0.337838280813843,0.337838280813843,0.038435852579293,0.668816113134986,0.0713506029051069,0.0676810890783262,0.00210610157299122,1,0.0158489319246111,0.318961643571626
143,"MF","Lisier","2022-09-15","bsth",0,0,0,0,1,0,0,3,1,3.10637977545493,30.1265756550309,1.69623263711005,0.303471083046788,0.303471083046788,0.0468107030883665,0.668816113134986,0.0718983350311767,0.0676810890783262,0.00210610157299122,1,0.0158489319246111,0.286793162205629
143,"MF","Lisier","2022-09-15","bsth",0,0,0,0,1,0,0,4,1,2.70169286804213,29.7849172941257,1.96778325956697,0.271550622456922,0.271550622456922,0.054304648955927,0.668816113134986,0.0718983350311767,0.0676810890783262,0.00210610157299122,1,0.0158489319246111,0.256977280142405
143,"MF","Lisier","2022-09-15","bsth",0,0,0,0,1,0,0,5,1,2.35607333178898,29.4242316873886,2.20486518639812,0.237081926831148,0.237081926831148,0.0608473668837101,0.668816113134986,0.0692010847686955,0.0676810890783262,0.00210610157299122,1,0.0158489319246111,0.225013250995259
143,"MF","Lisier","2022-09-15","bsth",0,0,0,0,1,0,0,6,1,2.067173005492,29.0487423973337,2.40587079808985,0.201005611691729,0.201005611691729,0.0663944916130326,0.668816113134986,0.0631333257416236,0.0676810890783262,0.00210610157299122,1,0.0158489319246111,0.191687108776458
143,"MF","Lisier","2022-09-15","bsth",0,0,0,0,1,0,0,7,1,1.82614947726169,28.6622109988692,2.5760848665833,0.170214068493447,0.170214068493447,0.0710918662816894,0.668816113134986,0.056291247637583,0.0676810890783262,0.00210610157299122,1,0.0158489319246111,0.163161760117905
143,"MF","Lisier","2022-09-15","bsth",0,0,0,0,1,0,0,8,1,1.61730600284536,28.2674984306373,2.72849406175064,0.152409195167349,0.152409195167349,0.0752978822648925,0.668816113134986,0.0537667464549854,0.0676810890783262,0.00210610157299122,1,0.0158489319246111,0.146491504704404
143,"MF","Lisier","2022-09-15","bsth",0,0,0,0,1,0,0,9,1,1.43692403096516,27.8667810243006,2.86475263584846,0.136258574097817,0.136258574097817,0.079058191738836,0.668816113134986,0.0505759754176975,0.0676810890783262,0.00210610157299122,1,0.0158489319246111,0.131364105816674
143,"MF","Lisier","2022-09-15","bsth",0,0,0,0,1,0,0,10,1,1.28003046476354,27.4619027621082,2.98806977313305,0.123317137284592,0.123317137284592,0.0824613581281889,0.668816113134986,0.0479397719637205,0.0676810890783262,0.00210610157299122,1,0.0158489319246111,0.119201925191987
143,"MF","Lisier","2022-09-15","bsth",0,0,0,0,1,0,0,11,1,1.14468646901736,27.0544470147584,3.09885412505671,0.110784351923651,0.110784351923651,0.0855186589319104,0.668816113134986,0.0440720158432275,0.0676810890783262,0.00210610157299122,1,0.0158489319246111,0.107428053612251
143,"MF","Lisier","2022-09-15","bsth",0,0,0,0,1,0,0,12,1,1.02729935763938,26.6457809750356,3.19936084761985,0.100506722563146,0.100506722563146,0.0882923293856897,0.668816113134986,0.0405163082952418,0.0676810890783262,0.00210610157299122,1,0.0158489319246111,0.097741098710723
143,"MF","Lisier","2022-09-15","bsth",0,0,0,0,1,0,0,13,1,0.925750624206191,26.2370577757206,3.29056514169917,0.0912042940793198,0.0912042940793198,0.0908092819764646,0.668816113134986,0.0364026717892087,0.0676810890783262,0.00210610157299122,1,0.0158489319246111,0.0889577047837396
143,"MF","Lisier","2022-09-15","bsth",0,0,0,0,1,0,0,14,1,0.83669372369707,25.8292250693332,3.37485897459916,0.0842938328999936,0.0842938328999936,0.0931355275030126,0.668816113134986,0.0334657229709798,0.0676810890783262,0.00210610157299122,1,0.0158489319246111,0.0823995319164705
143,"MF","Lisier","2022-09-15","bsth",0,0,0,0,1,0,0,15,1,0.756966851339518,25.4229955616453,3.45467138474427,0.0798124101451023,0.0798124101451023,0.0953380998108033,0.668816113134986,0.0324575299698651,0.0676810890783262,0.00210610157299122,1,0.0158489319246111,0.0781126852060768
143,"MF","Lisier","2022-09-15","bsth",0,0,0,0,1,0,0,16,1,0.685506968112402,25.0189300896675,3.53047461252611,0.0758032277818437,0.0758032277818437,0.0974300312541702,0.668816113134986,0.0314797099306129,0.0676810890783262,0.00210610157299122,1,0.0158489319246111,0.0742719685279983
143,"MF","Lisier","2022-09-15","bsth",0,0,0,0,1,0,0,17,1,0.620942001365116,24.6174974060545,3.6031338319514,0.0726592194252889,0.0726592194252889,0.0994351979233745,0.668816113134986,0.0312398928550036,0.0676810890783262,0.00210610157299122,1,0.0158489319246111,0.0712451116018162
143,"MF","Lisier","2022-09-15","bsth",0,0,0,0,1,0,0,18,1,0.563246699630163,24.2191126443224,3.67221413225496,0.0690803003035607,0.0690803003035607,0.101341597644744,0.668816113134986,0.0298388731624853,0.0676810890783262,0.00210610157299122,1,0.0158489319246111,0.0678145580661117
143,"MF","Lisier","2022-09-15","bsth",0,0,0,0,1,0,0,19,1,0.509827151441687,23.8240925546146,3.73994161910761,0.0677274868526498,0.0677274868526498,0.103210663955945,0.668816113134986,0.0319648811747444,0.0676810890783262,0.00210610157299122,1,0.0158489319246111,0.066472523119854
143,"MF","Lisier","2022-09-15","bsth",0,0,0,0,1,0,0,20,1,0.460058486933141,23.4326425315896,3.80668075291114,0.0667391338035324,0.0667391338035324,0.10505245482148,0.668816113134986,0.0350370335446529,0.0676810890783262,0.00210610157299122,1,0.0158489319246111,0.0654706099343005
143,"MF","Lisier","2022-09-15","bsth",0,0,0,0,1,0,0,21,1,0.413993800602035,23.0449459541064,3.87213702577154,0.0654562728603985,0.0654562728603985,0.106858842746758,0.668816113134986,0.0378215385073628,0.0676810890783262,0.00210610157299122,1,0.0158489319246111,0.0641928793947203
143,"MF","Lisier","2022-09-15","bsth",0,0,0,0,1,0,0,22,1,0.370832784883121,22.661156754905,3.93689602942525,0.064759003653708,0.064759003653708,0.108645988227874,0.668816113134986,0.0424186638393226,0.0676810890783262,0.00210610157299122,1,0.0158489319246111,0.0634569291298628
143,"MF","Lisier","2022-09-15","bsth",0,0,0,0,1,0,0,23,1,0.330221079987055,22.2813878814682,4.00113631902438,0.0642402895991316,0.0642402895991316,0.110418818827254,0.668816113134986,0.0483077878199553,0.0676810890783262,0.00210610157299122,1,0.0158489319246111,0.0628791159312788
143,"MF","Lisier","2022-09-15","bsth",0,0,0,0,1,0,0,24,1,0.293390740237078,21.9057819900292,4.0634184423283,0.0622821233039206,0.0622821233039206,0.112137610175745,0.668816113134986,0.0505759754176975,0.0676810890783262,0.00210610157299122,1,0.0158489319246111,0.0609743247728137
143,"MF","Lisier","2022-09-15","bsth",0,0,0,0,1,0,0,25,1,0.261260090932427,21.534551064069,4.12254450885971,0.0591260665314088,0.0591260665314088,0.113769304251565,0.668816113134986,0.0483077878199553,0.0676810890783262,0.00210610157299122,1,0.0158489319246111,0.0579748489082814
143,"MF","Lisier","2022-09-15","bsth",0,0,0,0,1,0,0,26,1,0.232648225567257,21.1678915371002,4.17942798629182,0.0568834774321108,0.0568834774321108,0.11533910989877,0.668816113134986,0.0483077878199553,0.0676810890783262,0.00210610157299122,1,0.0158489319246111,0.0558204507805863
143,"MF","Lisier","2022-09-15","bsth",0,0,0,0,1,0,0,27,1,0.206539360134726,20.8059228190835,4.23489175704097,0.0554637707491485,0.0554637707491485,0.116869736092311,0.668816113134986,0.0513554619177528,0.0676810890783262,0.00210610157299122,1,0.0158489319246111,0.0544263110207216
143,"MF","Lisier","2022-09-15","bsth",0,0,0,0,1,0,0,28,1,0.184448249594759,20.4487825111593,4.28720816230048,0.0523164052595124,0.0523164052595124,0.118313504865341,0.668816113134986,0.045440977004456,0.0676810890783262,0.00210610157299122,1,0.0158489319246111,0.0514487216808556
143,"MF","Lisier","2022-09-15","bsth",0,0,0,0,1,0,0,29,1,0.164428481930023,20.0965864258489,4.33813018205076,0.0509220197502813,0.0509220197502813,0.11971879296972,0.668816113134986,0.0472121296903184,0.0676810890783262,0.00210610157299122,1,0.0158489319246111,0.0500884710968967
143,"MF","Lisier","2022-09-15","bsth",0,0,0,0,1,0,0,30,1,0.146421117811031,19.7493836092134,4.3875889538113,0.0494587717605413,0.0494587717605413,0.12108370001687,0.668816113134986,0.0483077878199553,0.0676810890783262,0.00210610157299122,1,0.0158489319246111,0.0486674881765472
143,"MF","Lisier","2022-09-15","bsth",0,0,0,0,1,0,0,31,1,0.131910495444847,19.40727215171,4.43392226388305,0.0463333100717431,0.0463333100717431,0.122362354119744,0.668816113134986,0.0366821216046537,0.0676810890783262,0.00210610157299122,1,0.0158489319246111,0.045712443241023
143,"MF","Lisier","2022-09-15","bsth",0,0,0,0,1,0,0,32,1,0.119033564166499,19.0703311962381,4.47883253195172,0.0449102680686693,0.0449102680686693,0.123601736724575,0.668816113134986,0.0350370335446529,0.0676810890783262,0.00210610157299122,1,0.0158489319246111,0.0443346375105018
143,"MF","Lisier","2022-09-15","bsth",0,0,0,0,1,0,0,33,1,0.107770401064823,18.7385777116515,4.52224062848375,0.0434080965320378,0.0434080965320378,0.124799664104309,0.668816113134986,0.0317213679930022,0.0676810890783262,0.00210610157299122,1,0.0158489319246111,0.0428839725450582
143,"MF","Lisier","2022-09-15","bsth",0,0,0,0,1,0,0,34,1,0.0977118853849965,18.4120134865894,4.56447161895121,0.0422309904674512,0.0422309904674512,0.125965107046893,0.668816113134986,0.0302987555199668,0.0676810890783262,0.00210610157299122,1,0.0158489319246111,0.0417381190927164
143,"MF","Lisier","2022-09-15","bsth",0,0,0,0,1,0,0,35,1,0.0886126105976228,18.0906185160909,4.6057088076982,0.0412371887469973,0.0412371887469973,0.127103124177564,0.668816113134986,0.0300679351293274,0.0676810890783262,0.00210610157299122,1,0.0158489319246111,0.0407650783402127
143,"MF","Lisier","2022-09-15","bsth",0,0,0,0,1,0,0,36,1,0.0802856730691641,17.7743587116341,4.64609151395763,0.0403827062594262,0.0403827062594262,0.128217560270384,0.668816113134986,0.0310019027412653,0.0676810890783262,0.00210610157299122,1,0.0158489319246111,0.0399236134694899
143,"MF","Lisier","2022-09-15","bsth",0,0,0,0,1,0,0,37,1,0.073016656567146,17.4632044652888,4.68528263583599,0.0391911218783578,0.0391911218783578,0.129299112369908,0.668816113134986,0.0272225111127501,0.0676810890783262,0.00210610157299122,1,0.0158489319246111,0.038766979138627
143,"MF","Lisier","2022-09-15","bsth",0,0,0,0,1,0,0,38,1,0.066500064872839,17.15712532418,4.723537419533,0.0382547836970133,0.0382547836970133,0.130354824471051,0.668816113134986,0.0258035750026964,0.0676810890783262,0.00210610157299122,1,0.0158489319246111,0.0378505880448934
143,"MF","Lisier","2022-09-15","bsth",0,0,0,0,1,0,0,39,1,0.0605041836160743,16.8560734412899,4.76105535103177,0.0375179314987664,0.0375179314987664,0.131390201761557,0.668816113134986,0.0268093207895089,0.0676810890783262,0.00210610157299122,1,0.0158489319246111,0.0371226788568269
143,"MF","Lisier","2022-09-15","bsth",0,0,0,0,1,0,0,40,1,0.0551471579519289,16.559998411949,4.79768942435304,0.0366340733212756,0.0366340733212756,0.132401187337262,0.668816113134986,0.0250262129315403,0.0676810890783262,0.00210610157299122,1,0.0158489319246111,0.036257163221612
143,"MF","Lisier","2022-09-15","bsth",0,0,0,0,1,0,0,41,1,0.0503571388800206,16.2688520620415,4.83348116127545,0.0357917369224081,0.0357917369224081,0.133388927069087,0.668816113134986,0.0231837280180262,0.0676810890783262,0.00210610157299122,1,0.0158489319246111,0.0354313211301874
143,"MF","Lisier","2022-09-15","bsth",0,0,0,0,1,0,0,42,1,0.0459831753867016,15.9825795102193,4.86855870257478,0.0350775412993283,0.0350775412993283,0.134356957240721,0.668816113134986,0.0231837280180262,0.0676810890783262,0.00210610157299122,1,0.0158489319246111,0.0347269972785005
143,"MF","Lisier","2022-09-15","bsth",0,0,0,0,1,0,0,43,1,0.0419512037761303,15.7011193866211,4.90298071847433,0.0344220158995503,0.0344220158995503,0.135306896966396,0.668816113134986,0.0240873600447629,0.0676810890783262,0.00210610157299122,1,0.0158489319246111,0.0340786459875525
143,"MF","Lisier","2022-09-15","bsth",0,0,0,0,1,0,0,44,1,0.038176531015737,15.42440607143,4.93682176396688,0.0338410454925491,0.0338410454925491,0.136240803730182,0.668816113134986,0.0266050834275706,0.0676810890783262,0.00210610157299122,1,0.0158489319246111,0.0335010556821429
143,"MF","Lisier","2022-09-15","bsth",0,0,0,0,1,0,0,45,1,0.0345301609315472,15.1523678801426,4.97020784612279,0.033386082155908,0.033386082155908,0.137162154932189,0.668816113134986,0.03270669439418,0.0676810890783262,0.00210610157299122,1,0.0158489319246111,0.03304179324788
143,"MF","Lisier","2022-09-15","bsth",0,0,0,0,1,0,0,46,1,0.0310546213088851,14.8849316985185,5.00309604060212,0.0328881944793364,0.0328881944793364,0.138069765995202,0.668816113134986,0.0384044512131352,0.0676810890783262,0.00210610157299122,1,0.0158489319246111,0.0325418137531161
143,"MF","Lisier","2022-09-15","bsth",0,0,0,0,1,0,0,47,1,0.0278956057293106,14.6220321758798,5.03533359999691,0.0322375593947903,0.0322375593947903,0.138959421569624,0.668816113134986,0.0395973669698389,0.0676810890783262,0.00210610157299122,1,0.0158489319246111,0.0319000775028582
143,"MF","Lisier","2022-09-15","bsth",0,0,0,0,1,0,0,48,1,0.0249291256449295,14.3636055073748,5.06703691256324,0.031703312566326,0.031703312566326,0.139834333606448,0.668816113134986,0.0447512620880363,0.0676810890783262,0.00210610157299122,1,0.0158489319246111,0.0313668219882692
143,"MF","Lisier","2022-09-15","bsth",0,0,0,0,1,0,0,49,1,0.0223373512942262,14.1095913860354,5.09801372067236,0.0309768081091235,0.0309768081091235,0.140689196397846,0.668816113134986,0.0420955121986111,0.0676810890783262,0.00210610157299122,1,0.0158489319246111,0.0306565348562833
143,"MF","Lisier","2022-09-15","bsth",0,0,0,0,1,0,0,50,1,0.0198837040712089,13.8599281880162,5.12849276127959,0.0304790406072319,0.0304790406072319,0.141530322366696,0.668816113134986,0.0486786287974806,0.0676810890783262,0.00210610157299122,1,0.0158489319246111,0.0301583280079276
143,"MF","Lisier","2022-09-15","bsth",0,0,0,0,1,0,0,51,1,0.0176929649425799,13.6145521240309,5.15834460337094,0.0298518420913503,0.0298518420913503,0.142354139622777,0.668816113134986,0.0490523165837053,0.0676810890783262,0.00210610157299122,1,0.0158489319246111,0.0295415105616603
143,"MF","Lisier","2022-09-15","bsth",0,0,0,0,1,0,0,52,1,0.0157376689936252,13.3734035996925,5.18758883096523,0.0292442275942868,0.0292442275942868,0.143161188623613,0.668816113134986,0.0494288730325243,0.0676810890783262,0.00210610157299122,1,0.0158489319246111,0.0289436416000725
143,"MF","Lisier","2022-09-15","bsth",0,0,0,0,1,0,0,53,1,0.0140345702264968,13.1364237832821,5.21620098889126,0.0286121579260277,0.0286121579260277,0.143950794483145,0.668816113134986,0.046852460719398,0.0676810890783262,0.00210610157299122,1,0.0158489319246111,0.0283241969437003
143,"MF","Lisier","2022-09-15","bsth",0,0,0,0,1,0,0,54,1,0.0125506252225899,12.903554272337,5.24420691470304,0.0280059258117831,0.0280059258117831,0.144723670236865,0.668816113134986,0.0440720158432275,0.0676810890783262,0.00210610157299122,1,0.0158489319246111,0.0277293273037989
143,"MF","Lisier","2022-09-15","bsth",0,0,0,0,1,0,0,55,1,0.0112840488903468,12.674736575382,5.2716022057563,0.0273952910532538,0.0273952910532538,0.145479694385592,0.668816113134986,0.0386992679470805,0.0676810890783262,0.00210610157299122,1,0.0158489319246111,0.0271309670701968
143,"MF","Lisier","2022-09-15","bsth",0,0,0,0,1,0,0,56,1,0.0101797763049211,12.4499112629836,5.29843760692156,0.0268354011652603,0.0268354011652603,0.146220267328666,0.668816113134986,0.0353059998615895,0.0676810890783262,0.00210610157299122,1,0.0158489319246111,0.0265801848753834
143,"MF","Lisier","2022-09-15","bsth",0,0,0,0,1,0,0,57,1,0.00921430406828714,12.2290173681683,5.32473479601567,0.0262971890941124,0.0262971890941124,0.146945987305874,0.668816113134986,0.0319648811747444,0.0676810890783262,0.00210610157299122,1,0.0158489319246111,0.026050086849887
143,"MF","Lisier","2022-09-15","bsth",0,0,0,0,1,0,0,58,1,0.00835814994708309,12.0119932238512,5.35052310109402,0.0257883050783523,0.0257883050783523,0.147657663679601,0.668816113134986,0.0298388731624853,0.0676810890783262,0.00210610157299122,1,0.0158489319246111,0.025547875599657
143,"MF","Lisier","2022-09-15","bsth",0,0,0,0,1,0,0,59,1,0.00759821951671227,11.7987768515703,5.3758167550769,0.0252936539828843,0.0252936539828843,0.148355689233826,0.668816113134986,0.0276420696034118,0.0676810890783262,0.00210610157299122,1,0.0158489319246111,0.0250594529992076
143,"MF","Lisier","2022-09-15","bsth",0,0,0,0,1,0,0,60,1,0.00692009350379911,11.5893064509086,5.40063211844724,0.0248153633703376,0.0248153633703376,0.149040515466587,0.668816113134986,0.0258035750026964,0.0676810890783262,0.00210610157299122,1,0.0158489319246111,0.0245868196978869
143,"MF","Lisier","2022-09-15","bsth",0,0,0,0,1,0,0,61,1,0.00630739011235481,11.3835202854755,5.42498842897048,0.0243563105232401,0.0243563105232401,0.149712673279901,0.668816113134986,0.0250262129315403,0.0676810890783262,0.00210610157299122,1,0.0158489319246111,0.0241327000674116
143,"MF","Lisier","2022-09-15","bsth",0,0,0,0,1,0,0,62,1,0.00575433526879637,11.181356986124,5.44889492593098,0.0239064969605005,0.0239064969605005,0.15037241764905,0.668816113134986,0.0240873600447629,0.0676810890783262,0.00210610157299122,1,0.0158489319246111,0.0236876802820899
143,"MF","Lisier","2022-09-15","bsth",0,0,0,0,1,0,0,63,1,0.00525909230299682,10.9827560246874,5.47235703653208,0.0234621106010966,0.0234621106010966,0.151019898347833,0.668816113134986,0.0223139955484941,0.0676810890783262,0.00210610157299122,1,0.0158489319246111,0.023248151101611
143,"MF","Lisier","2022-09-15","bsth",0,0,0,0,1,0,0,64,1,0.00480810025568891,10.787657420297,5.49539231887757,0.0230352823454876,0.0230352823454876,0.151655599924869,0.668816113134986,0.0219753079456019,0.0676810890783262,0.00210610157299122,1,0.0158489319246111,0.02282556174553
143,"MF","Lisier","2022-09-15","bsth",0,0,0,0,1,0,0,65,1,0.00439797438942842,10.5960017020751,5.51800859234704,0.0226162734694739,0.0226162734694739,0.152279738170522,0.668816113134986,0.0214768909017164,0.0676810890783262,0.00210610157299122,1,0.0158489319246111,0.0224107106683082
143,"MF","Lisier","2022-09-15","bsth",0,0,0,0,1,0,0,66,1,0.00402796235261563,10.4077303214236,5.54021105710899,0.0222024647619454,0.0222024647619454,0.152892456593139,0.668816113134986,0.0202023514144227,0.0676810890783262,0.00210610157299122,1,0.0158489319246111,0.0220011115121503
143,"MF","Lisier","2022-09-15","bsth",0,0,0,0,1,0,0,67,1,0.00368676604864111,10.2227853557223,5.56201575511452,0.0218046980055302,0.0218046980055302,0.153494197900279,0.668816113134986,0.0208298751145006,0.0676810890783262,0.00210610157299122,1,0.0158489319246111,0.0216070191944079
143,"MF","Lisier","2022-09-15","bsth",0,0,0,0,1,0,0,68,1,0.00335772949532626,10.0411089685758,5.58344491682276,0.021429161708248,0.021429161708248,0.154085575582922,0.668816113134986,0.0258035750026964,0.0676810890783262,0.00210610157299122,1,0.0158489319246111,0.0212342368181652
143,"MF","Lisier","2022-09-15","bsth",0,0,0,0,1,0,0,69,1,0.00304574348704964,9.86264398143995,5.60449948140703,0.0210545645842659,0.0210545645842659,0.154666615559307,0.668816113134986,0.0298388731624853,0.0676810890783262,0.00210610157299122,1,0.0158489319246111,0.0208626115567586
143,"MF","Lisier","2022-09-15","bsth",0,0,0,0,1,0,0,70,1,0.00273998396546267,9.68733401506537,5.62519620206023,0.0206967206532012,0.0206967206532012,0.155237780165036,0.668816113134986,0.0381118804365742,0.0676810890783262,0.00210610157299122,1,0.0158489319246111,0.0205069353485103
143,"MF","Lisier","2022-09-15","bsth",0,0,0,0,1,0,0,71,1,0.00244170464303871,9.51512338570348,5.64553994780589,0.0203437457456612,0.0203437457456612,0.155799203769894,0.668816113134986,0.0475745597065855,0.0676810890783262,0.00210610157299122,1,0.0158489319246111,0.0201559793531617
143,"MF","Lisier","2022-09-15","bsth",0,0,0,0,1,0,0,72,1,0.00216510326027247,9.34595793823529,5.66552198654408,0.0199820387381866,0.0199820387381866,0.1563506453953,0.668816113134986,0.052547274905655,0.0676810890783262,0.00210610157299122,1,0.0158489319246111,0.0197973069910438
143,"MF","Lisier","2022-09-15","bsth",0,0,0,0,1,0,0,73,1,0.00178527759469717,9.07196827703735,5.68502898983999,0.0195070032959057,0.0195070032959057,0.156888977531736,0.668816113134986,0.057597606056618,0.13529653115955,0.00210610157299122,1,0.0276775119528284,0.0192093143739959
143,"MF","Lisier","2022-09-15","bsth",0,0,0,0,1,0,0,74,1,0.00158239918753028,8.9106471849287,5.70405414363341,0.0190251537934243,0.0190251537934243,0.157414012132504,0.668816113134986,0.0529506608537951,0.0676810890783262,0.00210610157299122,1,0.0158489319246111,0.0188505171352623
143,"MF","Lisier","2022-09-15","bsth",0,0,0,0,1,0,0,75,1,0.00139035577337907,8.75218352366161,5.7227450881938,0.0186909445603876,0.0186909445603876,0.157929823606187,0.668816113134986,0.0617014129026911,0.0676810890783262,0.00210610157299122,1,0.0158489319246111,0.0185187744019464
143,"MF","Lisier","2022-09-15","bsth",0,0,0,0,1,0,0,76,1,0.00122555434250118,8.59652774924959,5.74109006854023,0.0183449803464288,0.0183449803464288,0.158436087552164,0.668816113134986,0.0584853112562873,0.0676810890783262,0.00210610157299122,1,0.0158489319246111,0.0181768375421399
143,"MF","Lisier","2022-09-15","bsth",0,0,0,0,1,0,0,77,1,0.00108219220401938,8.44363152188861,5.75909910885506,0.0180090403148325,0.0180090403148325,0.158933080606443,0.668816113134986,0.0567233746763504,0.0676810890783262,0.00210610157299122,1,0.0158489319246111,0.0178445312238682
143,"MF","Lisier","2022-09-15","bsth",0,0,0,0,1,0,0,78,1,0.000961492742463589,8.2934472185963,5.77677525148795,0.0176761426328964,0.0176761426328964,0.159420886728335,0.668816113134986,0.0505759754176975,0.0676810890783262,0.00210610157299122,1,0.0158489319246111,0.0175154706659124
143,"MF","Lisier","2022-09-15","bsth",0,0,0,0,1,0,0,79,1,0.000861530462847442,8.14592803513554,5.79412461690752,0.0173493654195687,0.0173493654195687,0.159899674823588,0.668816113134986,0.0420955121986111,0.0676810890783262,0.00210610157299122,1,0.0158489319246111,0.0171924184143805
143,"MF","Lisier","2022-09-15","bsth",0,0,0,0,1,0,0,80,1,0.000775267234012521,8.0010276924851,5.81115865016861,0.0170340332610914,0.0170340332610914,0.160369760739834,0.668816113134986,0.0378215385073628,0.0676810890783262,0.00210610157299122,1,0.0158489319246111,0.0168802988082339
143,"MF","Lisier","2022-09-15","bsth",0,0,0,0,1,0,0,81,1,0.000699773410017873,7.85870040640599,5.82788492296607,0.0167262727974506,0.0167262727974506,0.160831353432114,0.668816113134986,0.0347701162528092,0.0676810890783262,0.00210610157299122,1,0.0158489319246111,0.0165755524904153
143,"MF","Lisier","2022-09-15","bsth",0,0,0,0,1,0,0,82,1,0.000634608046341165,7.71890109740167,5.84430853380302,0.0164236108369566,0.0164236108369566,0.16128459360313,0.668816113134986,0.0300679351293274,0.0676810890783262,0.00210610157299122,1,0.0158489319246111,0.0162758710965712
143,"MF","Lisier","2022-09-15","bsth",0,0,0,0,1,0,0,83,1,0.000575511110761787,7.58158532580983,5.86043846947127,0.0161299356682481,0.0161299356682481,0.161729729260163,0.668816113134986,0.0300679351293274,0.0676810890783262,0.00210610157299122,1,0.0158489319246111,0.0159848932111998
143,"MF","Lisier","2022-09-15","bsth",0,0,0,0,1,0,0,84,1,0.000522962286103609,7.44670932161092,5.87627900682696,0.0158405373556905,0.0158405373556905,0.162166878431034,0.668816113134986,0.028068094408895,0.0676810890783262,0.00210610157299122,1,0.0158489319246111,0.0156982047706718
143,"MF","Lisier","2022-09-15","bsth",0,0,0,0,1,0,0,85,1,0.000474152740043118,7.31423001159717,5.89183770230552,0.0155586954785614,0.0155586954785614,0.162596249649672,0.668816113134986,0.0302987555199668,0.0676810890783262,0.00210610157299122,1,0.0158489319246111,0.0154188775705941
148,"MF","Lisier","2024-04-19","bsth",0,0,0,0,1,0,0,1,1,1.53990130921623,46.2193465746772,0.927648043802082,0.927648043802082,0.927648043802082,0.0187904724477816,0.198559172390265,0.148184561739176,0.0676810890783262,0.00276216162034404,0.194942558587237,0.0158489319246111,0.355854905853743
148,"MF","Lisier","2024-04-19","bsth",0,0,0,0,1,0,0,2,1,1.21565098541956,45.4590344495039,1.2856980163211,0.358049972519018,0.358049972519018,0.0260431456879173,0.198559172390265,0.168757516592335,0.0676810890783262,0.00276216162034404,1,0.0158489319246111,0.330715441596747
148,"MF","Lisier","2024-04-19","bsth",0,0,0,0,1,0,0,3,1,0.955925536292921,44.6932486126308,1.59679623453789,0.311098218216785,0.311098218216785,0.0323447624886138,0.198559172390265,0.172673894569871,0.0676810890783262,0.00276216162034404,1,0.0158489319246111,0.288513361276794
148,"MF","Lisier","2024-04-19","bsth",0,0,0,0,1,0,0,4,1,0.754640452103829,43.9262153915332,1.86285349308187,0.266057258543983,0.266057258543983,0.0377340279752445,0.198559172390265,0.168757516592335,0.0676810890783262,0.00276216162034404,1,0.0158489319246111,0.248682554898618
148,"MF","Lisier","2024-04-19","bsth",0,0,0,0,1,0,0,5,1,0.592624440027663,43.1611960523376,2.09977195379799,0.236918460716117,0.236918460716117,0.04253305691537,0.198559172390265,0.173999448041581,0.0676810890783262,0.00276216162034404,1,0.0158489319246111,0.222334524684676
148,"MF","Lisier","2024-04-19","bsth",0,0,0,0,1,0,0,6,1,0.467232401558251,42.4007027631839,2.30763242249494,0.207860468696952,0.207860468696952,0.0467434861143846,0.198559172390265,0.170053005482265,0.0676810890783262,0.00276216162034404,1,0.0158489319246111,0.196571867991759
148,"MF","Lisier","2024-04-19","bsth",0,0,0,0,1,0,0,7,1,0.377364028572791,41.6470779464804,2.48510233250761,0.17746991001267,0.17746991001267,0.050338323053549,0.198559172390265,0.145935378087059,0.0676810890783262,0.00276216162034404,1,0.0158489319246111,0.170106722489471
148,"MF","Lisier","2024-04-19","bsth",0,0,0,0,1,0,0,8,1,0.112537186494111,36.0564513895557,2.6205515421713,0.135449209663692,0.135449209663692,0.0530819871611428,0.198559172390265,0.129128351925081,1.08079824902883,0.00276216162034404,1,0.147403633147463,0.114125487616301
148,"MF","Lisier","2024-04-19","bsth",0,0,0,0,1,0,0,9,1,0.0873725528234243,34.9886816920012,2.73037673477222,0.109825192600921,0.109825192600921,0.0553066102489917,0.198559172390265,0.117805990062355,0.13529653115955,0.00276216162034404,1,0.0276775119528284,0.106937403805719
148,"MF","Lisier","2024-04-19","bsth",0,0,0,0,1,0,0,10,1,0.0729648176095544,34.3488859374203,2.83513146926179,0.104754734489565,0.104754734489565,0.0574285259532852,0.198559172390265,0.112522728921223,0.0676810890783262,0.00276216162034404,1,0.0158489319246111,0.103087374830584
148,"MF","Lisier","2024-04-19","bsth",0,0,0,0,1,0,0,11,1,0.0613411669730023,33.7200181166032,2.93622764679334,0.101096177531555,0.101096177531555,0.0594763337950361,0.198559172390265,0.105845102169546,0.0676810890783262,0.00276216162034404,1,0.0158489319246111,0.0996328019644436
148,"MF","Lisier","2024-04-19","bsth",0,0,0,0,1,0,0,12,1,0.0518145937136441,33.1020393615583,3.03421819409608,0.0979905473027425,0.0979905473027425,0.0614612338781414,0.198559172390265,0.101098252582564,0.0676810890783262,0.00276216162034404,1,0.0158489319246111,0.0966715475623391
148,"MF","Lisier","2024-04-19","bsth",0,0,0,0,1,0,0,13,1,0.044030921328471,32.494877216296,3.12935770791916,0.0951395138230811,0.0951395138230811,0.0633883833235935,0.198559172390265,0.0950986078666436,0.0676810890783262,0.00276216162034404,1,0.0158489319246111,0.093943382026068
148,"MF","Lisier","2024-04-19","bsth",0,0,0,0,1,0,0,14,1,0.03790083825668,31.8984461402722,3.22165028063229,0.092292572713125,0.092292572713125,0.0652578650265818,0.198559172390265,0.0822378260524958,0.0676810890783262,0.00276216162034404,1,0.0158489319246111,0.091225546221068
148,"MF","Lisier","2024-04-19","bsth",0,0,0,0,1,0,0,15,1,0.0327643439159125,31.3126359599827,3.31169682717778,0.0900465465454938,0.0900465465454938,0.0670818511419904,0.198559172390265,0.0779512919956303,0.0676810890783262,0.00276216162034404,1,0.0158489319246111,0.0890445842201033
148,"MF","Lisier","2024-04-19","bsth",0,0,0,0,1,0,0,16,1,0.0284069204386876,30.7373099976293,3.39968128066454,0.0879844534867522,0.0879844534867522,0.0688640674255497,0.198559172390265,0.0750269663807911,0.0676810890783262,0.00276216162034404,1,0.0158489319246111,0.0870327030528039
148,"MF","Lisier","2024-04-19","bsth",0,0,0,0,1,0,0,17,1,0.0246005403376986,30.1723192165909,3.48581570587704,0.0861344252125096,0.0861344252125096,0.070608809469232,0.198559172390265,0.0761832961787027,0.0676810890783262,0.00276216162034404,1,0.0158489319246111,0.0852149723875394
148,"MF","Lisier","2024-04-19","bsth",0,0,0,0,1,0,0,18,1,0.0213288443655463,29.6175094829151,3.57010801818246,0.084292312305418,0.084292312305418,0.0723162376070018,0.198559172390265,0.0750269663807911,0.0676810890783262,0.00276216162034404,1,0.0158489319246111,0.0834085864730386
148,"MF","Lisier","2024-04-19","bsth",0,0,0,0,1,0,0,19,1,0.0184049370246534,29.0727223854559,3.65274340802344,0.0826353898409748,0.0826353898409748,0.0739901030631874,0.198559172390265,0.0797603179250033,0.0676810890783262,0.00276216162034404,1,0.0158489319246111,0.0817715416004992
148,"MF","Lisier","2024-04-19","bsth",0,0,0,0,1,0,0,20,1,0.015628703811702,28.5377893806009,3.7339330073317,0.0811895993082596,0.0811895993082596,0.075634682533862,0.198559172390265,0.0958286446224976,0.0676810890783262,0.00276216162034404,1,0.0158489319246111,0.0803236640600394
148,"MF","Lisier","2024-04-19","bsth",0,0,0,0,1,0,0,21,1,0.0130059926219274,28.0125388400804,3.81368778444817,0.0797547771164737,0.0797547771164737,0.0772501981941373,0.198559172390265,0.116017900238018,0.0676810890783262,0.00276216162034404,1,0.0158489319246111,0.0788840876269741
148,"MF","Lisier","2024-04-19","bsth",0,0,0,0,1,0,0,22,1,0.0106824347581671,27.4968077136152,3.89187301072271,0.0781852262745351,0.0781852262745351,0.0788339209755855,0.198559172390265,0.129128351925081,0.0676810890783262,0.00276216162034404,1,0.0158489319246111,0.0773300321433973
148,"MF","Lisier","2024-04-19","bsth",0,0,0,0,1,0,0,23,1,0.00851796138735976,26.9904355024985,3.96863964447149,0.0767666337487833,0.0767666337487833,0.0803889086953389,0.198559172390265,0.158742653656222,0.0676810890783262,0.00276216162034404,1,0.0158489319246111,0.0759041088557432
148,"MF","Lisier","2024-04-19","bsth",0,0,0,0,1,0,0,24,1,0.00667130030297477,26.4932660432832,4.04383804804055,0.0751984035690589,0.0751984035690589,0.0819121302876468,0.198559172390265,0.176681160448418,0.0676810890783262,0.00276216162034404,1,0.0158489319246111,0.0743573757415502
148,"MF","Lisier","2024-04-19","bsth",0,0,0,0,1,0,0,25,1,0.00513701242809889,26.00515083849,4.11747748411735,0.0736394360768005,0.0736394360768005,0.0834037733778429,0.198559172390265,0.193662029009214,0.0676810890783262,0.00276216162034404,1,0.0158489319246111,0.072825273827206
148,"MF","Lisier","2024-04-19","bsth",0,0,0,0,1,0,0,26,1,0.0039075503661127,25.5259437093465,4.18956933990508,0.072091855787729,0.072091855787729,0.0848640686255282,0.198559172390265,0.205879908903405,0.0676810890783262,0.00276216162034404,1,0.0158489319246111,0.0713112681504301
148,"MF","Lisier","2024-04-19","bsth",0,0,0,0,1,0,0,27,1,0.00294374632221004,25.0554995156398,4.26015789014909,0.0705885502440164,0.0705885502440164,0.0862939128615519,0.198559172390265,0.215546554325866,0.0676810890783262,0.00276216162034404,1,0.0158489319246111,0.0698418535172108
148,"MF","Lisier","2024-04-19","bsth",0,0,0,0,1,0,0,28,1,0.00222853439894819,24.5936739762288,4.32926674408173,0.0691088539326365,0.0691088539326365,0.087693784315381,0.198559172390265,0.210657791142536,0.0676810890783262,0.00276216162034404,1,0.0158489319246111,0.0684011604943608
148,"MF","Lisier","2024-04-19","bsth",0,0,0,0,1,0,0,29,1,0.00173097739689658,24.140323797734,4.39693467209443,0.0676679280127033,0.0676679280127033,0.0890644683214721,0.198559172390265,0.184976841848224,0.0676810890783262,0.00276216162034404,1,0.0158489319246111,0.0669996666289673
148,"MF","Lisier","2024-04-19","bsth",0,0,0,0,1,0,0,30,1,0.00136472388171721,23.6953042003418,4.46325962317912,0.0663249510846819,0.0663249510846819,0.0904079489381607,0.198559172390265,0.170053005482265,0.0676810890783262,0.00276216162034404,1,0.0158489319246111,0.0656823352423006
148,"MF","Lisier","2024-04-19","bsth",0,0,0,0,1,0,0,31,1,0.00109597845907495,23.2584691860361,4.52829051746277,0.0650308942836526,0.0650308942836526,0.0917252170933149,0.198559172390265,0.151623500436099,0.0676810890783262,0.00276216162034404,1,0.0158489319246111,0.0644098270239909
148,"MF","Lisier","2024-04-19","bsth",0,0,0,0,1,0,0,32,1,0.000893809456470416,22.8296732794853,4.5920751986796,0.0637846812168323,0.0637846812168323,0.0930172419113515,0.198559172390265,0.136229107590103,0.0676810890783262,0.00276216162034404,1,0.0158489319246111,0.0631810102021986
148,"MF","Lisier","2024-04-19","bsth",0,0,0,0,1,0,0,33,1,0.000741140257806032,22.4087721093821,4.65464884957147,0.0625736508918662,0.0625736508918662,0.0942847360551666,0.198559172390265,0.119621638265298,0.0676810890783262,0.00276216162034404,1,0.0158489319246111,0.0619853066913943
148,"MF","Lisier","2024-04-19","bsth",0,0,0,0,1,0,0,34,1,0.000613984001035279,21.9956225729041,4.71605457207268,0.0614057225012132,0.0614057225012132,0.0955285725991063,0.198559172390265,0.120539929233885,0.0676810890783262,0.00276216162034404,1,0.0158489319246111,0.0608294740744842
148,"MF","Lisier","2024-04-19","bsth",0,0,0,0,1,0,0,35,1,0.00050674283780572,21.5900832530294,4.77631764957036,0.0602630774976785,0.0602630774976785,0.0967492636843777,0.198559172390265,0.124284130136458,0.0676810890783262,0.00276216162034404,1,0.0158489319246111,0.05969827943435
148,"MF","Lisier","2024-04-19","bsth",0,0,0,0,1,0,0,36,1,0.000423904304475197,21.1920153251746,4.83545290922973,0.0591352596593673,0.0591352596593673,0.0979471096505778,0.198559172390265,0.110814829802645,0.0676810890783262,0.00276216162034404,1,0.0158489319246111,0.0585827462722931
148,"MF","Lisier","2024-04-19","bsth",0,0,0,0,1,0,0,37,1,0.000355499975473543,20.8012823085514,4.89348947068344,0.0580365614537151,0.0580365614537151,0.0991227003460428,0.198559172390265,0.108301463435919,0.0676810890783262,0.00276216162034404,1,0.0158489319246111,0.0574950048142173
148,"MF","Lisier","2024-04-19","bsth",0,0,0,0,1,0,0,38,1,0.000302096192027597,20.4177499451674,4.95044584234713,0.0569563716636896,0.0569563716636896,0.100276410677911,0.198559172390265,0.0950986078666436,0.0676810890783262,0.00276216162034404,1,0.0158489319246111,0.0564258541996266
148,"MF","Lisier","2024-04-19","bsth",0,0,0,0,1,0,0,39,1,0.000256714811628353,20.0412862221415,5.00634794133499,0.0559020989878629,0.0559020989878629,0.10140876562419,0.198559172390265,0.0950986078666436,0.0676810890783262,0.00276216162034404,1,0.0158489319246111,0.0553816848463336
148,"MF","Lisier","2024-04-19","bsth",0,0,0,0,1,0,0,40,1,0.000220410652119034,19.6717613774456,5.0612134760359,0.0548655347009053,0.0548655347009053,0.102520123886645,0.198559172390265,0.0847922903241144,0.0676810890783262,0.00276216162034404,1,0.0158489319246111,0.0543552734053514
148,"MF","Lisier","2024-04-19","bsth",0,0,0,0,1,0,0,41,1,0.000189604852439127,19.3090479482493,5.11506452721934,0.0538510511834414,0.0538510511834414,0.103610932734146,0.198559172390265,0.0828691353543526,0.0676810890783262,0.00276216162034404,1,0.0158489319246111,0.0533504235582177
148,"MF","Lisier","2024-04-19","bsth",0,0,0,0,1,0,0,42,1,0.00016341148938313,18.9530206770605,5.16792028023857,0.0528557530192257,0.0528557530192257,0.104681580785905,0.198559172390265,0.080989599032272,0.0676810890783262,0.00276216162034404,1,0.0158489319246111,0.052364540934766
148,"MF","Lisier","2024-04-19","bsth",0,0,0,0,1,0,0,43,1,0.000139457054048018,18.6035565038212,5.21980117819561,0.0518808979570391,0.0518808979570391,0.105732482138138,0.198559172390265,0.0908337077605312,0.0676810890783262,0.00276216162034404,1,0.0158489319246111,0.0513986971780491
148,"MF","Lisier","2024-04-19","bsth",0,0,0,0,1,0,0,44,1,0.000116953233949961,18.2605345338893,5.27072584687903,0.0509246686834262,0.0509246686834262,0.106764014075495,0.198559172390265,0.108301463435919,0.0676810890783262,0.00276216162034404,1,0.0158489319246111,0.0504512138628663
148,"MF","Lisier","2024-04-19","bsth",0,0,0,0,1,0,0,45,1,9.65256644512371e-05,17.9238360990699,5.32071117016164,0.0499853232826126,0.0499853232826126,0.107776518598316,0.198559172390265,0.124284130136458,0.0676810890783262,0.00276216162034404,1,0.0158489319246111,0.04952052877043
148,"MF","Lisier","2024-04-19","bsth",0,0,0,0,1,0,0,46,1,7.76071394776283e-05,17.5933447186308,5.36977490056433,0.0490637304026844,0.0490637304026844,0.108770355302308,0.198559172390265,0.150468410235193,0.0676810890783262,0.00276216162034404,1,0.0158489319246111,0.0486073389781847
148,"MF","Lisier","2024-04-19","bsth",0,0,0,0,1,0,0,47,1,6.18070277292543e-05,17.2689461002632,5.41793225450338,0.0481573539390521,0.0481573539390521,0.109745832411752,0.198559172390265,0.159961262156289,0.0676810890783262,0.00276216162034404,1,0.0158489319246111,0.0477095068721025
148,"MF","Lisier","2024-04-19","bsth",0,0,0,0,1,0,0,48,1,4.85374923855579e-05,16.9505280882216,5.46520030326827,0.0472680487648889,0.0472680487648889,0.110703295723308,0.198559172390265,0.173999448041581,0.0676810890783262,0.00276216162034404,1,0.0158489319246111,0.0468285436267338
148,"MF","Lisier","2024-04-19","bsth",0,0,0,0,1,0,0,49,1,3.74298594166071e-05,16.6379805631489,5.51159562397883,0.0463953207105572,0.0463953207105572,0.111643081023716,0.198559172390265,0.192186683094149,0.0676810890783262,0.00276216162034404,1,0.0158489319246111,0.0459639848720898
148,"MF","Lisier","2024-04-19","bsth",0,0,0,0,1,0,0,50,1,2.34966588254375e-05,15.8092032270506,5.55640390034154,0.0448082763627164,0.0448082763627164,0.112550719096207,0.198559172390265,0.1951487006079,0.270461831998934,0.00276216162034404,1,0.0483341509410737,0.0436721597444168
148,"MF","Lisier","2024-04-19","bsth",0,0,0,0,1,0,0,51,1,1.80928189293547e-05,15.5176990852779,5.59967163966828,0.0432677393267387,0.0432677393267387,0.113427151994577,0.198559172390265,0.193662029009214,0.0676810890783262,0.00276216162034404,1,0.0158489319246111,0.0428658967414268
148,"MF","Lisier","2024-04-19","bsth",0,0,0,0,1,0,0,52,1,1.38482169456094e-05,15.2315696597225,5.64214080907382,0.0424691694055364,0.0424691694055364,0.114287409031636,0.198559172390265,0.199677542278709,0.0676810890783262,0.00276216162034404,1,0.0158489319246111,0.042074822309607
148,"MF","Lisier","2024-04-19","bsth",0,0,0,0,1,0,0,53,1,1.05668356536567e-05,14.950715917091,5.68382624156017,0.0416854324863554,0.0416854324863554,0.115131790665212,0.198559172390265,0.202755010331179,0.0676810890783262,0.00276216162034404,1,0.0158489319246111,0.0412984361817276
148,"MF","Lisier","2024-04-19","bsth",0,0,0,0,1,0,0,54,1,8.1605920287457e-06,14.6750406409171,5.72474240050739,0.040916158947212,0.040916158947212,0.115960589866055,0.198559172390265,0.190722576581977,0.0676810890783262,0.00276216162034404,1,0.0158489319246111,0.0405363904444683
148,"MF","Lisier","2024-04-19","bsth",0,0,0,0,1,0,0,55,1,6.49916929296453e-06,14.4044483997558,5.76490353309215,0.0401611325847693,0.0401611325847693,0.116774095225493,0.198559172390265,0.159961262156289,0.0676810890783262,0.00276216162034404,1,0.0158489319246111,0.0397884541473546
148,"MF","Lisier","2024-04-19","bsth",0,0,0,0,1,0,0,56,1,5.28918718168065e-06,14.1388455070817,5.8043238032367,0.0394202701445465,0.0394202701445465,0.11757259364845,0.198559172390265,0.138328696365288,0.0676810890783262,0.00276216162034404,1,0.0158489319246111,0.0390545080620024
148,"MF","Lisier","2024-04-19","bsth",0,0,0,0,1,0,0,57,1,4.28601776832644e-06,13.8781399859534,5.84301708777293,0.0386932845362251,0.0386932845362251,0.118356366224537,0.198559172390265,0.142625450420766,0.0676810890783262,0.00276216162034404,1,0.0158489319246111,0.0383342769261771
148,"MF","Lisier","2024-04-19","bsth",0,0,0,0,1,0,0,58,1,3.50977489515622e-06,13.6222415484941,5.88099675405982,0.0379796662868905,0.0379796662868905,0.119125683723461,0.198559172390265,0.132125050643849,0.0676810890783262,0.00276216162034404,1,0.0158489319246111,0.0376272965174922
148,"MF","Lisier","2024-04-19","bsth",0,0,0,0,1,0,0,59,1,2.88274354931957e-06,13.3710615694688,5.91827602238485,0.0372792683250367,0.0372792683250367,0.119880813935846,0.198559172390265,0.129128351925081,0.0676810890783262,0.00276216162034404,1,0.0158489319246111,0.0369334053343674
148,"MF","Lisier","2024-04-19","bsth",0,0,0,0,1,0,0,60,1,2.40320778593262e-06,13.1245130553056,5.9548677970251,0.0365917746402422,0.0365917746402422,0.120622018251197,0.198559172390265,0.114256950504081,0.0676810890783262,0.00276216162034404,1,0.0158489319246111,0.0362523008302624
148,"MF","Lisier","2024-04-19","bsth",0,0,0,0,1,0,0,61,1,2.02997825412043e-06,12.882510614971,5.99078478520559,0.0359169881804986,0.0359169881804986,0.121349554067525,0.198559172390265,0.101098252582564,0.0676810890783262,0.00276216162034404,1,0.0158489319246111,0.0355837816216019
148,"MF","Lisier","2024-04-19","bsth",0,0,0,0,1,0,0,62,1,1.71603418206623e-06,12.6449704289852,6.02603946929316,0.0352546840875627,0.0352546840875627,0.122063674228106,0.198559172390265,0.100328071175651,0.0676810890783262,0.00276216162034404,1,0.0158489319246111,0.0349276241757277
148,"MF","Lisier","2024-04-19","bsth",0,0,0,0,1,0,0,63,1,1.46139744754873e-06,12.4118102219298,6.06064405672991,0.0346045874367507,0.0346045874367507,0.122764626007331,0.198559172390265,0.0929416976141068,0.0676810890783262,0.00276216162034404,1,0.0158489319246111,0.0342835616587679
148,"MF","Lisier","2024-04-19","bsth",0,0,0,0,1,0,0,64,1,1.25714453785904e-06,12.1829492351433,6.09461053906654,0.0339664823366359,0.0339664823366359,0.123452652306485,0.198559172390265,0.0828691353543526,0.0676810890783262,0.00276216162034404,1,0.0158489319246111,0.0336513789783934
148,"MF","Lisier","2024-04-19","bsth",0,0,0,0,1,0,0,65,1,1.08280023319929e-06,11.9583081980635,6.12795069941464,0.0333401603480983,0.0333401603480983,0.124127991804704,0.198559172390265,0.0816113261580607,0.0676810890783262,0.00276216162034404,1,0.0158489319246111,0.0330308683176995
148,"MF","Lisier","2024-04-19","bsth",0,0,0,0,1,0,0,66,1,9.34362394922121e-07,11.7378093010044,6.16067608827919,0.032725388864546,0.032725388864546,0.124790878469437,0.198559172390265,0.0797603179250033,0.0676810890783262,0.00276216162034404,1,0.0158489319246111,0.0324218008831933
148,"MF","Lisier","2024-04-19","bsth",0,0,0,0,1,0,0,67,1,7.93421520729456e-07,11.5213761682316,6.19279805842141,0.0321219701422173,0.0321219701422173,0.125441542262628,0.198559172390265,0.0958286446224976,0.0676810890783262,0.00276216162034404,1,0.0158489319246111,0.0318239790979448
148,"MF","Lisier","2024-04-19","bsth",0,0,0,0,1,0,0,68,1,6.61438224913758e-07,11.3089338317658,6.22432773426282,0.031529675841413,0.031529675841413,0.126080208520961,0.198559172390265,0.114256950504081,0.0676810890783262,0.00276216162034404,1,0.0158489319246111,0.0312371785710282
148,"MF","Lisier","2024-04-19","bsth",0,0,0,0,1,0,0,69,1,5.39426423396971e-07,11.1004087060426,6.2552760354299,0.0309483011670819,0.0309483011670819,0.126707098432788,0.198559172390265,0.136229107590103,0.0676810890783262,0.00276216162034404,1,0.0158489319246111,0.0306611963835438
148,"MF","Lisier","2024-04-19","bsth",0,0,0,0,1,0,0,70,1,4.32189848819601e-07,10.8957285625462,6.28565367617659,0.0303776407466936,0.0303776407466936,0.127322429026426,0.198559172390265,0.15396035050582,0.0676810890783262,0.00276216162034404,1,0.0158489319246111,0.030095829801252
148,"MF","Lisier","2024-04-19","bsth",0,0,0,0,1,0,0,71,1,3.42924519504048e-07,10.6948225048489,6.31547117443231,0.0298174982557189,0.0298174982557189,0.127926413353434,0.198559172390265,0.163673504295293,0.0676810890783262,0.00276216162034404,1,0.0158489319246111,0.0295408843869432
148,"MF","Lisier","2024-04-19","bsth",0,0,0,0,1,0,0,72,1,2.69658240026649e-07,10.4976209438095,6.34473885924874,0.0292676848164248,0.0292676848164248,0.128519260639457,0.198559172390265,0.172673894569871,0.0676810890783262,0.00276216162034404,1,0.0158489319246111,0.0289961722388488
148,"MF","Lisier","2024-04-19","bsth",0,0,0,0,1,0,0,73,1,2.09747962110329e-07,10.3040555732821,6.37346687006787,0.0287280108191288,0.0287280108191288,0.129101176269403,0.198559172390265,0.183567660970597,0.0676810890783262,0.00276216162034404,1,0.0158489319246111,0.0284615053413547
148,"MF","Lisier","2024-04-19","bsth",0,0,0,0,1,0,0,74,1,1.62220401969875e-07,10.1140593464995,6.40166515785205,0.0281982877841855,0.0281982877841855,0.129672361810324,0.198559172390265,0.189269623849268,0.0676810890783262,0.00276216162034404,1,0.0158489319246111,0.0279366972561774
148,"MF","Lisier","2024-04-19","bsth",0,0,0,0,1,0,0,75,1,1.23781735512836e-07,9.92756645281783,6.42934349255445,0.0276783347023954,0.0276783347023954,0.130233015162746,0.198559172390265,0.202755010331179,0.0676810890783262,0.00276216162034404,1,0.0158489319246111,0.0274215681367555
148,"MF","Lisier","2024-04-19","bsth",0,0,0,0,1,0,0,76,1,9.50299346217796e-08,9.74451229499505,6.45651146021768,0.027167967663237,0.027167967663237,0.130783330501898,0.198559172390265,0.196646784833284,0.0676810890783262,0.00276216162034404,1,0.0158489319246111,0.026915936557537
148,"MF","Lisier","2024-04-19","bsth",0,0,0,0,1,0,0,77,1,7.26243642620857e-08,9.5648334667917,6.4831784741502,0.0266670139325136,0.0266670139325136,0.131323498504096,0.198559172390265,0.201210392742582,0.0676810890783262,0.00276216162034404,1,0.0158489319246111,0.0264196305197311
148,"MF","Lisier","2024-04-19","bsth",0,0,0,0,1,0,0,78,1,5.61681431603382e-08,9.38846773099748,6.50935377131624,0.0261752971660441,0.0261752971660441,0.131853706273623,0.198559172390265,0.189269623849268,0.0676810890783262,0.00276216162034404,1,0.0158489319246111,0.025932475871323
148,"MF","Lisier","2024-04-19","bsth",0,0,0,0,1,0,0,79,1,4.50020619087837e-08,9.21535399795564,6.53504641866017,0.025692647343929,0.025692647343929,0.132374137470835,0.198559172390265,0.15396035050582,0.0676810890783262,0.00276216162034404,1,0.0158489319246111,0.0254543040595703
148,"MF","Lisier","2024-04-19","bsth",0,0,0,0,1,0,0,80,1,3.6776749297174e-08,9.04543230433415,6.56026531774425,0.025218899084078,0.025218899084078,0.132884972406098,0.198559172390265,0.134161386917059,0.0676810890783262,0.00276216162034404,1,0.0158489319246111,0.0249849508844716
148,"MF","Lisier","2024-04-19","bsth",0,0,0,0,1,0,0,81,1,3.00548293011257e-08,8.87864379233895,6.58501920524763,0.0247538875033797,0.0247538875033797,0.133386388049903,0.198559172390265,0.134161386917059,0.0676810890783262,0.00276216162034404,1,0.0158489319246111,0.0245242531561021
148,"MF","Lisier","2024-04-19","bsth",0,0,0,0,1,0,0,82,1,2.48053197870605e-08,8.7149306894075,6.6093166554183,0.0242974501706739,0.0242974501706739,0.133878558082529,0.198559172390265,0.124284130136458,0.0676810890783262,0.00276216162034404,1,0.0158489319246111,0.0240720501571474
148,"MF","Lisier","2024-04-19","bsth",0,0,0,0,1,0,0,83,1,2.0767856328171e-08,8.55423628823383,6.63316608464271,0.0238494292244074,0.0238494292244074,0.134361652986605,0.198559172390265,0.109970626076626,0.0676810890783262,0.00276216162034404,1,0.0158489319246111,0.0236281854505679
148,"MF","Lisier","2024-04-19","bsth",0,0,0,0,1,0,0,84,1,1.74735196994456e-08,8.39650492711168,6.65657575435479,0.0234096697120805,0.0234096697120805,0.134835840106036,0.198559172390265,0.105038758562002,0.0676810890783262,0.00276216162034404,1,0.0158489319246111,0.0231925054900943
148,"MF","Lisier","2024-04-19","bsth",0,0,0,0,1,0,0,85,1,1.48158849410577e-08,8.24168197066115,6.67955377331996,0.0229780189651692,0.0229780189651692,0.135301283692269,0.198559172390265,0.097305573820302,0.0676810890783262,0.00276216162034404,1,0.0158489319246111,0.0227648590681098
150,"MF","Digestat liquide","2025-04-02","bsth",0,0,0,0,0,0,0,1,1,36.3296666379701,15.4412521866668,2.47459014066215,2.47459014066215,2.47459014066215,0.0454286631785532,0.759956486399866,0.0628769467770044,0.0676810890783262,0.00241192722391505,1,0.0158489319246111,2.32154169214232
150,"MF","Digestat liquide","2025-04-02","bsth",0,0,0,0,0,0,0,2,1,31.7076684711419,17.4393807599134,4.83743707632759,2.36284693566543,2.36284693566543,0.0888059383963795,0.759956486399866,0.068395021933806,0.0676810890783262,0.00241192722391505,1,0.0158489319246111,2.21070919777666
150,"MF","Digestat liquide","2025-04-02","bsth",0,0,0,0,0,0,0,3,1,27.5545450679584,19.1073971828676,7.03251902438681,2.19508194805922,2.19508194805922,0.129103374658298,0.759956486399866,0.0727099729214777,0.0676810890783262,0.00241192722391505,1,0.0158489319246111,2.04957587719841
150,"MF","Digestat liquide","2025-04-02","bsth",0,0,0,0,0,0,0,4,1,23.9320428910215,20.48494620831,8.96336708437113,1.93084805998432,1.93084805998432,0.164549990534056,0.759956486399866,0.0732681404271921,0.0676810890783262,0.00241192722391505,1,0.0158489319246111,1.80286447868921
150,"MF","Digestat liquide","2025-04-02","bsth",0,0,0,0,0,0,0,5,1,20.7740910125086,21.6105996619393,10.6617714609871,1.69840437661601,1.69840437661601,0.195729392366484,0.759956486399866,0.0738305927779135,0.0676810890783262,0.00241192722391505,1,0.0158489319246111,1.5858866475256
150,"MF","Digestat liquide","2025-04-02","bsth",0,0,0,0,0,0,0,6,1,18.0630684955102,22.5195016662039,12.1139203210056,1.45214886001844,1.45214886001844,0.222388021754398,0.759956486399866,0.0721560576181889,0.0676810890783262,0.00241192722391505,1,0.0158489319246111,1.35767521026104
150,"MF","Digestat liquide","2025-04-02","bsth",0,0,0,0,0,0,0,7,1,15.8213188525008,23.2463796872326,13.2659039223963,1.15198360139069,1.15198360139069,0.243536200660822,0.759956486399866,0.0648300250836683,0.0676810890783262,0.00241192722391505,1,0.0158489319246111,1.08176507408944
150,"MF","Digestat liquide","2025-04-02","bsth",0,0,0,0,0,0,0,8,1,14.0487064524425,23.826020028816,14.0856799630133,0.819776040617011,0.819776040617011,0.258585694724139,0.759956486399866,0.0511469118374371,0.0676810890783262,0.00241192722391505,1,0.0158489319246111,0.776014576698158
150,"MF","Digestat liquide","2025-04-02","bsth",0,0,0,0,0,0,0,9,1,12.444774683379,24.2820522604529,14.8521943872502,0.766514424236878,0.766514424236878,0.272657409077143,0.759956486399866,0.0535484043571291,0.0676810890783262,0.00241192722391505,1,0.0158489319246111,0.724964369778459
150,"MF","Digestat liquide","2025-04-02","bsth",0,0,0,0,0,0,0,10,1,11.0632951024013,24.6299222753458,15.4980708300638,0.645876442813629,0.645876442813629,0.284514444669992,0.759956486399866,0.0499868601710398,0.0676810890783262,0.00241192722391505,1,0.0158489319246111,0.6124249653735
150,"MF","Digestat liquide","2025-04-02","bsth",0,0,0,0,0,0,0,11,1,9.85363259193116,24.8847507967443,16.0604132293822,0.562342399318437,0.562342399318437,0.294837957654983,0.759956486399866,0.0481116140800353,0.0676810890783262,0.00241192722391505,1,0.0158489319246111,0.534094376456459
150,"MF","Digestat liquide","2025-04-02","bsth",0,0,0,0,0,0,0,12,1,8.82499797947943,25.0600777915321,16.5178385975774,0.457425368195192,0.457425368195192,0.30323539795817,0.759956486399866,0.0425707153128028,0.0676810890783262,0.00241192722391505,1,0.0158489319246111,0.436129560479304
150,"MF","Digestat liquide","2025-04-02","bsth",0,0,0,0,0,0,0,13,1,7.90885263517406,25.1671011459633,16.9288525622942,0.411013964716801,0.411013964716801,0.310780815139782,0.759956486399866,0.0419245659716253,0.0676810890783262,0.00241192722391505,1,0.0158489319246111,0.39227643046419
150,"MF","Digestat liquide","2025-04-02","bsth",0,0,0,0,0,0,0,14,1,7.10332031227961,25.2145429896952,17.2876222837214,0.358769721427194,0.358769721427194,0.317367129602758,0.759956486399866,0.0397393053867703,0.0676810890783262,0.00241192722391505,1,0.0158489319246111,0.343096657825151
150,"MF","Digestat liquide","2025-04-02","bsth",0,0,0,0,0,0,0,15,1,6.39306166059088,25.2103718100681,17.6023982191777,0.314775935456289,0.314775935456289,0.323145803700575,0.759956486399866,0.0376679485171489,0.0676810890783262,0.00241192722391505,1,0.0158489319246111,0.30161909959182
150,"MF","Digestat liquide","2025-04-02","bsth",0,0,0,0,0,0,0,16,1,5.73302877799852,25.1603468677747,17.9132372188993,0.310838999721597,0.310838999721597,0.328852203313616,0.759956486399866,0.0412882240524756,0.0676810890783262,0.00241192722391505,1,0.0158489319246111,0.297391502258825
150,"MF","Digestat liquide","2025-04-02","bsth",0,0,0,0,0,0,0,17,1,5.15978512419415,25.0699444240193,18.1787860326365,0.265548813737205,0.265548813737205,0.333727163178082,0.759956486399866,0.0376679485171489,0.0676810890783262,0.00241192722391505,1,0.0158489319246111,0.254825401876026
150,"MF","Digestat liquide","2025-04-02","bsth",0,0,0,0,0,0,0,18,1,4.64519270719855,24.9447402776127,18.422199960224,0.24341392758754,0.24341392758754,0.3381957695738,0.759956486399866,0.0373809885268093,0.0676810890783262,0.00241192722391505,1,0.0158489319246111,0.233806793461671
150,"MF","Digestat liquide","2025-04-02","bsth",0,0,0,0,0,0,0,19,1,4.17829502796042,24.7889195850653,18.6507676689681,0.228567708744063,0.228567708744063,0.342391828259805,0.759956486399866,0.0382484940649392,0.0676810890783262,0.00241192722391505,1,0.0158489319246111,0.219602562577169
150,"MF","Digestat liquide","2025-04-02","bsth",0,0,0,0,0,0,0,20,1,3.72280379788305,24.6049713750999,18.8987506323759,0.247982963407789,0.247982963407789,0.34694431326876,0.759956486399866,0.0477450927042999,0.0676810890783262,0.00241192722391505,1,0.0158489319246111,0.2370910127531
150,"MF","Digestat liquide","2025-04-02","bsth",0,0,0,0,0,0,0,21,1,3.26871866810273,24.3938144060403,19.1756680366089,0.276917404233018,0.276917404233018,0.352027978348673,0.759956486399866,0.0623979409179117,0.0676810890783262,0.00241192722391505,1,0.0158489319246111,0.262797419390609
150,"MF","Digestat liquide","2025-04-02","bsth",0,0,0,0,0,0,0,22,1,2.84985420112897,24.1572180516018,19.4463561315075,0.270688094898567,0.270688094898567,0.356997285422005,0.759956486399866,0.0694491389494064,0.0676810890783262,0.00241192722391505,1,0.0158489319246111,0.256185372272466
150,"MF","Digestat liquide","2025-04-02","bsth",0,0,0,0,0,0,0,23,1,2.46669317732628,23.8980237382659,19.7078713550168,0.261515223509285,0.261515223509285,0.361798196413144,0.759956486399866,0.0767082873460693,0.0676810890783262,0.00241192722391505,1,0.0158489319246111,0.246856103093024
150,"MF","Digestat liquide","2025-04-02","bsth",0,0,0,0,0,0,0,24,1,2.12207170323941,23.6191378266666,19.9548065450588,0.246935190042077,0.246935190042077,0.366331446340484,0.759956486399866,0.0828045399447343,0.0676810890783262,0.00241192722391505,1,0.0158489319246111,0.232684812646017
150,"MF","Digestat liquide","2025-04-02","bsth",0,0,0,0,0,0,0,25,1,1.81362292319247,23.3234214755262,20.1869565356425,0.232149990583633,0.232149990583633,0.370593268755369,0.759956486399866,0.0893852812086078,0.0676810890783262,0.00241192722391505,1,0.0158489319246111,0.218365590207603
150,"MF","Digestat liquide","2025-04-02","bsth",0,0,0,0,0,0,0,26,1,1.54461721116278,23.013725521558,20.3984444920231,0.211487956380584,0.211487956380584,0.374475776399307,0.759956486399866,0.0928692507736476,0.0676810890783262,0.00241192722391505,1,0.0158489319246111,0.198954874241923
150,"MF","Digestat liquide","2025-04-02","bsth",0,0,0,0,0,0,0,27,1,1.31172240078107,22.6928354317252,20.5900162369516,0.19157174492851,0.19157174492851,0.377992661127764,0.759956486399866,0.0957539474445183,0.0676810890783262,0.00241192722391505,1,0.0158489319246111,0.18033606539179
150,"MF","Digestat liquide","2025-04-02","bsth",0,0,0,0,0,0,0,28,1,1.10462144115396,22.3630137915444,20.7698847452978,0.179868508346239,0.179868508346239,0.381294697189341,0.759956486399866,0.104157305203495,0.0676810890783262,0.00241192722391505,1,0.0158489319246111,0.168992354353211
150,"MF","Digestat liquide","2025-04-02","bsth",0,0,0,0,0,0,0,29,1,0.931690334480055,22.0264543495103,20.9276051318469,0.157720386549055,0.157720386549055,0.384190136801418,0.759956486399866,0.102576378652424,0.0676810890783262,0.00241192722391505,1,0.0158489319246111,0.148695625428336
150,"MF","Digestat liquide","2025-04-02","bsth",0,0,0,0,0,0,0,30,1,0.791211617672372,21.6855148127101,21.0626250453628,0.135019913515919,0.135019913515919,0.386668839869342,0.759956486399866,0.0957539474445183,0.0676810890783262,0.00241192722391505,1,0.0158489319246111,0.128065519197481
150,"MF","Digestat liquide","2025-04-02","bsth",0,0,0,0,0,0,0,31,1,0.679803397848019,21.3423347553714,21.1762389155577,0.113613870194946,0.113613870194946,0.388754569605627,0.759956486399866,0.084080739177614,0.0676810890783262,0.00241192722391505,1,0.0158489319246111,0.108634530404904
150,"MF","Digestat liquide","2025-04-02","bsth",0,0,0,0,0,0,0,32,1,0.591088935319268,20.9986812493847,21.2730773049288,0.0968383893710403,0.0968383893710403,0.390532334133661,0.759956486399866,0.0721560576181889,0.0676810890783262,0.00241192722391505,1,0.0158489319246111,0.0932979382460764
150,"MF","Digestat liquide","2025-04-02","bsth",0,0,0,0,0,0,0,33,1,0.517986541050671,20.6558369080017,21.3589359655303,0.085858660601513,0.085858660601513,0.392108532191406,0.759956486399866,0.064336140385826,0.0676810890783262,0.00241192722391505,1,0.0158489319246111,0.083145630194163
150,"MF","Digestat liquide","2025-04-02","bsth",0,0,0,0,0,0,0,34,1,0.454147553134146,20.3146122202409,21.4393332365915,0.080397271061269,0.080397271061269,0.393584469756784,0.759956486399866,0.0638460181744929,0.0676810890783262,0.00241192722391505,1,0.0158489319246111,0.0779928791885804
150,"MF","Digestat liquide","2025-04-02","bsth",0,0,0,0,0,0,0,35,1,0.400589413382939,19.9756357226399,21.5125925648068,0.0732593282152223,0.0732593282152223,0.394929368571133,0.759956486399866,0.0578040670829016,0.0676810890783262,0.00241192722391505,1,0.0158489319246111,0.0713354769383328
150,"MF","Digestat liquide","2025-04-02","bsth",0,0,0,0,0,0,0,36,1,0.354708537560572,19.6394656712717,21.5807189770084,0.0681264122016358,0.0681264122016358,0.396180037028352,0.759956486399866,0.0539594756049108,0.0676810890783262,0.00241192722391505,1,0.0158489319246111,0.0665088485950385
150,"MF","Digestat liquide","2025-04-02","bsth",0,0,0,0,0,0,0,37,1,0.315089925260783,19.3065171759202,21.6446644586916,0.0639454816832199,0.0639454816832199,0.397353951731011,0.759956486399866,0.0507572671154769,0.0676810890783262,0.00241192722391505,1,0.0158489319246111,0.0625590178774426
150,"MF","Digestat liquide","2025-04-02","bsth",0,0,0,0,0,0,0,38,1,0.280004701824984,18.9770918921727,21.7058026185218,0.0611381598301968,0.0611381598301968,0.398476329463244,0.759956486399866,0.0503705907645072,0.0676810890783262,0.00241192722391505,1,0.0158489319246111,0.059875366813233
150,"MF","Digestat liquide","2025-04-02","bsth",0,0,0,0,0,0,0,39,1,0.249388941563873,18.651428215597,21.7639012468396,0.0580986283177722,0.0580986283177722,0.399542907307233,0.759956486399866,0.0481116140800353,0.0676810890783262,0.00241192722391505,1,0.0158489319246111,0.0569843919904452
150,"MF","Digestat liquide","2025-04-02","bsth",0,0,0,0,0,0,0,40,1,0.222678436262481,18.3297384213295,21.819250921565,0.0553496747254485,0.0553496747254485,0.400559019708567,0.759956486399866,0.0456038620857986,0.0676810890783262,0.00241192722391505,1,0.0158489319246111,0.0543649918024418
150,"MF","Digestat liquide","2025-04-02","bsth",0,0,0,0,0,0,0,41,1,0.198109420174598,18.0121511470216,21.873422608955,0.0541716873899247,0.0541716873899247,0.401553506552999,0.759956486399866,0.0492281466627108,0.0676810890783262,0.00241192722391505,1,0.0158489319246111,0.0531965573043937
150,"MF","Digestat liquide","2025-04-02","bsth",0,0,0,0,0,0,0,42,1,0.176317314803839,17.6987581540634,21.9256234329286,0.0522008239736209,0.0522008239736209,0.402511812177423,0.759956486399866,0.0488531193769975,0.0676810890783262,0.00241192722391505,1,0.0158489319246111,0.0513017674496176
150,"MF","Digestat liquide","2025-04-02","bsth",0,0,0,0,0,0,0,43,1,0.156501353725455,17.389641980751,21.9765044191353,0.0508809862066997,0.0508809862066997,0.403445888146851,0.759956486399866,0.0515395477174714,0.0676810890783262,0.00241192722391505,1,0.0158489319246111,0.0500085598956913
150,"MF","Digestat liquide","2025-04-02","bsth",0,0,0,0,0,0,0,44,1,0.138802170546192,17.0848628436454,22.0257964682984,0.0492920491631104,0.0492920491631104,0.404350794321824,0.759956486399866,0.0523338849760795,0.0676810890783262,0.00241192722391505,1,0.0158489319246111,0.0484715026372375
150,"MF","Digestat liquide","2025-04-02","bsth",0,0,0,0,0,0,0,45,1,0.121454462600868,16.7844224492014,22.0751942680065,0.0493977997081423,0.0493977997081423,0.405257641871173,0.759956486399866,0.065829197693462,0.0676810890783262,0.00241192722391505,1,0.0158489319246111,0.0484780552722254
150,"MF","Digestat liquide","2025-04-02","bsth",0,0,0,0,0,0,0,46,1,0.104938015087095,16.48828252175,22.1241878914004,0.0489936233939083,0.0489936233939083,0.406157069529308,0.759956486399866,0.0784884667023604,0.0676810890783262,0.00241192722391505,1,0.0158489319246111,0.0480049613927868
150,"MF","Digestat liquide","2025-04-02","bsth",0,0,0,0,0,0,0,47,1,0.0895615277686445,16.1964318016861,22.1724118575875,0.0482239661870487,0.0482239661870487,0.407042367777711,0.759956486399866,0.0907629040706549,0.0676810890783262,0.00241192722391505,1,0.0158489319246111,0.047193479146057
150,"MF","Digestat liquide","2025-04-02","bsth",0,0,0,0,0,0,0,48,1,0.0755995117210626,15.9088788770652,22.2195150443265,0.0471031867389549,0.0471031867389549,0.407907090694787,0.759956486399866,0.101794936662989,0.0676810890783262,0.00241192722391505,1,0.0158489319246111,0.0460667055729592
150,"MF","Digestat liquide","2025-04-02","bsth",0,0,0,0,0,0,0,49,1,0.0630842159284647,15.6256421014936,22.2653785905472,0.0458635462207866,0.0458635462207866,0.408749056222412,0.759956486399866,0.113298140878629,0.0676810890783262,0.00241192722391505,1,0.0158489319246111,0.0448352359592265
150,"MF","Digestat liquide","2025-04-02","bsth",0,0,0,0,0,0,0,50,1,0.0523615056105117,15.3467529615496,22.309556518668,0.0441779281208099,0.0441779281208099,0.409560077079381,0.759956486399866,0.118617809809567,0.0676810890783262,0.00241192722391505,1,0.0158489319246111,0.0432262583805108
150,"MF","Digestat liquide","2025-04-02","bsth",0,0,0,0,0,0,0,51,1,0.0437309280556978,15.0722640654978,22.3516273762843,0.0420708576162312,0.0420708576162312,0.410332416219053,0.759956486399866,0.11243501892238,0.0676810890783262,0.00241192722391505,1,0.0158489319246111,0.0412700917490463
150,"MF","Digestat liquide","2025-04-02","bsth",0,0,0,0,0,0,0,52,1,0.0364277259007973,14.8022091345674,22.3922521240565,0.040624747772231,0.040624747772231,0.411078207593929,0.759956486399866,0.115044313257251,0.0676810890783262,0.00241192722391505,1,0.0158489319246111,0.0398926538955276
150,"MF","Digestat liquide","2025-04-02","bsth",0,0,0,0,0,0,0,53,1,0.0306271386193549,14.5366034576089,22.4311698541367,0.0389177300801506,0.0389177300801506,0.411792661443249,0.759956486399866,0.105762597293617,0.0676810890783262,0.00241192722391505,1,0.0158489319246111,0.0383004353507191
150,"MF","Digestat liquide","2025-04-02","bsth",0,0,0,0,0,0,0,54,1,0.0258925567456209,14.2754519593008,22.4687416572619,0.0375718031252781,0.0375718031252781,0.412482406690813,0.759956486399866,0.100249866753388,0.0676810890783262,0.00241192722391505,1,0.0158489319246111,0.037027076577982
150,"MF","Digestat liquide","2025-04-02","bsth",0,0,0,0,0,0,0,55,1,0.0223714588351073,14.0187508824026,22.504753261163,0.0360116039010983,0.0360116039010983,0.413143509714404,0.759956486399866,0.0784884667023604,0.0676810890783262,0.00241192722391505,1,0.0158489319246111,0.0355681084004126
150,"MF","Digestat liquide","2025-04-02","bsth",0,0,0,0,0,0,0,56,1,0.0195455569306027,13.7664828249467,22.5396699133862,0.0349166522231954,0.0349166522231954,0.413784511554307,0.759956486399866,0.0673569045792436,0.0676810890783262,0.00241192722391505,1,0.0158489319246111,0.0345202829161707
150,"MF","Digestat liquide","2025-04-02","bsth",0,0,0,0,0,0,0,57,1,0.017102723278027,13.518603263408,22.573778332611,0.0341084192247472,0.0341084192247472,0.414410675807956,0.759956486399866,0.065829197693462,0.0676810890783262,0.00241192722391505,1,0.0158489319246111,0.0337317457920863
150,"MF","Digestat liquide","2025-04-02","bsth",0,0,0,0,0,0,0,58,1,0.0149031759841142,13.2750535975234,22.6072078013247,0.0334294687137415,0.0334294687137415,0.415024375850432,0.759956486399866,0.0699822742416347,0.0676810890783262,0.00241192722391505,1,0.0158489319246111,0.0330614213195896
150,"MF","Digestat liquide","2025-04-02","bsth",0,0,0,0,0,0,0,59,1,0.0131852943636886,13.0357801973869,22.6397053934646,0.0324975921399187,0.0324975921399187,0.415620968451032,0.759956486399866,0.054791109249872,0.0676810890783262,0.00241192722391505,1,0.0158489319246111,0.0321637900470226
150,"MF","Digestat liquide","2025-04-02","bsth",0,0,0,0,0,0,0,60,1,0.0116847034784906,12.8007287411534,22.6715224397385,0.0318170462738934,0.0318170462738934,0.416205067552844,0.759956486399866,0.0531404647107735,0.0676810890783262,0.00241192722391505,1,0.0158489319246111,0.0314953567095943
150,"MF","Digestat liquide","2025-04-02","bsth",0,0,0,0,0,0,0,61,1,0.0103632471310652,12.5698360861248,22.7026938242265,0.0311713844880046,0.0311713844880046,0.416777313559747,0.759956486399866,0.0523338849760795,0.0676810890783262,0.00241192722391505,1,0.0158489319246111,0.0308598788396099
150,"MF","Digestat liquide","2025-04-02","bsth",0,0,0,0,0,0,0,62,1,0.00921982799376841,12.3430389676326,22.733218499133,0.0305246749064239,0.0305246749064239,0.417337687236249,0.759956486399866,0.0492281466627108,0.0676810890783262,0.00241192722391505,1,0.0158489319246111,0.0302243867565596
150,"MF","Digestat liquide","2025-04-02","bsth",0,0,0,0,0,0,0,63,1,0.00822946779813456,12.120274355487,22.7631200618055,0.0299015626725065,0.0299015626725065,0.417886621783769,0.759956486399866,0.0459539460279128,0.0676810890783262,0.00241192722391505,1,0.0158489319246111,0.0296113961983523
150,"MF","Digestat liquide","2025-04-02","bsth",0,0,0,0,0,0,0,64,1,0.00735314845389875,11.9014781931324,22.7924381816441,0.029318119838635,0.029318119838635,0.418424845455355,0.759956486399866,0.0449116748574334,0.0676810890783262,0.00241192722391505,1,0.0158489319246111,0.0290357414713873
150,"MF","Digestat liquide","2025-04-02","bsth",0,0,0,0,0,0,0,65,1,0.00658339110832767,11.6865860659127,22.8211823678041,0.0287441861599973,0.0287441861599973,0.418952532820607,0.759956486399866,0.0428975149116458,0.0676810890783262,0.00241192722391505,1,0.0158489319246111,0.0284696062052399
150,"MF","Digestat liquide","2025-04-02","bsth",0,0,0,0,0,0,0,66,1,0.00589995263869172,11.4755337770072,22.8493756939068,0.0281933261027305,0.0281933261027305,0.419470107466347,0.759956486399866,0.0419245659716253,0.0676810890783262,0.00241192722391505,1,0.0158489319246111,0.0279255052793508
150,"MF","Digestat liquide","2025-04-02","bsth",0,0,0,0,0,0,0,67,1,0.00527349696581518,11.2682566150048,22.8770518618498,0.027676167942932,0.027676167942932,0.419978188093879,0.759956486399866,0.0445695310909004,0.0676810890783262,0.00241192722391505,1,0.0158489319246111,0.0274132521827667
150,"MF","Digestat liquide","2025-04-02","bsth",0,0,0,0,0,0,0,68,1,0.0046536362680064,11.0646883294987,22.9042682002284,0.027216338378647,0.027216338378647,0.420477827144742,0.759956486399866,0.0573637071699068,0.0676810890783262,0.00241192722391505,1,0.0158489319246111,0.0269541728342062
150,"MF","Digestat liquide","2025-04-02","bsth",0,0,0,0,0,0,0,69,1,0.00408010123198294,10.8647636382734,22.9309920012904,0.0267238010619408,0.0267238010619408,0.420968424168203,0.759956486399866,0.0638460181744929,0.0676810890783262,0.00241192722391505,1,0.0158489319246111,0.026465517417965
150,"MF","Digestat liquide","2025-04-02","bsth",0,0,0,0,0,0,0,70,1,0.00353768382736091,10.6684191829463,22.9572445866225,0.0262525853321343,0.0262525853321343,0.421450370587136,0.759956486399866,0.0749684838395523,0.0676810890783262,0.00241192722391505,1,0.0158489319246111,0.0259966654563266
150,"MF","Digestat liquide","2025-04-02","bsth",0,0,0,0,0,0,0,71,1,0.00302553158591979,10.4755922326037,22.9830332952378,0.0257887086152664,0.0257887086152664,0.421923801131549,0.759956486399866,0.0887043309460669,0.0676810890783262,0.00241192722391505,1,0.0158489319246111,0.0255347438475351
150,"MF","Digestat liquide","2025-04-02","bsth",0,0,0,0,0,0,0,72,1,0.00255585363106551,10.2862215979259,23.0083518460943,0.0253185508565466,0.0253185508565466,0.422388600493727,0.759956486399866,0.101019447813944,0.0676810890783262,0.00241192722391505,1,0.0158489319246111,0.0250678088257639
150,"MF","Digestat liquide","2025-04-02","bsth",0,0,0,0,0,0,0,73,1,0.00212713864012158,10.100247532296,23.0332071929862,0.0248553468919113,0.0248553468919113,0.422844896331807,0.759956486399866,0.115927465798743,0.0676810890783262,0.00241192722391505,1,0.0158489319246111,0.0246076557833775
150,"MF","Digestat liquide","2025-04-02","bsth",0,0,0,0,0,0,0,74,1,0.00175743515983485,9.91761197114578,23.0575859830846,0.0243787900983712,0.0243787900983712,0.423292443513816,0.759956486399866,0.12324117546508,0.0676810890783262,0.00241192722391505,1,0.0158489319246111,0.024137146684334
150,"MF","Digestat liquide","2025-04-02","bsth",0,0,0,0,0,0,0,75,1,0.00144923201278028,9.73825856207968,23.0814896163747,0.0239036332900753,0.0239036332900753,0.42373126774076,0.759956486399866,0.125140591773566,0.0676810890783262,0.00241192722391505,1,0.0158489319246111,0.0236693286911003
150,"MF","Digestat liquide","2025-04-02","bsth",0,0,0,0,0,0,0,76,1,0.00119277604162364,9.56213170133413,23.1049318722722,0.0234422558975886,0.0234422558975886,0.424161621975919,0.759956486399866,0.127069282245491,0.0676810890783262,0.00241192722391505,1,0.0158489319246111,0.0232147309645977
150,"MF","Digestat liquide","2025-04-02","bsth",0,0,0,0,0,0,0,77,1,0.000988226199503924,9.38917649097923,23.1279167887833,0.0229849165110103,0.0229849165110103,0.42458358034923,0.759956486399866,0.120445969932018,0.0676810890783262,0.00241192722391505,1,0.0158489319246111,0.0227650382518475
150,"MF","Digestat liquide","2025-04-02","bsth",0,0,0,0,0,0,0,78,1,0.000830191196746876,9.21933883649141,23.1504540139428,0.022537225159553,0.022537225159553,0.424997319979858,0.759956486399866,0.106574497542748,0.0676810890783262,0.00241192722391505,1,0.0158489319246111,0.0223248515358886
150,"MF","Digestat liquide","2025-04-02","bsth",0,0,0,0,0,0,0,79,1,0.000714655937061785,9.05256530581163,23.1725520093262,0.0220979953833726,0.0220979953833726,0.425402996205871,0.759956486399866,0.08217372274024,0.0676810890783262,0.00241192722391505,1,0.0158489319246111,0.0218928546461827
150,"MF","Digestat liquide","2025-04-02","bsth",0,0,0,0,0,0,0,80,1,0.000616347034117533,8.88880241177645,23.1942413952844,0.0216893859581901,0.0216893859581901,0.425801171157372,0.759956486399866,0.0803099589161041,0.0676810890783262,0.00241192722391505,1,0.0158489319246111,0.0214886433299534
150,"MF","Digestat liquide","2025-04-02","bsth",0,0,0,0,0,0,0,81,1,0.000533791423842487,8.72799678177454,23.2155297262226,0.0212883309381802,0.0212883309381802,0.426191983518552,0.759956486399866,0.0761239122934758,0.0676810890783262,0.00241192722391505,1,0.0158489319246111,0.0210919273397365
150,"MF","Digestat liquide","2025-04-02","bsth",0,0,0,0,0,0,0,82,1,0.00046438675066126,8.57009587005443,23.2364256982032,0.0208959719806856,0.0208959719806856,0.426575592932208,0.759956486399866,0.07160636212342,0.0676810890783262,0.00241192722391505,1,0.0158489319246111,0.0207037005863794
150,"MF","Digestat liquide","2025-04-02","bsth",0,0,0,0,0,0,0,83,1,0.000406550815751048,8.41504794282074,23.2569370016074,0.0205113034041204,0.0205113034041204,0.426952140578781,0.759956486399866,0.0653277011512337,0.0676810890783262,0.00241192722391505,1,0.0158489319246111,0.0203230422540338
150,"MF","Digestat liquide","2025-04-02","bsth",0,0,0,0,0,0,0,84,1,0.000359987160123122,8.26280214113011,23.2770699793104,0.0201329777030494,0.0201329777030494,0.427321742901131,0.759956486399866,0.0539594756049108,0.0676810890783262,0.00241192722391505,1,0.0158489319246111,0.0199487021484
150,"MF","Digestat liquide","2025-04-02","bsth",0,0,0,0,0,0,0,85,1,0.000319528901320497,8.11330833569842,23.2968359147773,0.0197659354668929,0.0197659354668929,0.427684607041733,0.759956486399866,0.0515395477174714,0.0676810890783262,0.00241192722391505,1,0.0158489319246111,0.0195851776259446
151,"MF","Digestat liquide","2025-07-04","bc",0,1,0,0,0,0,0,1,1,26.6231452602252,8.79062999051731,27.1573725763663,27.1573725763663,27.1573725763663,0.433180300454058,0.900385982620116,0.6838560115513,0.0676810890783262,0.00241192722391505,1,0.0158489319246111,18.227600292398
151,"MF","Digestat liquide","2025-07-04","bc",0,1,0,0,0,0,0,2,1,12.4249200975076,9.87964793805459,40.1173447884764,12.9599722121101,12.9599722121101,0.63990150078121,0.900385982620116,0.694395729759075,0.0676810890783262,0.00241192722391505,1,0.0158489319246111,8.65164045013149
151,"MF","Digestat liquide","2025-07-04","bc",0,1,0,0,0,0,0,3,1,5.61265278020682,10.2751060526373,46.3738263099295,6.25648152145313,6.25648152145313,0.739697036510129,0.900385982620116,0.72699957798402,0.0676810890783262,0.00241192722391505,1,0.0158489319246111,4.10517901059817
151,"MF","Digestat liquide","2025-07-04","bc",0,1,0,0,0,0,0,4,1,2.46454337986003,10.3453954084882,49.2879599870074,2.91413367707786,2.91413367707786,0.786179637072837,0.900385982620116,0.755335836137999,0.0676810890783262,0.00241192722391505,1,0.0158489319246111,1.88651027535285
151,"MF","Digestat liquide","2025-07-04","bc",0,1,0,0,0,0,0,5,1,1.07593622603743,10.2704185900435,50.5880537542049,1.30009376719752,1.30009376719752,0.806917100062286,0.900385982620116,0.761134269319773,0.0676810890783262,0.00241192722391505,1,0.0158489319246111,0.843703435438006
151,"MF","Digestat liquide","2025-07-04","bc",0,1,0,0,0,0,0,6,1,0.4751753073871,10.1338134361872,51.1636773793775,0.575623625172604,0.575623625172604,0.816098725206602,0.900385982620116,0.74958157627586,0.0676810890783262,0.00241192722391505,1,0.0158489319246111,0.380624676427404
151,"MF","Digestat liquide","2025-07-04","bc",0,1,0,0,0,0,0,7,1,0.219401816444712,9.97261253969361,51.4213003327129,0.257622953335392,0.257622953335392,0.820208003010111,0.900385982620116,0.705097888097554,0.0676810890783262,0.00241192722391505,1,0.0158489319246111,0.178752973097977
151,"MF","Digestat liquide","2025-07-04","bc",0,1,0,0,0,0,0,8,1,0.116555935647695,9.80305093785399,51.5369912018876,0.115690869174699,0.115690869174699,0.822053358459279,0.900385982620116,0.564852445781755,0.0676810890783262,0.00241192722391505,1,0.0158489319246111,0.0894811507554176
151,"MF","Digestat liquide","2025-07-04","bc",0,1,0,0,0,0,0,9,1,0.068558459993689,9.63172431256472,51.602304950144,0.0653137482563579,0.0653137482563579,0.823095161344073,0.900385982620116,0.46300339114663,0.0676810890783262,0.00241192722391505,1,0.0158489319246111,0.0549738175515878
151,"MF","Digestat liquide","2025-07-04","bc",0,1,0,0,0,0,0,10,1,0.0424013564281779,9.46108514245628,51.64780269174,0.0454977415960371,0.0454977415960371,0.8238208841775,0.900385982620116,0.412825369833041,0.0676810890783262,0.00241192722391505,1,0.0158489319246111,0.0403238044717536
151,"MF","Digestat liquide","2025-07-04","bc",0,1,0,0,0,0,0,11,1,0.0268743658177737,9.29216752184131,51.683640481502,0.0358377897619775,0.0358377897619775,0.824392523591182,0.900385982620116,0.388326375187276,0.0676810890783262,0.00241192722391505,1,0.0158489319246111,0.0328480568785812
151,"MF","Digestat liquide","2025-07-04","bc",0,1,0,0,0,0,0,12,1,0.0177653569027339,9.12549943425956,51.7134706109397,0.0298301294377339,0.0298301294377339,0.824868336352379,0.900385982620116,0.346241480123074,0.0676810890783262,0.00241192722391505,1,0.0158489319246111,0.0281611439862293
151,"MF","Digestat liquide","2025-07-04","bc",0,1,0,0,0,0,0,13,1,0.0121640123139914,8.96136348034536,51.7398826390603,0.0264120281206033,0.0264120281206033,0.825289627854151,0.900385982620116,0.311087448266117,0.0676810890783262,0.00241192722391505,1,0.0158489319246111,0.0253982280930803
151,"MF","Digestat liquide","2025-07-04","bc",0,1,0,0,0,0,0,14,1,0.00844576072044767,8.7998895277731,51.7643299611118,0.0244473220515218,0.0244473220515218,0.82567958083218,0.900385982620116,0.297136067474288,0.0676810890783262,0.00241192722391505,1,0.0158489319246111,0.0237342332467835
151,"MF","Digestat liquide","2025-07-04","bc",0,1,0,0,0,0,0,15,1,0.0060682357652168,8.64113637261346,51.78725344179,0.022923480678223,0.022923480678223,0.82604522740641,0.900385982620116,0.26291562192387,0.0676810890783262,0.00241192722391505,1,0.0158489319246111,0.0224372260428616
151,"MF","Digestat liquide","2025-07-04","bc",0,1,0,0,0,0,0,16,1,0.00441170932314405,8.48512211415672,51.8092113891577,0.0219579473676603,0.0219579473676603,0.826395473005881,0.900385982620116,0.251124609531616,0.0676810890783262,0.00241192722391505,1,0.0158489319246111,0.0215733858065197
151,"MF","Digestat liquide","2025-07-04","bc",0,1,0,0,0,0,0,17,1,0.00322570721753532,8.3318365582264,51.8304211216815,0.0212097325237579,0.0212097325237579,0.826733784021844,0.900385982620116,0.245428908436573,0.0676810890783262,0.00241192722391505,1,0.0158489319246111,0.0208874652213326
151,"MF","Digestat liquide","2025-07-04","bc",0,1,0,0,0,0,0,18,1,0.00236295259015964,8.18125663066649,51.8510099136272,0.0205887919457126,0.0205887919457126,0.827062190573544,0.900385982620116,0.243559194794962,0.0676810890783262,0.00241192722391505,1,0.0158489319246111,0.020308114423538
151,"MF","Digestat liquide","2025-07-04","bc",0,1,0,0,0,0,0,19,1,0.00165540607343574,8.03334892027883,51.8711365848514,0.0201266712242187,0.0201266712242187,0.827383225955871,0.900385982620116,0.288184505188719,0.0676810890783262,0.00241192722391505,1,0.0158489319246111,0.0198529153401885
151,"MF","Digestat liquide","2025-07-04","bc",0,1,0,0,0,0,0,20,1,0.00112530977744322,7.88807639983423,51.8907738649619,0.0196372801104658,0.0196372801104658,0.827696455185776,0.900385982620116,0.318306895767352,0.0676810890783262,0.00241192722391505,1,0.0158489319246111,0.0193836600751166
151,"MF","Digestat liquide","2025-07-04","bc",0,1,0,0,0,0,0,21,1,0.000731892793394275,7.74540184909485,51.9099582723698,0.0191844074079626,0.0191844074079626,0.828002460759093,0.900385982620116,0.362498499259741,0.0676810890783262,0.00241192722391505,1,0.0158489319246111,0.0189466556192183
151,"MF","Digestat liquide","2025-07-04","bc",0,1,0,0,0,0,0,22,1,0.000438043857448087,7.60528608172003,51.9287252378097,0.018766965439859,0.018766965439859,0.828301807822399,0.900385982620116,0.445633920521776,0.0676810890783262,0.00241192722391505,1,0.0158489319246111,0.0185386037477178
151,"MF","Digestat liquide","2025-07-04","bc",0,1,0,0,0,0,0,23,1,0.000230691169836362,7.4676890318495,51.947087662261,0.0183624244513609,0.0183624244513609,0.828594702155919,0.900385982620116,0.573558058523255,0.0676810890783262,0.00241192722391505,1,0.0158489319246111,0.0181438372551394
151,"MF","Digestat liquide","2025-07-04","bc",0,1,0,0,0,0,0,24,1,0.000112192009185169,7.33257116668237,51.9650431166573,0.0179554543962368,0.0179554543962368,0.828881105014233,0.900385982620116,0.653187028674909,0.0676810890783262,0.00241192722391505,1,0.0158489319246111,0.0177589103833365
151,"MF","Digestat liquide","2025-07-04","bc",0,1,0,0,0,0,0,25,1,5.01153049314103e-05,7.19989242530115,51.9826251160895,0.0175819994321742,0.0175819994321742,0.829161550987981,0.900385982620116,0.738204232998665,0.0676810890783262,0.00241192722391505,1,0.0158489319246111,0.017402611880082
151,"MF","Digestat liquide","2025-07-04","bc",0,1,0,0,0,0,0,26,1,2.27640872171249e-05,7.06961168620492,51.9998581464373,0.0172330303478034,0.0172330303478034,0.829436430645164,0.900385982620116,0.721461187917987,0.0676810890783262,0.00241192722391505,1,0.0158489319246111,0.0170678122938711
151,"MF","Digestat liquide","2025-07-04","bc",0,1,0,0,0,0,0,27,1,1.02831178313731e-05,6.94168712564215,52.0167662116014,0.0169080651641096,0.0169080651641096,0.82970612686586,0.900385982620116,0.72699957798402,0.0676810890783262,0.00241192722391505,1,0.0158489319246111,0.0167503199805607
151,"MF","Digestat liquide","2025-07-04","bc",0,1,0,0,0,0,0,28,1,4.69668727844519e-06,6.81607680337364,52.0333622172769,0.0165960056755665,0.0165960056755665,0.82997084550551,0.900385982620116,0.715964990124759,0.0676810890783262,0.00241192722391505,1,0.0158489319246111,0.0164432438660137
151,"MF","Digestat liquide","2025-07-04","bc",0,1,0,0,0,0,0,29,1,2.34080169672728e-06,6.69273916657898,52.0496550320349,0.0162928147579251,0.0162928147579251,0.830230728024418,0.900385982620116,0.628682860619018,0.0676810890783262,0.00241192722391505,1,0.0158489319246111,0.0161438714203412
151,"MF","Digestat liquide","2025-07-04","bc",0,1,0,0,0,0,0,30,1,1.17782773300552e-06,6.57163322836676,52.0656519863707,0.0159969543357974,0.0159969543357974,0.830485891349444,0.900385982620116,0.619140549356128,0.0676810890783262,0.00241192722391505,1,0.0158489319246111,0.0158510303299922
151,"MF","Digestat liquide","2025-07-04","bc",0,1,0,0,0,0,0,31,1,5.92650872808444e-07,6.45271866268912,52.0813589718883,0.0157069855176246,0.0157069855176246,0.830736429456052,0.900385982620116,0.619140549356128,0.0676810890783262,0.00241192722391505,1,0.0158489319246111,0.0155638547449915
151,"MF","Digestat liquide","2025-07-04","bc",0,1,0,0,0,0,0,32,1,3.29522272961818e-07,6.33595584567221,52.0967814522272,0.0154224803389553,0.0154224803389553,0.83098242949336,0.900385982620116,0.519280441267399,0.0676810890783262,0.00241192722391505,1,0.0158489319246111,0.0152820355081718
151,"MF","Digestat liquide","2025-07-04","bc",0,1,0,0,0,0,0,33,1,1.9313803920555e-07,6.22130585523528,52.1119247512123,0.0151432989850662,0.0151432989850662,0.831223976380335,0.900385982620116,0.466557696527168,0.0676810890783262,0.00241192722391505,1,0.0158489319246111,0.0150054270705827
151,"MF","Digestat liquide","2025-07-04","bc",0,1,0,0,0,0,0,34,1,1.20200919732012e-07,6.10873046561682,52.1267939756926,0.0148692244803428,0.0148692244803428,0.831461151575019,0.900385982620116,0.406559399463998,0.0676810890783262,0.00241192722391505,1,0.0158489319246111,0.0147338621823942
151,"MF","Digestat liquide","2025-07-04","bc",0,1,0,0,0,0,0,35,1,7.52710086256487e-08,5.99819213955072,52.1413941165321,0.0146001408394554,0.0146001408394554,0.831694034685405,0.900385982620116,0.400388535615858,0.0676810890783262,0.00241192722391505,1,0.0158489319246111,0.0144672330533045
151,"MF","Digestat liquide","2025-07-04","bc",0,1,0,0,0,0,0,36,1,4.93598434549075e-08,5.88965401764371,52.15573004981,0.0143359332779127,0.0143359332779127,0.831922703488588,0.900385982620116,0.354276751884859,0.0676810890783262,0.00241192722391505,1,0.0158489319246111,0.0142054343516405
151,"MF","Digestat liquide","2025-07-04","bc",0,1,0,0,0,0,0,37,1,3.27156107705844e-08,5.78307990683577,52.1698065649214,0.0140765151113413,0.0140765151113413,0.83214723437898,0.900385982620116,0.343603761433773,0.0676810890783262,0.00241192722391505,1,0.0158489319246111,0.0139483791065802
151,"MF","Digestat liquide","2025-07-04","bc",0,1,0,0,0,0,0,38,1,2.27152203778879e-08,5.67843426859959,52.1836283580191,0.013821793097712,0.013821793097712,0.832367702263715,0.900385982620116,0.297136067474288,0.0676810890783262,0.00241192722391505,1,0.0158489319246111,0.0136959769511587
151,"MF","Digestat liquide","2025-07-04","bc",0,1,0,0,0,0,0,39,1,1.00874450480614e-08,5.20623055496081,52.1967466329371,0.0131182749180425,0.0131182749180425,0.832576948509995,0.900385982620116,0.271082284333285,0.54066133064385,0.00241192722391505,1,0.0844075201259471,0.012557051944016
151,"MF","Digestat liquide","2025-07-04","bc",0,1,0,0,0,0,0,40,1,1.02830128446278e-10,3.3131865780957,52.2068493621832,0.0101027292460429,0.0101027292460429,0.832738094558933,0.900385982620116,0.266967727221904,4.31900074946028,0.00241192722391505,1,0.449533728058269,0.00799116493307129
151,"MF","Digestat liquide","2025-07-04","bc",0,1,0,0,0,0,0,41,1,1.40424858524994e-14,1.50751553181647,52.2123800765905,0.00553071440738506,0.00553071440738506,0.832826313569147,0.900385982620116,0.264933927680373,8.63381230170837,0.00241192722391505,1,0.785035558908018,0.00363601775166663
151,"MF","Digestat liquide","2025-07-04","bc",0,1,0,0,0,0,0,42,1,3.64104981007984e-15,1.29776998096003,52.2157568353394,0.00337675874889953,0.00337675874889953,0.832880175383846,0.900385982620116,0.269017139488507,1.08079824902883,0.00241192722391505,1,0.147403633147463,0.00313012674745819
151,"MF","Digestat liquide","2025-07-04","bc",0,1,0,0,0,0,0,43,1,2.58397963468065e-15,1.27428665157263,52.2188585558553,0.00310172051582924,0.00310172051582924,0.83292965013407,0.900385982620116,0.275260255777173,0.0676810890783262,0.00241192722391505,1,0.0158489319246111,0.00307348666600029
151,"MF","Digestat liquide","2025-07-04","bc",0,1,0,0,0,0,0,44,1,2.25210423891594e-16,0.98271000273981,52.2215652015574,0.00270664570216894,0.00270664570216894,0.832972823147041,0.900385982620116,0.279502618907257,2.16054818219148,0.00241192722391505,1,0.257415820683408,0.00237022500882184
151,"MF","Digestat liquide","2025-07-04","bc",0,1,0,0,0,0,0,45,1,1.46145482904493e-16,0.953581241596948,52.2239001221782,0.0023349206207115,0.0023349206207115,0.833010066868361,0.900385982620116,0.297136067474288,0.13529653115955,0.00241192722391505,1,0.0276775119528284,0.00229996855682243
151,"MF","Digestat liquide","2025-07-04","bc",0,1,0,0,0,0,0,46,1,1.00774943798103e-16,0.936326055606668,52.2261792182768,0.00227909609866828,0.00227909609866828,0.833046420147015,0.900385982620116,0.304031743438749,0.0676810890783262,0.00241192722391505,1,0.0158489319246111,0.00225835030397875
151,"MF","Digestat liquide","2025-07-04","bc",0,1,0,0,0,0,0,47,1,6.80004808372822e-17,0.919383104621201,52.2284170738127,0.00223785553587419,0.00223785553587419,0.833082115608006,0.900385982620116,0.325693885940314,0.0676810890783262,0.00241192722391505,1,0.0158489319246111,0.00221748513924343
151,"MF","Digestat liquide","2025-07-04","bc",0,1,0,0,0,0,0,48,1,4.50705899283788e-17,0.902746738704447,52.2306144350395,0.002197361226834,0.002197361226834,0.833117165154635,0.900385982620116,0.343603761433773,0.0676810890783262,0.00241192722391505,1,0.0158489319246111,0.0021773594353818
151,"MF","Digestat liquide","2025-07-04","bc",0,1,0,0,0,0,0,49,1,2.92321043939495e-17,0.886411410156691,52.2327720347075,0.00215759966798146,0.00215759966798146,0.833151580474814,0.900385982620116,0.365281265846321,0.0676810890783262,0.00241192722391505,1,0.0158489319246111,0.00213795981174586
151,"MF","Digestat liquide","2025-07-04","bc",0,1,0,0,0,0,0,50,1,3.69959890918043e-21,0.40332137561491,52.2342517244982,0.00147968979066349,0.00147968979066349,0.833175182628015,0.900385982620116,0.340986137274686,8.63381230170837,0.00241192722391505,1,0.785035558908018,0.000972781805832468
151,"MF","Digestat liquide","2025-07-04","bc",0,1,0,0,0,0,0,51,1,1.49104569943761e-21,0.369782226339432,52.2351834741196,0.000931749621472022,0.000931749621472022,0.833190044727795,0.900385982620116,0.368085394700306,0.54066133064385,0.00241192722391505,1,0.0844075201259471,0.000891887818627992
151,"MF","Digestat liquide","2025-07-04","bc",0,1,0,0,0,0,0,52,1,8.75327512794131e-22,0.358821415809483,52.2360620773119,0.000878603192241201,0.000878603192241201,0.833204059102482,0.900385982620116,0.397338316667509,0.13529653115955,0.00241192722391505,1,0.0276775119528284,0.000865451141314633
151,"MF","Digestat liquide","2025-07-04","bc",0,1,0,0,0,0,0,53,1,5.25672298549209e-22,0.352328492084684,52.2369196743925,0.000857597080582195,0.000857597080582195,0.833217738414057,0.900385982620116,0.4422390155545,0.0676810890783262,0.00241192722391505,1,0.0158489319246111,0.000849790681819986
151,"MF","Digestat liquide","2025-07-04","bc",0,1,0,0,0,0,0,54,1,2.92036666931437e-22,0.341885032202169,52.2377568074827,0.000837133090271891,0.000837133090271891,0.833231091309759,0.900385982620116,0.452502114800672,0.13529653115955,0.00241192722391505,1,0.0276775119528284,0.000824601816617483
151,"MF","Digestat liquide","2025-07-04","bc",0,1,0,0,0,0,0,55,1,1.75972600424966e-22,0.335698574708456,52.2385739259506,0.000817118467828948,0.000817118467828948,0.833244124957341,0.900385982620116,0.43886997347424,0.0676810890783262,0.00241192722391505,1,0.0158489319246111,0.000809680531368805
151,"MF","Digestat liquide","2025-07-04","bc",0,1,0,0,0,0,0,56,1,1.11863476381652e-22,0.329624062028692,52.2393762585454,0.000802332594822985,0.000802332594822985,0.833256922759246,0.900385982620116,0.385368047557045,0.0676810890783262,0.00241192722391505,1,0.0158489319246111,0.000795029248864464
151,"MF","Digestat liquide","2025-07-04","bc",0,1,0,0,0,0,0,57,1,7.29563374879515e-23,0.323659468505804,52.2401640728197,0.000787814274261223,0.000787814274261223,0.833269488983135,0.900385982620116,0.359736932199662,0.0676810890783262,0.00241192722391505,1,0.0158489319246111,0.000780643083367023
151,"MF","Digestat liquide","2025-07-04","bc",0,1,0,0,0,0,0,58,1,4.83553223316779e-23,0.317802805137269,52.2409376314844,0.000773558664739937,0.000773558664739937,0.833281827819444,0.900385982620116,0.343603761433773,0.0676810890783262,0.00241192722391505,1,0.0158489319246111,0.000766517237547148
151,"MF","Digestat liquide","2025-07-04","bc",0,1,0,0,0,0,0,59,1,3.23833013349311e-23,0.312052118911843,52.2416971924969,0.000759561012465326,0.000759561012465326,0.833293943382784,0.900385982620116,0.333252306969914,0.0676810890783262,0.00241192722391505,1,0.0158489319246111,0.00075264700088385
151,"MF","Digestat liquide","2025-07-04","bc",0,1,0,0,0,0,0,60,1,2.23299776850262e-23,0.306405492158293,52.2424430091465,0.000745816649668996,0.000745816649668996,0.83330583971331,0.900385982620116,0.304031743438749,0.0676810890783262,0.00241192722391505,1,0.0158489319246111,0.000739027748093676
151,"MF","Digestat liquide","2025-07-04","bc",0,1,0,0,0,0,0,61,1,1.53617905782387e-23,0.300861041905916,52.2431753301396,0.000732320993037661,0.000732320993037661,0.83331752077807,0.900385982620116,0.306365682416782,0.0676810890783262,0.00241192722391505,1,0.0158489319246111,0.000725654937588324
151,"MF","Digestat liquide","2025-07-04","bc",0,1,0,0,0,0,0,62,1,1.05927569665078e-23,0.295416919256626,52.2438943996818,0.000719069542199691,0.000719069542199691,0.83332899047233,0.900385982620116,0.304031743438749,0.0676810890783262,0.00241192722391505,1,0.0158489319246111,0.00071252410996017
151,"MF","Digestat liquide","2025-07-04","bc",0,1,0,0,0,0,0,63,1,7.37146844312838e-24,0.290071308768408,52.24460045756,0.000706057878225863,0.000706057878225863,0.833340252620867,0.900385982620116,0.294872441064871,0.0676810890783262,0.00241192722391505,1,0.0158489319246111,0.000699630886495191
151,"MF","Digestat liquide","2025-07-04","bc",0,1,0,0,0,0,0,64,1,5.15279379730186e-24,0.284822427849924,52.2452937392221,0.000693281662130119,0.000693281662130119,0.83335131097925,0.900385982620116,0.290396790793892,0.0676810890783262,0.00241192722391505,1,0.0158489319246111,0.000686970967712811
151,"MF","Digestat liquide","2025-07-04","bc",0,1,0,0,0,0,0,65,1,3.60189887840644e-24,0.279668526166075,52.2459744758556,0.000680736633448475,0.000680736633448475,0.833362169235091,0.900385982620116,0.290396790793892,0.0676810890783262,0.00241192722391505,1,0.0158489319246111,0.000674540131932154
151,"MF","Digestat liquide","2025-07-04","bc",0,1,0,0,0,0,0,66,1,2.51779443164578e-24,0.274607885054321,52.2466428944644,0.000668418608817944,0.000668418608817944,0.833372831009274,0.900385982620116,0.290396790793892,0.0676810890783262,0.00241192722391505,1,0.0158489319246111,0.00066233423386425
151,"MF","Digestat liquide","2025-07-04","bc",0,1,0,0,0,0,0,67,1,1.74816407317317e-24,0.269638816951561,52.247299217945,0.000656323480569654,0.000656323480569654,0.83338329985716,0.900385982620116,0.297136067474288,0.0676810890783262,0.00241192722391505,1,0.0158489319246111,0.000650349203229716
151,"MF","Digestat liquide","2025-07-04","bc",0,1,0,0,0,0,0,68,1,7.6484332691715e-25,0.247216359132622,52.2479221352531,0.000622917308177762,0.000622917308177762,0.83339323585174,0.900385982620116,0.285989073101746,0.54066133064385,0.00241192722391505,1,0.0844075201259471,0.000596267866789131
151,"MF","Digestat liquide","2025-07-04","bc",0,1,0,0,0,0,0,69,1,0,9.17448149595108e-45,52.247928097788,5.96253485696252e-06,5.96253485696252e-06,0.833393330958608,0.900385982620116,0.277373326711134,4401.25482639192,0.00241192722391505,1,100,2.21281816853893e-47
151,"MF","Digestat liquide","2025-07-04","bc",0,1,0,0,0,0,0,70,1,0,5.83853684002969e-45,52.247928097788,0,0,0.833393330958608,0.900385982620116,0.292626059295476,4.31900074946028,0.00241192722391505,1,0.449533728058269,1.40821259522986e-47
151,"MF","Digestat liquide","2025-07-04","bc",0,1,0,0,0,0,0,71,1,0,5.66547526076127e-45,52.247928097788,0,0,0.833393330958608,0.900385982620116,0.304031743438749,0.13529653115955,0.00241192722391505,1,0.0276775119528284,1.36647140178473e-47
151,"MF","Digestat liquide","2025-07-04","bc",0,1,0,0,0,0,0,72,1,0,5.56295769321344e-45,52.247928097788,0,0,0.833393330958608,0.900385982620116,0.335810561380981,0.0676810890783262,0.00241192722391505,1,0.0158489319246111,1.34174491057491e-47
151,"MF","Digestat liquide","2025-07-04","bc",0,1,0,0,0,0,0,73,1,0,5.10035670113511e-45,52.247928097788,0,0,0.833393330958608,0.900385982620116,0.354276751884859,0.54066133064385,0.00241192722391505,1,0.0844075201259471,1.23016891791453e-47
151,"MF","Digestat liquide","2025-07-04","bc",0,1,0,0,0,0,0,74,1,0,5.00806503299421e-45,52.247928097788,0,0,0.833393330958608,0.900385982620116,0.391307412801957,0.0676810890783262,0.00241192722391505,1,0.0158489319246111,1.20790883922157e-47
151,"MF","Digestat liquide","2025-07-04","bc",0,1,0,0,0,0,0,75,1,0,4.76026596351309e-45,52.247928097788,0,0,0.833393330958608,0.900385982620116,0.356996403164962,0.270461831998934,0.00241192722391505,1,0.0483341509410737,1.14814150704734e-47
151,"MF","Digestat liquide","2025-07-04","bc",0,1,0,0,0,0,0,76,1,0,3.02937972119474e-45,52.247928097788,0,0,0.833393330958608,0.900385982620116,0.311087448266117,4.31900074946028,0.00241192722391505,1,0.449533728058269,7.30664342112578e-48
151,"MF","Digestat liquide","2025-07-04","bc",0,1,0,0,0,0,0,77,1,0,2.97456267127369e-45,52.247928097788,0,0,0.833393330958608,0.900385982620116,0.373758396430215,0.0676810890783262,0.00241192722391505,1,0.0158489319246111,7.17442868608649e-48
151,"MF","Digestat liquide","2025-07-04","bc",0,1,0,0,0,0,0,78,1,0,2.8863928904488e-45,52.247928097788,0,0,0.833393330958608,0.900385982620116,0.356996403164962,0.13529653115955,0.00241192722391505,1,0.0276775119528284,6.9617695913883e-48
151,"MF","Digestat liquide","2025-07-04","bc",0,1,0,0,0,0,0,79,1,0,2.83416320723659e-45,52.247928097788,0,0,0.833393330958608,0.900385982620116,0.359736932199662,0.0676810890783262,0.00241192722391505,1,0.0158489319246111,6.83579539655231e-48
151,"MF","Digestat liquide","2025-07-04","bc",0,1,0,0,0,0,0,80,1,0,2.78287862745e-45,52.247928097788,0,0,0.833393330958608,0.900385982620116,0.348899447600848,0.0676810890783262,0.00241192722391505,1,0.0158489319246111,6.71210072239799e-48
151,"MF","Digestat liquide","2025-07-04","bc",0,1,0,0,0,0,0,81,1,0,2.7325220493103e-45,52.247928097788,0,0,0.833393330958608,0.900385982620116,0.313475551274287,0.0676810890783262,0.00241192722391505,1,0.0158489319246111,6.59064432067965e-48
151,"MF","Digestat liquide","2025-07-04","bc",0,1,0,0,0,0,0,82,1,0,2.68307668049786e-45,52.247928097788,0,0,0.833393330958608,0.900385982620116,0.288184505188719,0.0676810890783262,0.00241192722391505,1,0.0158489319246111,6.4713856895444e-48
151,"MF","Digestat liquide","2025-07-04","bc",0,1,0,0,0,0,0,83,1,0,2.63452603255239e-45,52.247928097788,0,0,0.833393330958608,0.900385982620116,0.269017139488507,0.0676810890783262,0.00241192722391505,1,0.0158489319246111,6.35428506002602e-48
151,"MF","Digestat liquide","2025-07-04","bc",0,1,0,0,0,0,0,84,1,0,2.58685391537463e-45,52.247928097788,0,0,0.833393330958608,0.900385982620116,0.251124609531616,0.0676810890783262,0.00241192722391505,1,0.0158489319246111,6.23930338278331e-48
151,"MF","Digestat liquide","2025-07-04","bc",0,1,0,0,0,0,0,85,1,0,2.54004443182741e-45,52.247928097788,0,0,0.833393330958608,0.900385982620116,0.251124609531616,0.0676810890783262,0.00241192722391505,1,0.0158489319246111,6.12640231507836e-48
