"ID_evenement","Systeme","Categorie","Date","app.mthd","app.mthd.ts","app.mthd.bc","app.mthd.os","app.mthd.cs","incorp.shallow","incorp.deep","man.source.pig","ct","dt","f","s","e","ei","j","er","f0","r1","r2","r3","f4","r5","jinst"
96,"COM","Digestat liquide","2025-04-02","bsth",0,0,0,0,0,0,0,1,1,36.3296666379701,15.4412521866668,2.47459014066215,2.47459014066215,2.47459014066215,0.0454286631785532,0.759956486399866,0.0628769467770044,0.0676810890783262,0.00241192722391505,1,0.0158489319246111,2.32154169214232
96,"COM","Digestat liquide","2025-04-02","bsth",0,0,0,0,0,0,0,2,1,31.7076684711419,17.4393807599134,4.83743707632759,2.36284693566543,2.36284693566543,0.0888059383963795,0.759956486399866,0.068395021933806,0.0676810890783262,0.00241192722391505,1,0.0158489319246111,2.21070919777666
96,"COM","Digestat liquide","2025-04-02","bsth",0,0,0,0,0,0,0,3,1,27.5545450679584,19.1073971828676,7.03251902438681,2.19508194805922,2.19508194805922,0.129103374658298,0.759956486399866,0.0727099729214777,0.0676810890783262,0.00241192722391505,1,0.0158489319246111,2.04957587719841
96,"COM","Digestat liquide","2025-04-02","bsth",0,0,0,0,0,0,0,4,1,23.9320428910215,20.48494620831,8.96336708437113,1.93084805998432,1.93084805998432,0.164549990534056,0.759956486399866,0.0732681404271921,0.0676810890783262,0.00241192722391505,1,0.0158489319246111,1.80286447868921
96,"COM","Digestat liquide","2025-04-02","bsth",0,0,0,0,0,0,0,5,1,20.7740910125086,21.6105996619393,10.6617714609871,1.69840437661601,1.69840437661601,0.195729392366484,0.759956486399866,0.0738305927779135,0.0676810890783262,0.00241192722391505,1,0.0158489319246111,1.5858866475256
96,"COM","Digestat liquide","2025-04-02","bsth",0,0,0,0,0,0,0,6,1,18.0630684955102,22.5195016662039,12.1139203210056,1.45214886001844,1.45214886001844,0.222388021754398,0.759956486399866,0.0721560576181889,0.0676810890783262,0.00241192722391505,1,0.0158489319246111,1.35767521026104
96,"COM","Digestat liquide","2025-04-02","bsth",0,0,0,0,0,0,0,7,1,15.8213188525008,23.2463796872326,13.2659039223963,1.15198360139069,1.15198360139069,0.243536200660822,0.759956486399866,0.0648300250836683,0.0676810890783262,0.00241192722391505,1,0.0158489319246111,1.08176507408944
96,"COM","Digestat liquide","2025-04-02","bsth",0,0,0,0,0,0,0,8,1,14.0487064524425,23.826020028816,14.0856799630133,0.819776040617011,0.819776040617011,0.258585694724139,0.759956486399866,0.0511469118374371,0.0676810890783262,0.00241192722391505,1,0.0158489319246111,0.776014576698158
96,"COM","Digestat liquide","2025-04-02","bsth",0,0,0,0,0,0,0,9,1,12.444774683379,24.2820522604529,14.8521943872502,0.766514424236878,0.766514424236878,0.272657409077143,0.759956486399866,0.0535484043571291,0.0676810890783262,0.00241192722391505,1,0.0158489319246111,0.724964369778459
96,"COM","Digestat liquide","2025-04-02","bsth",0,0,0,0,0,0,0,10,1,11.0632951024013,24.6299222753458,15.4980708300638,0.645876442813629,0.645876442813629,0.284514444669992,0.759956486399866,0.0499868601710398,0.0676810890783262,0.00241192722391505,1,0.0158489319246111,0.6124249653735
96,"COM","Digestat liquide","2025-04-02","bsth",0,0,0,0,0,0,0,11,1,9.85363259193116,24.8847507967443,16.0604132293822,0.562342399318437,0.562342399318437,0.294837957654983,0.759956486399866,0.0481116140800353,0.0676810890783262,0.00241192722391505,1,0.0158489319246111,0.534094376456459
96,"COM","Digestat liquide","2025-04-02","bsth",0,0,0,0,0,0,0,12,1,8.82499797947943,25.0600777915321,16.5178385975774,0.457425368195192,0.457425368195192,0.30323539795817,0.759956486399866,0.0425707153128028,0.0676810890783262,0.00241192722391505,1,0.0158489319246111,0.436129560479304
96,"COM","Digestat liquide","2025-04-02","bsth",0,0,0,0,0,0,0,13,1,7.90885263517406,25.1671011459633,16.9288525622942,0.411013964716801,0.411013964716801,0.310780815139782,0.759956486399866,0.0419245659716253,0.0676810890783262,0.00241192722391505,1,0.0158489319246111,0.39227643046419
96,"COM","Digestat liquide","2025-04-02","bsth",0,0,0,0,0,0,0,14,1,7.10332031227961,25.2145429896952,17.2876222837214,0.358769721427194,0.358769721427194,0.317367129602758,0.759956486399866,0.0397393053867703,0.0676810890783262,0.00241192722391505,1,0.0158489319246111,0.343096657825151
96,"COM","Digestat liquide","2025-04-02","bsth",0,0,0,0,0,0,0,15,1,6.39306166059088,25.2103718100681,17.6023982191777,0.314775935456289,0.314775935456289,0.323145803700575,0.759956486399866,0.0376679485171489,0.0676810890783262,0.00241192722391505,1,0.0158489319246111,0.30161909959182
96,"COM","Digestat liquide","2025-04-02","bsth",0,0,0,0,0,0,0,16,1,5.73302877799852,25.1603468677747,17.9132372188993,0.310838999721597,0.310838999721597,0.328852203313616,0.759956486399866,0.0412882240524756,0.0676810890783262,0.00241192722391505,1,0.0158489319246111,0.297391502258825
96,"COM","Digestat liquide","2025-04-02","bsth",0,0,0,0,0,0,0,17,1,5.15978512419415,25.0699444240193,18.1787860326365,0.265548813737205,0.265548813737205,0.333727163178082,0.759956486399866,0.0376679485171489,0.0676810890783262,0.00241192722391505,1,0.0158489319246111,0.254825401876026
96,"COM","Digestat liquide","2025-04-02","bsth",0,0,0,0,0,0,0,18,1,4.64519270719855,24.9447402776127,18.422199960224,0.24341392758754,0.24341392758754,0.3381957695738,0.759956486399866,0.0373809885268093,0.0676810890783262,0.00241192722391505,1,0.0158489319246111,0.233806793461671
96,"COM","Digestat liquide","2025-04-02","bsth",0,0,0,0,0,0,0,19,1,4.17829502796042,24.7889195850653,18.6507676689681,0.228567708744063,0.228567708744063,0.342391828259805,0.759956486399866,0.0382484940649392,0.0676810890783262,0.00241192722391505,1,0.0158489319246111,0.219602562577169
96,"COM","Digestat liquide","2025-04-02","bsth",0,0,0,0,0,0,0,20,1,3.72280379788305,24.6049713750999,18.8987506323759,0.247982963407789,0.247982963407789,0.34694431326876,0.759956486399866,0.0477450927042999,0.0676810890783262,0.00241192722391505,1,0.0158489319246111,0.2370910127531
96,"COM","Digestat liquide","2025-04-02","bsth",0,0,0,0,0,0,0,21,1,3.26871866810273,24.3938144060403,19.1756680366089,0.276917404233018,0.276917404233018,0.352027978348673,0.759956486399866,0.0623979409179117,0.0676810890783262,0.00241192722391505,1,0.0158489319246111,0.262797419390609
96,"COM","Digestat liquide","2025-04-02","bsth",0,0,0,0,0,0,0,22,1,2.84985420112897,24.1572180516018,19.4463561315075,0.270688094898567,0.270688094898567,0.356997285422005,0.759956486399866,0.0694491389494064,0.0676810890783262,0.00241192722391505,1,0.0158489319246111,0.256185372272466
96,"COM","Digestat liquide","2025-04-02","bsth",0,0,0,0,0,0,0,23,1,2.46669317732628,23.8980237382659,19.7078713550168,0.261515223509285,0.261515223509285,0.361798196413144,0.759956486399866,0.0767082873460693,0.0676810890783262,0.00241192722391505,1,0.0158489319246111,0.246856103093024
96,"COM","Digestat liquide","2025-04-02","bsth",0,0,0,0,0,0,0,24,1,2.12207170323941,23.6191378266666,19.9548065450588,0.246935190042077,0.246935190042077,0.366331446340484,0.759956486399866,0.0828045399447343,0.0676810890783262,0.00241192722391505,1,0.0158489319246111,0.232684812646017
96,"COM","Digestat liquide","2025-04-02","bsth",0,0,0,0,0,0,0,25,1,1.81362292319247,23.3234214755262,20.1869565356425,0.232149990583633,0.232149990583633,0.370593268755369,0.759956486399866,0.0893852812086078,0.0676810890783262,0.00241192722391505,1,0.0158489319246111,0.218365590207603
96,"COM","Digestat liquide","2025-04-02","bsth",0,0,0,0,0,0,0,26,1,1.54461721116278,23.013725521558,20.3984444920231,0.211487956380584,0.211487956380584,0.374475776399307,0.759956486399866,0.0928692507736476,0.0676810890783262,0.00241192722391505,1,0.0158489319246111,0.198954874241923
96,"COM","Digestat liquide","2025-04-02","bsth",0,0,0,0,0,0,0,27,1,1.31172240078107,22.6928354317252,20.5900162369516,0.19157174492851,0.19157174492851,0.377992661127764,0.759956486399866,0.0957539474445183,0.0676810890783262,0.00241192722391505,1,0.0158489319246111,0.18033606539179
96,"COM","Digestat liquide","2025-04-02","bsth",0,0,0,0,0,0,0,28,1,1.10462144115396,22.3630137915444,20.7698847452978,0.179868508346239,0.179868508346239,0.381294697189341,0.759956486399866,0.104157305203495,0.0676810890783262,0.00241192722391505,1,0.0158489319246111,0.168992354353211
96,"COM","Digestat liquide","2025-04-02","bsth",0,0,0,0,0,0,0,29,1,0.931690334480055,22.0264543495103,20.9276051318469,0.157720386549055,0.157720386549055,0.384190136801418,0.759956486399866,0.102576378652424,0.0676810890783262,0.00241192722391505,1,0.0158489319246111,0.148695625428336
96,"COM","Digestat liquide","2025-04-02","bsth",0,0,0,0,0,0,0,30,1,0.791211617672372,21.6855148127101,21.0626250453628,0.135019913515919,0.135019913515919,0.386668839869342,0.759956486399866,0.0957539474445183,0.0676810890783262,0.00241192722391505,1,0.0158489319246111,0.128065519197481
96,"COM","Digestat liquide","2025-04-02","bsth",0,0,0,0,0,0,0,31,1,0.679803397848019,21.3423347553714,21.1762389155577,0.113613870194946,0.113613870194946,0.388754569605627,0.759956486399866,0.084080739177614,0.0676810890783262,0.00241192722391505,1,0.0158489319246111,0.108634530404904
96,"COM","Digestat liquide","2025-04-02","bsth",0,0,0,0,0,0,0,32,1,0.591088935319268,20.9986812493847,21.2730773049288,0.0968383893710403,0.0968383893710403,0.390532334133661,0.759956486399866,0.0721560576181889,0.0676810890783262,0.00241192722391505,1,0.0158489319246111,0.0932979382460764
96,"COM","Digestat liquide","2025-04-02","bsth",0,0,0,0,0,0,0,33,1,0.517986541050671,20.6558369080017,21.3589359655303,0.085858660601513,0.085858660601513,0.392108532191406,0.759956486399866,0.064336140385826,0.0676810890783262,0.00241192722391505,1,0.0158489319246111,0.083145630194163
96,"COM","Digestat liquide","2025-04-02","bsth",0,0,0,0,0,0,0,34,1,0.454147553134146,20.3146122202409,21.4393332365915,0.080397271061269,0.080397271061269,0.393584469756784,0.759956486399866,0.0638460181744929,0.0676810890783262,0.00241192722391505,1,0.0158489319246111,0.0779928791885804
96,"COM","Digestat liquide","2025-04-02","bsth",0,0,0,0,0,0,0,35,1,0.400589413382939,19.9756357226399,21.5125925648068,0.0732593282152223,0.0732593282152223,0.394929368571133,0.759956486399866,0.0578040670829016,0.0676810890783262,0.00241192722391505,1,0.0158489319246111,0.0713354769383328
96,"COM","Digestat liquide","2025-04-02","bsth",0,0,0,0,0,0,0,36,1,0.354708537560572,19.6394656712717,21.5807189770084,0.0681264122016358,0.0681264122016358,0.396180037028352,0.759956486399866,0.0539594756049108,0.0676810890783262,0.00241192722391505,1,0.0158489319246111,0.0665088485950385
96,"COM","Digestat liquide","2025-04-02","bsth",0,0,0,0,0,0,0,37,1,0.315089925260783,19.3065171759202,21.6446644586916,0.0639454816832199,0.0639454816832199,0.397353951731011,0.759956486399866,0.0507572671154769,0.0676810890783262,0.00241192722391505,1,0.0158489319246111,0.0625590178774426
96,"COM","Digestat liquide","2025-04-02","bsth",0,0,0,0,0,0,0,38,1,0.280004701824984,18.9770918921727,21.7058026185218,0.0611381598301968,0.0611381598301968,0.398476329463244,0.759956486399866,0.0503705907645072,0.0676810890783262,0.00241192722391505,1,0.0158489319246111,0.059875366813233
96,"COM","Digestat liquide","2025-04-02","bsth",0,0,0,0,0,0,0,39,1,0.249388941563873,18.651428215597,21.7639012468396,0.0580986283177722,0.0580986283177722,0.399542907307233,0.759956486399866,0.0481116140800353,0.0676810890783262,0.00241192722391505,1,0.0158489319246111,0.0569843919904452
96,"COM","Digestat liquide","2025-04-02","bsth",0,0,0,0,0,0,0,40,1,0.222678436262481,18.3297384213295,21.819250921565,0.0553496747254485,0.0553496747254485,0.400559019708567,0.759956486399866,0.0456038620857986,0.0676810890783262,0.00241192722391505,1,0.0158489319246111,0.0543649918024418
96,"COM","Digestat liquide","2025-04-02","bsth",0,0,0,0,0,0,0,41,1,0.198109420174598,18.0121511470216,21.873422608955,0.0541716873899247,0.0541716873899247,0.401553506552999,0.759956486399866,0.0492281466627108,0.0676810890783262,0.00241192722391505,1,0.0158489319246111,0.0531965573043937
96,"COM","Digestat liquide","2025-04-02","bsth",0,0,0,0,0,0,0,42,1,0.176317314803839,17.6987581540634,21.9256234329286,0.0522008239736209,0.0522008239736209,0.402511812177423,0.759956486399866,0.0488531193769975,0.0676810890783262,0.00241192722391505,1,0.0158489319246111,0.0513017674496176
96,"COM","Digestat liquide","2025-04-02","bsth",0,0,0,0,0,0,0,43,1,0.156501353725455,17.389641980751,21.9765044191353,0.0508809862066997,0.0508809862066997,0.403445888146851,0.759956486399866,0.0515395477174714,0.0676810890783262,0.00241192722391505,1,0.0158489319246111,0.0500085598956913
96,"COM","Digestat liquide","2025-04-02","bsth",0,0,0,0,0,0,0,44,1,0.138802170546192,17.0848628436454,22.0257964682984,0.0492920491631104,0.0492920491631104,0.404350794321824,0.759956486399866,0.0523338849760795,0.0676810890783262,0.00241192722391505,1,0.0158489319246111,0.0484715026372375
96,"COM","Digestat liquide","2025-04-02","bsth",0,0,0,0,0,0,0,45,1,0.121454462600868,16.7844224492014,22.0751942680065,0.0493977997081423,0.0493977997081423,0.405257641871173,0.759956486399866,0.065829197693462,0.0676810890783262,0.00241192722391505,1,0.0158489319246111,0.0484780552722254
96,"COM","Digestat liquide","2025-04-02","bsth",0,0,0,0,0,0,0,46,1,0.104938015087095,16.48828252175,22.1241878914004,0.0489936233939083,0.0489936233939083,0.406157069529308,0.759956486399866,0.0784884667023604,0.0676810890783262,0.00241192722391505,1,0.0158489319246111,0.0480049613927868
96,"COM","Digestat liquide","2025-04-02","bsth",0,0,0,0,0,0,0,47,1,0.0895615277686445,16.1964318016861,22.1724118575875,0.0482239661870487,0.0482239661870487,0.407042367777711,0.759956486399866,0.0907629040706549,0.0676810890783262,0.00241192722391505,1,0.0158489319246111,0.047193479146057
96,"COM","Digestat liquide","2025-04-02","bsth",0,0,0,0,0,0,0,48,1,0.0755995117210626,15.9088788770652,22.2195150443265,0.0471031867389549,0.0471031867389549,0.407907090694787,0.759956486399866,0.101794936662989,0.0676810890783262,0.00241192722391505,1,0.0158489319246111,0.0460667055729592
96,"COM","Digestat liquide","2025-04-02","bsth",0,0,0,0,0,0,0,49,1,0.0630842159284647,15.6256421014936,22.2653785905472,0.0458635462207866,0.0458635462207866,0.408749056222412,0.759956486399866,0.113298140878629,0.0676810890783262,0.00241192722391505,1,0.0158489319246111,0.0448352359592265
96,"COM","Digestat liquide","2025-04-02","bsth",0,0,0,0,0,0,0,50,1,0.0523615056105117,15.3467529615496,22.309556518668,0.0441779281208099,0.0441779281208099,0.409560077079381,0.759956486399866,0.118617809809567,0.0676810890783262,0.00241192722391505,1,0.0158489319246111,0.0432262583805108
96,"COM","Digestat liquide","2025-04-02","bsth",0,0,0,0,0,0,0,51,1,0.0437309280556978,15.0722640654978,22.3516273762843,0.0420708576162312,0.0420708576162312,0.410332416219053,0.759956486399866,0.11243501892238,0.0676810890783262,0.00241192722391505,1,0.0158489319246111,0.0412700917490463
96,"COM","Digestat liquide","2025-04-02","bsth",0,0,0,0,0,0,0,52,1,0.0364277259007973,14.8022091345674,22.3922521240565,0.040624747772231,0.040624747772231,0.411078207593929,0.759956486399866,0.115044313257251,0.0676810890783262,0.00241192722391505,1,0.0158489319246111,0.0398926538955276
96,"COM","Digestat liquide","2025-04-02","bsth",0,0,0,0,0,0,0,53,1,0.0306271386193549,14.5366034576089,22.4311698541367,0.0389177300801506,0.0389177300801506,0.411792661443249,0.759956486399866,0.105762597293617,0.0676810890783262,0.00241192722391505,1,0.0158489319246111,0.0383004353507191
96,"COM","Digestat liquide","2025-04-02","bsth",0,0,0,0,0,0,0,54,1,0.0258925567456209,14.2754519593008,22.4687416572619,0.0375718031252781,0.0375718031252781,0.412482406690813,0.759956486399866,0.100249866753388,0.0676810890783262,0.00241192722391505,1,0.0158489319246111,0.037027076577982
96,"COM","Digestat liquide","2025-04-02","bsth",0,0,0,0,0,0,0,55,1,0.0223714588351073,14.0187508824026,22.504753261163,0.0360116039010983,0.0360116039010983,0.413143509714404,0.759956486399866,0.0784884667023604,0.0676810890783262,0.00241192722391505,1,0.0158489319246111,0.0355681084004126
96,"COM","Digestat liquide","2025-04-02","bsth",0,0,0,0,0,0,0,56,1,0.0195455569306027,13.7664828249467,22.5396699133862,0.0349166522231954,0.0349166522231954,0.413784511554307,0.759956486399866,0.0673569045792436,0.0676810890783262,0.00241192722391505,1,0.0158489319246111,0.0345202829161707
96,"COM","Digestat liquide","2025-04-02","bsth",0,0,0,0,0,0,0,57,1,0.017102723278027,13.518603263408,22.573778332611,0.0341084192247472,0.0341084192247472,0.414410675807956,0.759956486399866,0.065829197693462,0.0676810890783262,0.00241192722391505,1,0.0158489319246111,0.0337317457920863
96,"COM","Digestat liquide","2025-04-02","bsth",0,0,0,0,0,0,0,58,1,0.0149031759841142,13.2750535975234,22.6072078013247,0.0334294687137415,0.0334294687137415,0.415024375850432,0.759956486399866,0.0699822742416347,0.0676810890783262,0.00241192722391505,1,0.0158489319246111,0.0330614213195896
96,"COM","Digestat liquide","2025-04-02","bsth",0,0,0,0,0,0,0,59,1,0.0131852943636886,13.0357801973869,22.6397053934646,0.0324975921399187,0.0324975921399187,0.415620968451032,0.759956486399866,0.054791109249872,0.0676810890783262,0.00241192722391505,1,0.0158489319246111,0.0321637900470226
96,"COM","Digestat liquide","2025-04-02","bsth",0,0,0,0,0,0,0,60,1,0.0116847034784906,12.8007287411534,22.6715224397385,0.0318170462738934,0.0318170462738934,0.416205067552844,0.759956486399866,0.0531404647107735,0.0676810890783262,0.00241192722391505,1,0.0158489319246111,0.0314953567095943
96,"COM","Digestat liquide","2025-04-02","bsth",0,0,0,0,0,0,0,61,1,0.0103632471310652,12.5698360861248,22.7026938242265,0.0311713844880046,0.0311713844880046,0.416777313559747,0.759956486399866,0.0523338849760795,0.0676810890783262,0.00241192722391505,1,0.0158489319246111,0.0308598788396099
96,"COM","Digestat liquide","2025-04-02","bsth",0,0,0,0,0,0,0,62,1,0.00921982799376841,12.3430389676326,22.733218499133,0.0305246749064239,0.0305246749064239,0.417337687236249,0.759956486399866,0.0492281466627108,0.0676810890783262,0.00241192722391505,1,0.0158489319246111,0.0302243867565596
96,"COM","Digestat liquide","2025-04-02","bsth",0,0,0,0,0,0,0,63,1,0.00822946779813456,12.120274355487,22.7631200618055,0.0299015626725065,0.0299015626725065,0.417886621783769,0.759956486399866,0.0459539460279128,0.0676810890783262,0.00241192722391505,1,0.0158489319246111,0.0296113961983523
96,"COM","Digestat liquide","2025-04-02","bsth",0,0,0,0,0,0,0,64,1,0.00735314845389875,11.9014781931324,22.7924381816441,0.029318119838635,0.029318119838635,0.418424845455355,0.759956486399866,0.0449116748574334,0.0676810890783262,0.00241192722391505,1,0.0158489319246111,0.0290357414713873
96,"COM","Digestat liquide","2025-04-02","bsth",0,0,0,0,0,0,0,65,1,0.00658339110832767,11.6865860659127,22.8211823678041,0.0287441861599973,0.0287441861599973,0.418952532820607,0.759956486399866,0.0428975149116458,0.0676810890783262,0.00241192722391505,1,0.0158489319246111,0.0284696062052399
96,"COM","Digestat liquide","2025-04-02","bsth",0,0,0,0,0,0,0,66,1,0.00589995263869172,11.4755337770072,22.8493756939068,0.0281933261027305,0.0281933261027305,0.419470107466347,0.759956486399866,0.0419245659716253,0.0676810890783262,0.00241192722391505,1,0.0158489319246111,0.0279255052793508
96,"COM","Digestat liquide","2025-04-02","bsth",0,0,0,0,0,0,0,67,1,0.00527349696581518,11.2682566150048,22.8770518618498,0.027676167942932,0.027676167942932,0.419978188093879,0.759956486399866,0.0445695310909004,0.0676810890783262,0.00241192722391505,1,0.0158489319246111,0.0274132521827667
96,"COM","Digestat liquide","2025-04-02","bsth",0,0,0,0,0,0,0,68,1,0.0046536362680064,11.0646883294987,22.9042682002284,0.027216338378647,0.027216338378647,0.420477827144742,0.759956486399866,0.0573637071699068,0.0676810890783262,0.00241192722391505,1,0.0158489319246111,0.0269541728342062
96,"COM","Digestat liquide","2025-04-02","bsth",0,0,0,0,0,0,0,69,1,0.00408010123198294,10.8647636382734,22.9309920012904,0.0267238010619408,0.0267238010619408,0.420968424168203,0.759956486399866,0.0638460181744929,0.0676810890783262,0.00241192722391505,1,0.0158489319246111,0.026465517417965
96,"COM","Digestat liquide","2025-04-02","bsth",0,0,0,0,0,0,0,70,1,0.00353768382736091,10.6684191829463,22.9572445866225,0.0262525853321343,0.0262525853321343,0.421450370587136,0.759956486399866,0.0749684838395523,0.0676810890783262,0.00241192722391505,1,0.0158489319246111,0.0259966654563266
96,"COM","Digestat liquide","2025-04-02","bsth",0,0,0,0,0,0,0,71,1,0.00302553158591979,10.4755922326037,22.9830332952378,0.0257887086152664,0.0257887086152664,0.421923801131549,0.759956486399866,0.0887043309460669,0.0676810890783262,0.00241192722391505,1,0.0158489319246111,0.0255347438475351
96,"COM","Digestat liquide","2025-04-02","bsth",0,0,0,0,0,0,0,72,1,0.00255585363106551,10.2862215979259,23.0083518460943,0.0253185508565466,0.0253185508565466,0.422388600493727,0.759956486399866,0.101019447813944,0.0676810890783262,0.00241192722391505,1,0.0158489319246111,0.0250678088257639
96,"COM","Digestat liquide","2025-04-02","bsth",0,0,0,0,0,0,0,73,1,0.00212713864012158,10.100247532296,23.0332071929862,0.0248553468919113,0.0248553468919113,0.422844896331807,0.759956486399866,0.115927465798743,0.0676810890783262,0.00241192722391505,1,0.0158489319246111,0.0246076557833775
96,"COM","Digestat liquide","2025-04-02","bsth",0,0,0,0,0,0,0,74,1,0.00175743515983485,9.91761197114578,23.0575859830846,0.0243787900983712,0.0243787900983712,0.423292443513816,0.759956486399866,0.12324117546508,0.0676810890783262,0.00241192722391505,1,0.0158489319246111,0.024137146684334
96,"COM","Digestat liquide","2025-04-02","bsth",0,0,0,0,0,0,0,75,1,0.00144923201278028,9.73825856207968,23.0814896163747,0.0239036332900753,0.0239036332900753,0.42373126774076,0.759956486399866,0.125140591773566,0.0676810890783262,0.00241192722391505,1,0.0158489319246111,0.0236693286911003
96,"COM","Digestat liquide","2025-04-02","bsth",0,0,0,0,0,0,0,76,1,0.00119277604162364,9.56213170133413,23.1049318722722,0.0234422558975886,0.0234422558975886,0.424161621975919,0.759956486399866,0.127069282245491,0.0676810890783262,0.00241192722391505,1,0.0158489319246111,0.0232147309645977
96,"COM","Digestat liquide","2025-04-02","bsth",0,0,0,0,0,0,0,77,1,0.000988226199503924,9.38917649097923,23.1279167887833,0.0229849165110103,0.0229849165110103,0.42458358034923,0.759956486399866,0.120445969932018,0.0676810890783262,0.00241192722391505,1,0.0158489319246111,0.0227650382518475
96,"COM","Digestat liquide","2025-04-02","bsth",0,0,0,0,0,0,0,78,1,0.000830191196746876,9.21933883649141,23.1504540139428,0.022537225159553,0.022537225159553,0.424997319979858,0.759956486399866,0.106574497542748,0.0676810890783262,0.00241192722391505,1,0.0158489319246111,0.0223248515358886
96,"COM","Digestat liquide","2025-04-02","bsth",0,0,0,0,0,0,0,79,1,0.000714655937061785,9.05256530581163,23.1725520093262,0.0220979953833726,0.0220979953833726,0.425402996205871,0.759956486399866,0.08217372274024,0.0676810890783262,0.00241192722391505,1,0.0158489319246111,0.0218928546461827
96,"COM","Digestat liquide","2025-04-02","bsth",0,0,0,0,0,0,0,80,1,0.000616347034117533,8.88880241177645,23.1942413952844,0.0216893859581901,0.0216893859581901,0.425801171157372,0.759956486399866,0.0803099589161041,0.0676810890783262,0.00241192722391505,1,0.0158489319246111,0.0214886433299534
96,"COM","Digestat liquide","2025-04-02","bsth",0,0,0,0,0,0,0,81,1,0.000533791423842487,8.72799678177454,23.2155297262226,0.0212883309381802,0.0212883309381802,0.426191983518552,0.759956486399866,0.0761239122934758,0.0676810890783262,0.00241192722391505,1,0.0158489319246111,0.0210919273397365
96,"COM","Digestat liquide","2025-04-02","bsth",0,0,0,0,0,0,0,82,1,0.00046438675066126,8.57009587005443,23.2364256982032,0.0208959719806856,0.0208959719806856,0.426575592932208,0.759956486399866,0.07160636212342,0.0676810890783262,0.00241192722391505,1,0.0158489319246111,0.0207037005863794
96,"COM","Digestat liquide","2025-04-02","bsth",0,0,0,0,0,0,0,83,1,0.000406550815751048,8.41504794282074,23.2569370016074,0.0205113034041204,0.0205113034041204,0.426952140578781,0.759956486399866,0.0653277011512337,0.0676810890783262,0.00241192722391505,1,0.0158489319246111,0.0203230422540338
96,"COM","Digestat liquide","2025-04-02","bsth",0,0,0,0,0,0,0,84,1,0.000359987160123122,8.26280214113011,23.2770699793104,0.0201329777030494,0.0201329777030494,0.427321742901131,0.759956486399866,0.0539594756049108,0.0676810890783262,0.00241192722391505,1,0.0158489319246111,0.0199487021484
96,"COM","Digestat liquide","2025-04-02","bsth",0,0,0,0,0,0,0,85,1,0.000319528901320497,8.11330833569842,23.2968359147773,0.0197659354668929,0.0197659354668929,0.427684607041733,0.759956486399866,0.0515395477174714,0.0676810890783262,0.00241192722391505,1,0.0158489319246111,0.0195851776259446
97,"COM","Digestat liquide","2025-07-04","bc",0,1,0,0,0,0,0,1,1,26.6231452602252,8.79062999051731,27.1573725763663,27.1573725763663,27.1573725763663,0.433180300454058,0.900385982620116,0.6838560115513,0.0676810890783262,0.00241192722391505,1,0.0158489319246111,18.227600292398
97,"COM","Digestat liquide","2025-07-04","bc",0,1,0,0,0,0,0,2,1,12.4249200975076,9.87964793805459,40.1173447884764,12.9599722121101,12.9599722121101,0.63990150078121,0.900385982620116,0.694395729759075,0.0676810890783262,0.00241192722391505,1,0.0158489319246111,8.65164045013149
97,"COM","Digestat liquide","2025-07-04","bc",0,1,0,0,0,0,0,3,1,5.61265278020682,10.2751060526373,46.3738263099295,6.25648152145313,6.25648152145313,0.739697036510129,0.900385982620116,0.72699957798402,0.0676810890783262,0.00241192722391505,1,0.0158489319246111,4.10517901059817
97,"COM","Digestat liquide","2025-07-04","bc",0,1,0,0,0,0,0,4,1,2.46454337986003,10.3453954084882,49.2879599870074,2.91413367707786,2.91413367707786,0.786179637072837,0.900385982620116,0.755335836137999,0.0676810890783262,0.00241192722391505,1,0.0158489319246111,1.88651027535285
97,"COM","Digestat liquide","2025-07-04","bc",0,1,0,0,0,0,0,5,1,1.07593622603743,10.2704185900435,50.5880537542049,1.30009376719752,1.30009376719752,0.806917100062286,0.900385982620116,0.761134269319773,0.0676810890783262,0.00241192722391505,1,0.0158489319246111,0.843703435438006
97,"COM","Digestat liquide","2025-07-04","bc",0,1,0,0,0,0,0,6,1,0.4751753073871,10.1338134361872,51.1636773793775,0.575623625172604,0.575623625172604,0.816098725206602,0.900385982620116,0.74958157627586,0.0676810890783262,0.00241192722391505,1,0.0158489319246111,0.380624676427404
97,"COM","Digestat liquide","2025-07-04","bc",0,1,0,0,0,0,0,7,1,0.219401816444712,9.97261253969361,51.4213003327129,0.257622953335392,0.257622953335392,0.820208003010111,0.900385982620116,0.705097888097554,0.0676810890783262,0.00241192722391505,1,0.0158489319246111,0.178752973097977
97,"COM","Digestat liquide","2025-07-04","bc",0,1,0,0,0,0,0,8,1,0.116555935647695,9.80305093785399,51.5369912018876,0.115690869174699,0.115690869174699,0.822053358459279,0.900385982620116,0.564852445781755,0.0676810890783262,0.00241192722391505,1,0.0158489319246111,0.0894811507554176
97,"COM","Digestat liquide","2025-07-04","bc",0,1,0,0,0,0,0,9,1,0.068558459993689,9.63172431256472,51.602304950144,0.0653137482563579,0.0653137482563579,0.823095161344073,0.900385982620116,0.46300339114663,0.0676810890783262,0.00241192722391505,1,0.0158489319246111,0.0549738175515878
97,"COM","Digestat liquide","2025-07-04","bc",0,1,0,0,0,0,0,10,1,0.0424013564281779,9.46108514245628,51.64780269174,0.0454977415960371,0.0454977415960371,0.8238208841775,0.900385982620116,0.412825369833041,0.0676810890783262,0.00241192722391505,1,0.0158489319246111,0.0403238044717536
97,"COM","Digestat liquide","2025-07-04","bc",0,1,0,0,0,0,0,11,1,0.0268743658177737,9.29216752184131,51.683640481502,0.0358377897619775,0.0358377897619775,0.824392523591182,0.900385982620116,0.388326375187276,0.0676810890783262,0.00241192722391505,1,0.0158489319246111,0.0328480568785812
97,"COM","Digestat liquide","2025-07-04","bc",0,1,0,0,0,0,0,12,1,0.0177653569027339,9.12549943425956,51.7134706109397,0.0298301294377339,0.0298301294377339,0.824868336352379,0.900385982620116,0.346241480123074,0.0676810890783262,0.00241192722391505,1,0.0158489319246111,0.0281611439862293
97,"COM","Digestat liquide","2025-07-04","bc",0,1,0,0,0,0,0,13,1,0.0121640123139914,8.96136348034536,51.7398826390603,0.0264120281206033,0.0264120281206033,0.825289627854151,0.900385982620116,0.311087448266117,0.0676810890783262,0.00241192722391505,1,0.0158489319246111,0.0253982280930803
97,"COM","Digestat liquide","2025-07-04","bc",0,1,0,0,0,0,0,14,1,0.00844576072044767,8.7998895277731,51.7643299611118,0.0244473220515218,0.0244473220515218,0.82567958083218,0.900385982620116,0.297136067474288,0.0676810890783262,0.00241192722391505,1,0.0158489319246111,0.0237342332467835
97,"COM","Digestat liquide","2025-07-04","bc",0,1,0,0,0,0,0,15,1,0.0060682357652168,8.64113637261346,51.78725344179,0.022923480678223,0.022923480678223,0.82604522740641,0.900385982620116,0.26291562192387,0.0676810890783262,0.00241192722391505,1,0.0158489319246111,0.0224372260428616
97,"COM","Digestat liquide","2025-07-04","bc",0,1,0,0,0,0,0,16,1,0.00441170932314405,8.48512211415672,51.8092113891577,0.0219579473676603,0.0219579473676603,0.826395473005881,0.900385982620116,0.251124609531616,0.0676810890783262,0.00241192722391505,1,0.0158489319246111,0.0215733858065197
97,"COM","Digestat liquide","2025-07-04","bc",0,1,0,0,0,0,0,17,1,0.00322570721753532,8.3318365582264,51.8304211216815,0.0212097325237579,0.0212097325237579,0.826733784021844,0.900385982620116,0.245428908436573,0.0676810890783262,0.00241192722391505,1,0.0158489319246111,0.0208874652213326
97,"COM","Digestat liquide","2025-07-04","bc",0,1,0,0,0,0,0,18,1,0.00236295259015964,8.18125663066649,51.8510099136272,0.0205887919457126,0.0205887919457126,0.827062190573544,0.900385982620116,0.243559194794962,0.0676810890783262,0.00241192722391505,1,0.0158489319246111,0.020308114423538
97,"COM","Digestat liquide","2025-07-04","bc",0,1,0,0,0,0,0,19,1,0.00165540607343574,8.03334892027883,51.8711365848514,0.0201266712242187,0.0201266712242187,0.827383225955871,0.900385982620116,0.288184505188719,0.0676810890783262,0.00241192722391505,1,0.0158489319246111,0.0198529153401885
97,"COM","Digestat liquide","2025-07-04","bc",0,1,0,0,0,0,0,20,1,0.00112530977744322,7.88807639983423,51.8907738649619,0.0196372801104658,0.0196372801104658,0.827696455185776,0.900385982620116,0.318306895767352,0.0676810890783262,0.00241192722391505,1,0.0158489319246111,0.0193836600751166
97,"COM","Digestat liquide","2025-07-04","bc",0,1,0,0,0,0,0,21,1,0.000731892793394275,7.74540184909485,51.9099582723698,0.0191844074079626,0.0191844074079626,0.828002460759093,0.900385982620116,0.362498499259741,0.0676810890783262,0.00241192722391505,1,0.0158489319246111,0.0189466556192183
97,"COM","Digestat liquide","2025-07-04","bc",0,1,0,0,0,0,0,22,1,0.000438043857448087,7.60528608172003,51.9287252378097,0.018766965439859,0.018766965439859,0.828301807822399,0.900385982620116,0.445633920521776,0.0676810890783262,0.00241192722391505,1,0.0158489319246111,0.0185386037477178
97,"COM","Digestat liquide","2025-07-04","bc",0,1,0,0,0,0,0,23,1,0.000230691169836362,7.4676890318495,51.947087662261,0.0183624244513609,0.0183624244513609,0.828594702155919,0.900385982620116,0.573558058523255,0.0676810890783262,0.00241192722391505,1,0.0158489319246111,0.0181438372551394
97,"COM","Digestat liquide","2025-07-04","bc",0,1,0,0,0,0,0,24,1,0.000112192009185169,7.33257116668237,51.9650431166573,0.0179554543962368,0.0179554543962368,0.828881105014233,0.900385982620116,0.653187028674909,0.0676810890783262,0.00241192722391505,1,0.0158489319246111,0.0177589103833365
97,"COM","Digestat liquide","2025-07-04","bc",0,1,0,0,0,0,0,25,1,5.01153049314103e-05,7.19989242530115,51.9826251160895,0.0175819994321742,0.0175819994321742,0.829161550987981,0.900385982620116,0.738204232998665,0.0676810890783262,0.00241192722391505,1,0.0158489319246111,0.017402611880082
97,"COM","Digestat liquide","2025-07-04","bc",0,1,0,0,0,0,0,26,1,2.27640872171249e-05,7.06961168620492,51.9998581464373,0.0172330303478034,0.0172330303478034,0.829436430645164,0.900385982620116,0.721461187917987,0.0676810890783262,0.00241192722391505,1,0.0158489319246111,0.0170678122938711
97,"COM","Digestat liquide","2025-07-04","bc",0,1,0,0,0,0,0,27,1,1.02831178313731e-05,6.94168712564215,52.0167662116014,0.0169080651641096,0.0169080651641096,0.82970612686586,0.900385982620116,0.72699957798402,0.0676810890783262,0.00241192722391505,1,0.0158489319246111,0.0167503199805607
97,"COM","Digestat liquide","2025-07-04","bc",0,1,0,0,0,0,0,28,1,4.69668727844519e-06,6.81607680337364,52.0333622172769,0.0165960056755665,0.0165960056755665,0.82997084550551,0.900385982620116,0.715964990124759,0.0676810890783262,0.00241192722391505,1,0.0158489319246111,0.0164432438660137
97,"COM","Digestat liquide","2025-07-04","bc",0,1,0,0,0,0,0,29,1,2.34080169672728e-06,6.69273916657898,52.0496550320349,0.0162928147579251,0.0162928147579251,0.830230728024418,0.900385982620116,0.628682860619018,0.0676810890783262,0.00241192722391505,1,0.0158489319246111,0.0161438714203412
97,"COM","Digestat liquide","2025-07-04","bc",0,1,0,0,0,0,0,30,1,1.17782773300552e-06,6.57163322836676,52.0656519863707,0.0159969543357974,0.0159969543357974,0.830485891349444,0.900385982620116,0.619140549356128,0.0676810890783262,0.00241192722391505,1,0.0158489319246111,0.0158510303299922
97,"COM","Digestat liquide","2025-07-04","bc",0,1,0,0,0,0,0,31,1,5.92650872808444e-07,6.45271866268912,52.0813589718883,0.0157069855176246,0.0157069855176246,0.830736429456052,0.900385982620116,0.619140549356128,0.0676810890783262,0.00241192722391505,1,0.0158489319246111,0.0155638547449915
97,"COM","Digestat liquide","2025-07-04","bc",0,1,0,0,0,0,0,32,1,3.29522272961818e-07,6.33595584567221,52.0967814522272,0.0154224803389553,0.0154224803389553,0.83098242949336,0.900385982620116,0.519280441267399,0.0676810890783262,0.00241192722391505,1,0.0158489319246111,0.0152820355081718
97,"COM","Digestat liquide","2025-07-04","bc",0,1,0,0,0,0,0,33,1,1.9313803920555e-07,6.22130585523528,52.1119247512123,0.0151432989850662,0.0151432989850662,0.831223976380335,0.900385982620116,0.466557696527168,0.0676810890783262,0.00241192722391505,1,0.0158489319246111,0.0150054270705827
97,"COM","Digestat liquide","2025-07-04","bc",0,1,0,0,0,0,0,34,1,1.20200919732012e-07,6.10873046561682,52.1267939756926,0.0148692244803428,0.0148692244803428,0.831461151575019,0.900385982620116,0.406559399463998,0.0676810890783262,0.00241192722391505,1,0.0158489319246111,0.0147338621823942
97,"COM","Digestat liquide","2025-07-04","bc",0,1,0,0,0,0,0,35,1,7.52710086256487e-08,5.99819213955072,52.1413941165321,0.0146001408394554,0.0146001408394554,0.831694034685405,0.900385982620116,0.400388535615858,0.0676810890783262,0.00241192722391505,1,0.0158489319246111,0.0144672330533045
97,"COM","Digestat liquide","2025-07-04","bc",0,1,0,0,0,0,0,36,1,4.93598434549075e-08,5.88965401764371,52.15573004981,0.0143359332779127,0.0143359332779127,0.831922703488588,0.900385982620116,0.354276751884859,0.0676810890783262,0.00241192722391505,1,0.0158489319246111,0.0142054343516405
97,"COM","Digestat liquide","2025-07-04","bc",0,1,0,0,0,0,0,37,1,3.27156107705844e-08,5.78307990683577,52.1698065649214,0.0140765151113413,0.0140765151113413,0.83214723437898,0.900385982620116,0.343603761433773,0.0676810890783262,0.00241192722391505,1,0.0158489319246111,0.0139483791065802
97,"COM","Digestat liquide","2025-07-04","bc",0,1,0,0,0,0,0,38,1,2.27152203778879e-08,5.67843426859959,52.1836283580191,0.013821793097712,0.013821793097712,0.832367702263715,0.900385982620116,0.297136067474288,0.0676810890783262,0.00241192722391505,1,0.0158489319246111,0.0136959769511587
97,"COM","Digestat liquide","2025-07-04","bc",0,1,0,0,0,0,0,39,1,1.00874450480614e-08,5.20623055496081,52.1967466329371,0.0131182749180425,0.0131182749180425,0.832576948509995,0.900385982620116,0.271082284333285,0.54066133064385,0.00241192722391505,1,0.0844075201259471,0.012557051944016
97,"COM","Digestat liquide","2025-07-04","bc",0,1,0,0,0,0,0,40,1,1.02830128446278e-10,3.3131865780957,52.2068493621832,0.0101027292460429,0.0101027292460429,0.832738094558933,0.900385982620116,0.266967727221904,4.31900074946028,0.00241192722391505,1,0.449533728058269,0.00799116493307129
97,"COM","Digestat liquide","2025-07-04","bc",0,1,0,0,0,0,0,41,1,1.40424858524994e-14,1.50751553181647,52.2123800765905,0.00553071440738506,0.00553071440738506,0.832826313569147,0.900385982620116,0.264933927680373,8.63381230170837,0.00241192722391505,1,0.785035558908018,0.00363601775166663
97,"COM","Digestat liquide","2025-07-04","bc",0,1,0,0,0,0,0,42,1,3.64104981007984e-15,1.29776998096003,52.2157568353394,0.00337675874889953,0.00337675874889953,0.832880175383846,0.900385982620116,0.269017139488507,1.08079824902883,0.00241192722391505,1,0.147403633147463,0.00313012674745819
97,"COM","Digestat liquide","2025-07-04","bc",0,1,0,0,0,0,0,43,1,2.58397963468065e-15,1.27428665157263,52.2188585558553,0.00310172051582924,0.00310172051582924,0.83292965013407,0.900385982620116,0.275260255777173,0.0676810890783262,0.00241192722391505,1,0.0158489319246111,0.00307348666600029
97,"COM","Digestat liquide","2025-07-04","bc",0,1,0,0,0,0,0,44,1,2.25210423891594e-16,0.98271000273981,52.2215652015574,0.00270664570216894,0.00270664570216894,0.832972823147041,0.900385982620116,0.279502618907257,2.16054818219148,0.00241192722391505,1,0.257415820683408,0.00237022500882184
97,"COM","Digestat liquide","2025-07-04","bc",0,1,0,0,0,0,0,45,1,1.46145482904493e-16,0.953581241596948,52.2239001221782,0.0023349206207115,0.0023349206207115,0.833010066868361,0.900385982620116,0.297136067474288,0.13529653115955,0.00241192722391505,1,0.0276775119528284,0.00229996855682243
97,"COM","Digestat liquide","2025-07-04","bc",0,1,0,0,0,0,0,46,1,1.00774943798103e-16,0.936326055606668,52.2261792182768,0.00227909609866828,0.00227909609866828,0.833046420147015,0.900385982620116,0.304031743438749,0.0676810890783262,0.00241192722391505,1,0.0158489319246111,0.00225835030397875
97,"COM","Digestat liquide","2025-07-04","bc",0,1,0,0,0,0,0,47,1,6.80004808372822e-17,0.919383104621201,52.2284170738127,0.00223785553587419,0.00223785553587419,0.833082115608006,0.900385982620116,0.325693885940314,0.0676810890783262,0.00241192722391505,1,0.0158489319246111,0.00221748513924343
97,"COM","Digestat liquide","2025-07-04","bc",0,1,0,0,0,0,0,48,1,4.50705899283788e-17,0.902746738704447,52.2306144350395,0.002197361226834,0.002197361226834,0.833117165154635,0.900385982620116,0.343603761433773,0.0676810890783262,0.00241192722391505,1,0.0158489319246111,0.0021773594353818
97,"COM","Digestat liquide","2025-07-04","bc",0,1,0,0,0,0,0,49,1,2.92321043939495e-17,0.886411410156691,52.2327720347075,0.00215759966798146,0.00215759966798146,0.833151580474814,0.900385982620116,0.365281265846321,0.0676810890783262,0.00241192722391505,1,0.0158489319246111,0.00213795981174586
97,"COM","Digestat liquide","2025-07-04","bc",0,1,0,0,0,0,0,50,1,3.69959890918043e-21,0.40332137561491,52.2342517244982,0.00147968979066349,0.00147968979066349,0.833175182628015,0.900385982620116,0.340986137274686,8.63381230170837,0.00241192722391505,1,0.785035558908018,0.000972781805832468
97,"COM","Digestat liquide","2025-07-04","bc",0,1,0,0,0,0,0,51,1,1.49104569943761e-21,0.369782226339432,52.2351834741196,0.000931749621472022,0.000931749621472022,0.833190044727795,0.900385982620116,0.368085394700306,0.54066133064385,0.00241192722391505,1,0.0844075201259471,0.000891887818627992
97,"COM","Digestat liquide","2025-07-04","bc",0,1,0,0,0,0,0,52,1,8.75327512794131e-22,0.358821415809483,52.2360620773119,0.000878603192241201,0.000878603192241201,0.833204059102482,0.900385982620116,0.397338316667509,0.13529653115955,0.00241192722391505,1,0.0276775119528284,0.000865451141314633
97,"COM","Digestat liquide","2025-07-04","bc",0,1,0,0,0,0,0,53,1,5.25672298549209e-22,0.352328492084684,52.2369196743925,0.000857597080582195,0.000857597080582195,0.833217738414057,0.900385982620116,0.4422390155545,0.0676810890783262,0.00241192722391505,1,0.0158489319246111,0.000849790681819986
97,"COM","Digestat liquide","2025-07-04","bc",0,1,0,0,0,0,0,54,1,2.92036666931437e-22,0.341885032202169,52.2377568074827,0.000837133090271891,0.000837133090271891,0.833231091309759,0.900385982620116,0.452502114800672,0.13529653115955,0.00241192722391505,1,0.0276775119528284,0.000824601816617483
97,"COM","Digestat liquide","2025-07-04","bc",0,1,0,0,0,0,0,55,1,1.75972600424966e-22,0.335698574708456,52.2385739259506,0.000817118467828948,0.000817118467828948,0.833244124957341,0.900385982620116,0.43886997347424,0.0676810890783262,0.00241192722391505,1,0.0158489319246111,0.000809680531368805
97,"COM","Digestat liquide","2025-07-04","bc",0,1,0,0,0,0,0,56,1,1.11863476381652e-22,0.329624062028692,52.2393762585454,0.000802332594822985,0.000802332594822985,0.833256922759246,0.900385982620116,0.385368047557045,0.0676810890783262,0.00241192722391505,1,0.0158489319246111,0.000795029248864464
97,"COM","Digestat liquide","2025-07-04","bc",0,1,0,0,0,0,0,57,1,7.29563374879515e-23,0.323659468505804,52.2401640728197,0.000787814274261223,0.000787814274261223,0.833269488983135,0.900385982620116,0.359736932199662,0.0676810890783262,0.00241192722391505,1,0.0158489319246111,0.000780643083367023
97,"COM","Digestat liquide","2025-07-04","bc",0,1,0,0,0,0,0,58,1,4.83553223316779e-23,0.317802805137269,52.2409376314844,0.000773558664739937,0.000773558664739937,0.833281827819444,0.900385982620116,0.343603761433773,0.0676810890783262,0.00241192722391505,1,0.0158489319246111,0.000766517237547148
97,"COM","Digestat liquide","2025-07-04","bc",0,1,0,0,0,0,0,59,1,3.23833013349311e-23,0.312052118911843,52.2416971924969,0.000759561012465326,0.000759561012465326,0.833293943382784,0.900385982620116,0.333252306969914,0.0676810890783262,0.00241192722391505,1,0.0158489319246111,0.00075264700088385
97,"COM","Digestat liquide","2025-07-04","bc",0,1,0,0,0,0,0,60,1,2.23299776850262e-23,0.306405492158293,52.2424430091465,0.000745816649668996,0.000745816649668996,0.83330583971331,0.900385982620116,0.304031743438749,0.0676810890783262,0.00241192722391505,1,0.0158489319246111,0.000739027748093676
97,"COM","Digestat liquide","2025-07-04","bc",0,1,0,0,0,0,0,61,1,1.53617905782387e-23,0.300861041905916,52.2431753301396,0.000732320993037661,0.000732320993037661,0.83331752077807,0.900385982620116,0.306365682416782,0.0676810890783262,0.00241192722391505,1,0.0158489319246111,0.000725654937588324
97,"COM","Digestat liquide","2025-07-04","bc",0,1,0,0,0,0,0,62,1,1.05927569665078e-23,0.295416919256626,52.2438943996818,0.000719069542199691,0.000719069542199691,0.83332899047233,0.900385982620116,0.304031743438749,0.0676810890783262,0.00241192722391505,1,0.0158489319246111,0.00071252410996017
97,"COM","Digestat liquide","2025-07-04","bc",0,1,0,0,0,0,0,63,1,7.37146844312838e-24,0.290071308768408,52.24460045756,0.000706057878225863,0.000706057878225863,0.833340252620867,0.900385982620116,0.294872441064871,0.0676810890783262,0.00241192722391505,1,0.0158489319246111,0.000699630886495191
97,"COM","Digestat liquide","2025-07-04","bc",0,1,0,0,0,0,0,64,1,5.15279379730186e-24,0.284822427849924,52.2452937392221,0.000693281662130119,0.000693281662130119,0.83335131097925,0.900385982620116,0.290396790793892,0.0676810890783262,0.00241192722391505,1,0.0158489319246111,0.000686970967712811
97,"COM","Digestat liquide","2025-07-04","bc",0,1,0,0,0,0,0,65,1,3.60189887840644e-24,0.279668526166075,52.2459744758556,0.000680736633448475,0.000680736633448475,0.833362169235091,0.900385982620116,0.290396790793892,0.0676810890783262,0.00241192722391505,1,0.0158489319246111,0.000674540131932154
97,"COM","Digestat liquide","2025-07-04","bc",0,1,0,0,0,0,0,66,1,2.51779443164578e-24,0.274607885054321,52.2466428944644,0.000668418608817944,0.000668418608817944,0.833372831009274,0.900385982620116,0.290396790793892,0.0676810890783262,0.00241192722391505,1,0.0158489319246111,0.00066233423386425
97,"COM","Digestat liquide","2025-07-04","bc",0,1,0,0,0,0,0,67,1,1.74816407317317e-24,0.269638816951561,52.247299217945,0.000656323480569654,0.000656323480569654,0.83338329985716,0.900385982620116,0.297136067474288,0.0676810890783262,0.00241192722391505,1,0.0158489319246111,0.000650349203229716
97,"COM","Digestat liquide","2025-07-04","bc",0,1,0,0,0,0,0,68,1,7.6484332691715e-25,0.247216359132622,52.2479221352531,0.000622917308177762,0.000622917308177762,0.83339323585174,0.900385982620116,0.285989073101746,0.54066133064385,0.00241192722391505,1,0.0844075201259471,0.000596267866789131
97,"COM","Digestat liquide","2025-07-04","bc",0,1,0,0,0,0,0,69,1,0,9.17448149595108e-45,52.247928097788,5.96253485696252e-06,5.96253485696252e-06,0.833393330958608,0.900385982620116,0.277373326711134,4401.25482639192,0.00241192722391505,1,100,2.21281816853893e-47
97,"COM","Digestat liquide","2025-07-04","bc",0,1,0,0,0,0,0,70,1,0,5.83853684002969e-45,52.247928097788,0,0,0.833393330958608,0.900385982620116,0.292626059295476,4.31900074946028,0.00241192722391505,1,0.449533728058269,1.40821259522986e-47
97,"COM","Digestat liquide","2025-07-04","bc",0,1,0,0,0,0,0,71,1,0,5.66547526076127e-45,52.247928097788,0,0,0.833393330958608,0.900385982620116,0.304031743438749,0.13529653115955,0.00241192722391505,1,0.0276775119528284,1.36647140178473e-47
97,"COM","Digestat liquide","2025-07-04","bc",0,1,0,0,0,0,0,72,1,0,5.56295769321344e-45,52.247928097788,0,0,0.833393330958608,0.900385982620116,0.335810561380981,0.0676810890783262,0.00241192722391505,1,0.0158489319246111,1.34174491057491e-47
97,"COM","Digestat liquide","2025-07-04","bc",0,1,0,0,0,0,0,73,1,0,5.10035670113511e-45,52.247928097788,0,0,0.833393330958608,0.900385982620116,0.354276751884859,0.54066133064385,0.00241192722391505,1,0.0844075201259471,1.23016891791453e-47
97,"COM","Digestat liquide","2025-07-04","bc",0,1,0,0,0,0,0,74,1,0,5.00806503299421e-45,52.247928097788,0,0,0.833393330958608,0.900385982620116,0.391307412801957,0.0676810890783262,0.00241192722391505,1,0.0158489319246111,1.20790883922157e-47
97,"COM","Digestat liquide","2025-07-04","bc",0,1,0,0,0,0,0,75,1,0,4.76026596351309e-45,52.247928097788,0,0,0.833393330958608,0.900385982620116,0.356996403164962,0.270461831998934,0.00241192722391505,1,0.0483341509410737,1.14814150704734e-47
97,"COM","Digestat liquide","2025-07-04","bc",0,1,0,0,0,0,0,76,1,0,3.02937972119474e-45,52.247928097788,0,0,0.833393330958608,0.900385982620116,0.311087448266117,4.31900074946028,0.00241192722391505,1,0.449533728058269,7.30664342112578e-48
97,"COM","Digestat liquide","2025-07-04","bc",0,1,0,0,0,0,0,77,1,0,2.97456267127369e-45,52.247928097788,0,0,0.833393330958608,0.900385982620116,0.373758396430215,0.0676810890783262,0.00241192722391505,1,0.0158489319246111,7.17442868608649e-48
97,"COM","Digestat liquide","2025-07-04","bc",0,1,0,0,0,0,0,78,1,0,2.8863928904488e-45,52.247928097788,0,0,0.833393330958608,0.900385982620116,0.356996403164962,0.13529653115955,0.00241192722391505,1,0.0276775119528284,6.9617695913883e-48
97,"COM","Digestat liquide","2025-07-04","bc",0,1,0,0,0,0,0,79,1,0,2.83416320723659e-45,52.247928097788,0,0,0.833393330958608,0.900385982620116,0.359736932199662,0.0676810890783262,0.00241192722391505,1,0.0158489319246111,6.83579539655231e-48
97,"COM","Digestat liquide","2025-07-04","bc",0,1,0,0,0,0,0,80,1,0,2.78287862745e-45,52.247928097788,0,0,0.833393330958608,0.900385982620116,0.348899447600848,0.0676810890783262,0.00241192722391505,1,0.0158489319246111,6.71210072239799e-48
97,"COM","Digestat liquide","2025-07-04","bc",0,1,0,0,0,0,0,81,1,0,2.7325220493103e-45,52.247928097788,0,0,0.833393330958608,0.900385982620116,0.313475551274287,0.0676810890783262,0.00241192722391505,1,0.0158489319246111,6.59064432067965e-48
97,"COM","Digestat liquide","2025-07-04","bc",0,1,0,0,0,0,0,82,1,0,2.68307668049786e-45,52.247928097788,0,0,0.833393330958608,0.900385982620116,0.288184505188719,0.0676810890783262,0.00241192722391505,1,0.0158489319246111,6.4713856895444e-48
97,"COM","Digestat liquide","2025-07-04","bc",0,1,0,0,0,0,0,83,1,0,2.63452603255239e-45,52.247928097788,0,0,0.833393330958608,0.900385982620116,0.269017139488507,0.0676810890783262,0.00241192722391505,1,0.0158489319246111,6.35428506002602e-48
97,"COM","Digestat liquide","2025-07-04","bc",0,1,0,0,0,0,0,84,1,0,2.58685391537463e-45,52.247928097788,0,0,0.833393330958608,0.900385982620116,0.251124609531616,0.0676810890783262,0.00241192722391505,1,0.0158489319246111,6.23930338278331e-48
97,"COM","Digestat liquide","2025-07-04","bc",0,1,0,0,0,0,0,85,1,0,2.54004443182741e-45,52.247928097788,0,0,0.833393330958608,0.900385982620116,0.251124609531616,0.0676810890783262,0.00241192722391505,1,0.0158489319246111,6.12640231507836e-48
143,"LOM","Lisier","2022-09-15","bsth",0,0,0,0,1,0,0,1,1,4.10443913931651,30.7347107173871,1.05492327324942,1.05492327324942,1.05492327324942,0.0291125751531465,0.668816113134986,0.0730064457709183,0.0676810890783262,0.00210610157299122,0.194942558587237,0.0158489319246111,0.364380936031864
143,"LOM","Lisier","2022-09-15","bsth",0,0,0,0,1,0,0,2,1,3.57168478456558,30.4447713387385,1.39276155406326,0.337838280813843,0.337838280813843,0.038435852579293,0.668816113134986,0.0713506029051069,0.0676810890783262,0.00210610157299122,1,0.0158489319246111,0.318961643571626
143,"LOM","Lisier","2022-09-15","bsth",0,0,0,0,1,0,0,3,1,3.10637977545493,30.1265756550309,1.69623263711005,0.303471083046788,0.303471083046788,0.0468107030883665,0.668816113134986,0.0718983350311767,0.0676810890783262,0.00210610157299122,1,0.0158489319246111,0.286793162205629
143,"LOM","Lisier","2022-09-15","bsth",0,0,0,0,1,0,0,4,1,2.70169286804213,29.7849172941257,1.96778325956697,0.271550622456922,0.271550622456922,0.054304648955927,0.668816113134986,0.0718983350311767,0.0676810890783262,0.00210610157299122,1,0.0158489319246111,0.256977280142405
143,"LOM","Lisier","2022-09-15","bsth",0,0,0,0,1,0,0,5,1,2.35607333178898,29.4242316873886,2.20486518639812,0.237081926831148,0.237081926831148,0.0608473668837101,0.668816113134986,0.0692010847686955,0.0676810890783262,0.00210610157299122,1,0.0158489319246111,0.225013250995259
143,"LOM","Lisier","2022-09-15","bsth",0,0,0,0,1,0,0,6,1,2.067173005492,29.0487423973337,2.40587079808985,0.201005611691729,0.201005611691729,0.0663944916130326,0.668816113134986,0.0631333257416236,0.0676810890783262,0.00210610157299122,1,0.0158489319246111,0.191687108776458
143,"LOM","Lisier","2022-09-15","bsth",0,0,0,0,1,0,0,7,1,1.82614947726169,28.6622109988692,2.5760848665833,0.170214068493447,0.170214068493447,0.0710918662816894,0.668816113134986,0.056291247637583,0.0676810890783262,0.00210610157299122,1,0.0158489319246111,0.163161760117905
143,"LOM","Lisier","2022-09-15","bsth",0,0,0,0,1,0,0,8,1,1.61730600284536,28.2674984306373,2.72849406175064,0.152409195167349,0.152409195167349,0.0752978822648925,0.668816113134986,0.0537667464549854,0.0676810890783262,0.00210610157299122,1,0.0158489319246111,0.146491504704404
143,"LOM","Lisier","2022-09-15","bsth",0,0,0,0,1,0,0,9,1,1.43692403096516,27.8667810243006,2.86475263584846,0.136258574097817,0.136258574097817,0.079058191738836,0.668816113134986,0.0505759754176975,0.0676810890783262,0.00210610157299122,1,0.0158489319246111,0.131364105816674
143,"LOM","Lisier","2022-09-15","bsth",0,0,0,0,1,0,0,10,1,1.28003046476354,27.4619027621082,2.98806977313305,0.123317137284592,0.123317137284592,0.0824613581281889,0.668816113134986,0.0479397719637205,0.0676810890783262,0.00210610157299122,1,0.0158489319246111,0.119201925191987
143,"LOM","Lisier","2022-09-15","bsth",0,0,0,0,1,0,0,11,1,1.14468646901736,27.0544470147584,3.09885412505671,0.110784351923651,0.110784351923651,0.0855186589319104,0.668816113134986,0.0440720158432275,0.0676810890783262,0.00210610157299122,1,0.0158489319246111,0.107428053612251
143,"LOM","Lisier","2022-09-15","bsth",0,0,0,0,1,0,0,12,1,1.02729935763938,26.6457809750356,3.19936084761985,0.100506722563146,0.100506722563146,0.0882923293856897,0.668816113134986,0.0405163082952418,0.0676810890783262,0.00210610157299122,1,0.0158489319246111,0.097741098710723
143,"LOM","Lisier","2022-09-15","bsth",0,0,0,0,1,0,0,13,1,0.925750624206191,26.2370577757206,3.29056514169917,0.0912042940793198,0.0912042940793198,0.0908092819764646,0.668816113134986,0.0364026717892087,0.0676810890783262,0.00210610157299122,1,0.0158489319246111,0.0889577047837396
143,"LOM","Lisier","2022-09-15","bsth",0,0,0,0,1,0,0,14,1,0.83669372369707,25.8292250693332,3.37485897459916,0.0842938328999936,0.0842938328999936,0.0931355275030126,0.668816113134986,0.0334657229709798,0.0676810890783262,0.00210610157299122,1,0.0158489319246111,0.0823995319164705
143,"LOM","Lisier","2022-09-15","bsth",0,0,0,0,1,0,0,15,1,0.756966851339518,25.4229955616453,3.45467138474427,0.0798124101451023,0.0798124101451023,0.0953380998108033,0.668816113134986,0.0324575299698651,0.0676810890783262,0.00210610157299122,1,0.0158489319246111,0.0781126852060768
143,"LOM","Lisier","2022-09-15","bsth",0,0,0,0,1,0,0,16,1,0.685506968112402,25.0189300896675,3.53047461252611,0.0758032277818437,0.0758032277818437,0.0974300312541702,0.668816113134986,0.0314797099306129,0.0676810890783262,0.00210610157299122,1,0.0158489319246111,0.0742719685279983
143,"LOM","Lisier","2022-09-15","bsth",0,0,0,0,1,0,0,17,1,0.620942001365116,24.6174974060545,3.6031338319514,0.0726592194252889,0.0726592194252889,0.0994351979233745,0.668816113134986,0.0312398928550036,0.0676810890783262,0.00210610157299122,1,0.0158489319246111,0.0712451116018162
143,"LOM","Lisier","2022-09-15","bsth",0,0,0,0,1,0,0,18,1,0.563246699630163,24.2191126443224,3.67221413225496,0.0690803003035607,0.0690803003035607,0.101341597644744,0.668816113134986,0.0298388731624853,0.0676810890783262,0.00210610157299122,1,0.0158489319246111,0.0678145580661117
143,"LOM","Lisier","2022-09-15","bsth",0,0,0,0,1,0,0,19,1,0.509827151441687,23.8240925546146,3.73994161910761,0.0677274868526498,0.0677274868526498,0.103210663955945,0.668816113134986,0.0319648811747444,0.0676810890783262,0.00210610157299122,1,0.0158489319246111,0.066472523119854
143,"LOM","Lisier","2022-09-15","bsth",0,0,0,0,1,0,0,20,1,0.460058486933141,23.4326425315896,3.80668075291114,0.0667391338035324,0.0667391338035324,0.10505245482148,0.668816113134986,0.0350370335446529,0.0676810890783262,0.00210610157299122,1,0.0158489319246111,0.0654706099343005
143,"LOM","Lisier","2022-09-15","bsth",0,0,0,0,1,0,0,21,1,0.413993800602035,23.0449459541064,3.87213702577154,0.0654562728603985,0.0654562728603985,0.106858842746758,0.668816113134986,0.0378215385073628,0.0676810890783262,0.00210610157299122,1,0.0158489319246111,0.0641928793947203
143,"LOM","Lisier","2022-09-15","bsth",0,0,0,0,1,0,0,22,1,0.370832784883121,22.661156754905,3.93689602942525,0.064759003653708,0.064759003653708,0.108645988227874,0.668816113134986,0.0424186638393226,0.0676810890783262,0.00210610157299122,1,0.0158489319246111,0.0634569291298628
143,"LOM","Lisier","2022-09-15","bsth",0,0,0,0,1,0,0,23,1,0.330221079987055,22.2813878814682,4.00113631902438,0.0642402895991316,0.0642402895991316,0.110418818827254,0.668816113134986,0.0483077878199553,0.0676810890783262,0.00210610157299122,1,0.0158489319246111,0.0628791159312788
143,"LOM","Lisier","2022-09-15","bsth",0,0,0,0,1,0,0,24,1,0.293390740237078,21.9057819900292,4.0634184423283,0.0622821233039206,0.0622821233039206,0.112137610175745,0.668816113134986,0.0505759754176975,0.0676810890783262,0.00210610157299122,1,0.0158489319246111,0.0609743247728137
143,"LOM","Lisier","2022-09-15","bsth",0,0,0,0,1,0,0,25,1,0.261260090932427,21.534551064069,4.12254450885971,0.0591260665314088,0.0591260665314088,0.113769304251565,0.668816113134986,0.0483077878199553,0.0676810890783262,0.00210610157299122,1,0.0158489319246111,0.0579748489082814
143,"LOM","Lisier","2022-09-15","bsth",0,0,0,0,1,0,0,26,1,0.232648225567257,21.1678915371002,4.17942798629182,0.0568834774321108,0.0568834774321108,0.11533910989877,0.668816113134986,0.0483077878199553,0.0676810890783262,0.00210610157299122,1,0.0158489319246111,0.0558204507805863
143,"LOM","Lisier","2022-09-15","bsth",0,0,0,0,1,0,0,27,1,0.206539360134726,20.8059228190835,4.23489175704097,0.0554637707491485,0.0554637707491485,0.116869736092311,0.668816113134986,0.0513554619177528,0.0676810890783262,0.00210610157299122,1,0.0158489319246111,0.0544263110207216
143,"LOM","Lisier","2022-09-15","bsth",0,0,0,0,1,0,0,28,1,0.184448249594759,20.4487825111593,4.28720816230048,0.0523164052595124,0.0523164052595124,0.118313504865341,0.668816113134986,0.045440977004456,0.0676810890783262,0.00210610157299122,1,0.0158489319246111,0.0514487216808556
143,"LOM","Lisier","2022-09-15","bsth",0,0,0,0,1,0,0,29,1,0.164428481930023,20.0965864258489,4.33813018205076,0.0509220197502813,0.0509220197502813,0.11971879296972,0.668816113134986,0.0472121296903184,0.0676810890783262,0.00210610157299122,1,0.0158489319246111,0.0500884710968967
143,"LOM","Lisier","2022-09-15","bsth",0,0,0,0,1,0,0,30,1,0.146421117811031,19.7493836092134,4.3875889538113,0.0494587717605413,0.0494587717605413,0.12108370001687,0.668816113134986,0.0483077878199553,0.0676810890783262,0.00210610157299122,1,0.0158489319246111,0.0486674881765472
143,"LOM","Lisier","2022-09-15","bsth",0,0,0,0,1,0,0,31,1,0.131910495444847,19.40727215171,4.43392226388305,0.0463333100717431,0.0463333100717431,0.122362354119744,0.668816113134986,0.0366821216046537,0.0676810890783262,0.00210610157299122,1,0.0158489319246111,0.045712443241023
143,"LOM","Lisier","2022-09-15","bsth",0,0,0,0,1,0,0,32,1,0.119033564166499,19.0703311962381,4.47883253195172,0.0449102680686693,0.0449102680686693,0.123601736724575,0.668816113134986,0.0350370335446529,0.0676810890783262,0.00210610157299122,1,0.0158489319246111,0.0443346375105018
143,"LOM","Lisier","2022-09-15","bsth",0,0,0,0,1,0,0,33,1,0.107770401064823,18.7385777116515,4.52224062848375,0.0434080965320378,0.0434080965320378,0.124799664104309,0.668816113134986,0.0317213679930022,0.0676810890783262,0.00210610157299122,1,0.0158489319246111,0.0428839725450582
143,"LOM","Lisier","2022-09-15","bsth",0,0,0,0,1,0,0,34,1,0.0977118853849965,18.4120134865894,4.56447161895121,0.0422309904674512,0.0422309904674512,0.125965107046893,0.668816113134986,0.0302987555199668,0.0676810890783262,0.00210610157299122,1,0.0158489319246111,0.0417381190927164
143,"LOM","Lisier","2022-09-15","bsth",0,0,0,0,1,0,0,35,1,0.0886126105976228,18.0906185160909,4.6057088076982,0.0412371887469973,0.0412371887469973,0.127103124177564,0.668816113134986,0.0300679351293274,0.0676810890783262,0.00210610157299122,1,0.0158489319246111,0.0407650783402127
143,"LOM","Lisier","2022-09-15","bsth",0,0,0,0,1,0,0,36,1,0.0802856730691641,17.7743587116341,4.64609151395763,0.0403827062594262,0.0403827062594262,0.128217560270384,0.668816113134986,0.0310019027412653,0.0676810890783262,0.00210610157299122,1,0.0158489319246111,0.0399236134694899
143,"LOM","Lisier","2022-09-15","bsth",0,0,0,0,1,0,0,37,1,0.073016656567146,17.4632044652888,4.68528263583599,0.0391911218783578,0.0391911218783578,0.129299112369908,0.668816113134986,0.0272225111127501,0.0676810890783262,0.00210610157299122,1,0.0158489319246111,0.038766979138627
143,"LOM","Lisier","2022-09-15","bsth",0,0,0,0,1,0,0,38,1,0.066500064872839,17.15712532418,4.723537419533,0.0382547836970133,0.0382547836970133,0.130354824471051,0.668816113134986,0.0258035750026964,0.0676810890783262,0.00210610157299122,1,0.0158489319246111,0.0378505880448934
143,"LOM","Lisier","2022-09-15","bsth",0,0,0,0,1,0,0,39,1,0.0605041836160743,16.8560734412899,4.76105535103177,0.0375179314987664,0.0375179314987664,0.131390201761557,0.668816113134986,0.0268093207895089,0.0676810890783262,0.00210610157299122,1,0.0158489319246111,0.0371226788568269
143,"LOM","Lisier","2022-09-15","bsth",0,0,0,0,1,0,0,40,1,0.0551471579519289,16.559998411949,4.79768942435304,0.0366340733212756,0.0366340733212756,0.132401187337262,0.668816113134986,0.0250262129315403,0.0676810890783262,0.00210610157299122,1,0.0158489319246111,0.036257163221612
143,"LOM","Lisier","2022-09-15","bsth",0,0,0,0,1,0,0,41,1,0.0503571388800206,16.2688520620415,4.83348116127545,0.0357917369224081,0.0357917369224081,0.133388927069087,0.668816113134986,0.0231837280180262,0.0676810890783262,0.00210610157299122,1,0.0158489319246111,0.0354313211301874
143,"LOM","Lisier","2022-09-15","bsth",0,0,0,0,1,0,0,42,1,0.0459831753867016,15.9825795102193,4.86855870257478,0.0350775412993283,0.0350775412993283,0.134356957240721,0.668816113134986,0.0231837280180262,0.0676810890783262,0.00210610157299122,1,0.0158489319246111,0.0347269972785005
143,"LOM","Lisier","2022-09-15","bsth",0,0,0,0,1,0,0,43,1,0.0419512037761303,15.7011193866211,4.90298071847433,0.0344220158995503,0.0344220158995503,0.135306896966396,0.668816113134986,0.0240873600447629,0.0676810890783262,0.00210610157299122,1,0.0158489319246111,0.0340786459875525
143,"LOM","Lisier","2022-09-15","bsth",0,0,0,0,1,0,0,44,1,0.038176531015737,15.42440607143,4.93682176396688,0.0338410454925491,0.0338410454925491,0.136240803730182,0.668816113134986,0.0266050834275706,0.0676810890783262,0.00210610157299122,1,0.0158489319246111,0.0335010556821429
143,"LOM","Lisier","2022-09-15","bsth",0,0,0,0,1,0,0,45,1,0.0345301609315472,15.1523678801426,4.97020784612279,0.033386082155908,0.033386082155908,0.137162154932189,0.668816113134986,0.03270669439418,0.0676810890783262,0.00210610157299122,1,0.0158489319246111,0.03304179324788
143,"LOM","Lisier","2022-09-15","bsth",0,0,0,0,1,0,0,46,1,0.0310546213088851,14.8849316985185,5.00309604060212,0.0328881944793364,0.0328881944793364,0.138069765995202,0.668816113134986,0.0384044512131352,0.0676810890783262,0.00210610157299122,1,0.0158489319246111,0.0325418137531161
143,"LOM","Lisier","2022-09-15","bsth",0,0,0,0,1,0,0,47,1,0.0278956057293106,14.6220321758798,5.03533359999691,0.0322375593947903,0.0322375593947903,0.138959421569624,0.668816113134986,0.0395973669698389,0.0676810890783262,0.00210610157299122,1,0.0158489319246111,0.0319000775028582
143,"LOM","Lisier","2022-09-15","bsth",0,0,0,0,1,0,0,48,1,0.0249291256449295,14.3636055073748,5.06703691256324,0.031703312566326,0.031703312566326,0.139834333606448,0.668816113134986,0.0447512620880363,0.0676810890783262,0.00210610157299122,1,0.0158489319246111,0.0313668219882692
143,"LOM","Lisier","2022-09-15","bsth",0,0,0,0,1,0,0,49,1,0.0223373512942262,14.1095913860354,5.09801372067236,0.0309768081091235,0.0309768081091235,0.140689196397846,0.668816113134986,0.0420955121986111,0.0676810890783262,0.00210610157299122,1,0.0158489319246111,0.0306565348562833
143,"LOM","Lisier","2022-09-15","bsth",0,0,0,0,1,0,0,50,1,0.0198837040712089,13.8599281880162,5.12849276127959,0.0304790406072319,0.0304790406072319,0.141530322366696,0.668816113134986,0.0486786287974806,0.0676810890783262,0.00210610157299122,1,0.0158489319246111,0.0301583280079276
143,"LOM","Lisier","2022-09-15","bsth",0,0,0,0,1,0,0,51,1,0.0176929649425799,13.6145521240309,5.15834460337094,0.0298518420913503,0.0298518420913503,0.142354139622777,0.668816113134986,0.0490523165837053,0.0676810890783262,0.00210610157299122,1,0.0158489319246111,0.0295415105616603
143,"LOM","Lisier","2022-09-15","bsth",0,0,0,0,1,0,0,52,1,0.0157376689936252,13.3734035996925,5.18758883096523,0.0292442275942868,0.0292442275942868,0.143161188623613,0.668816113134986,0.0494288730325243,0.0676810890783262,0.00210610157299122,1,0.0158489319246111,0.0289436416000725
143,"LOM","Lisier","2022-09-15","bsth",0,0,0,0,1,0,0,53,1,0.0140345702264968,13.1364237832821,5.21620098889126,0.0286121579260277,0.0286121579260277,0.143950794483145,0.668816113134986,0.046852460719398,0.0676810890783262,0.00210610157299122,1,0.0158489319246111,0.0283241969437003
143,"LOM","Lisier","2022-09-15","bsth",0,0,0,0,1,0,0,54,1,0.0125506252225899,12.903554272337,5.24420691470304,0.0280059258117831,0.0280059258117831,0.144723670236865,0.668816113134986,0.0440720158432275,0.0676810890783262,0.00210610157299122,1,0.0158489319246111,0.0277293273037989
143,"LOM","Lisier","2022-09-15","bsth",0,0,0,0,1,0,0,55,1,0.0112840488903468,12.674736575382,5.2716022057563,0.0273952910532538,0.0273952910532538,0.145479694385592,0.668816113134986,0.0386992679470805,0.0676810890783262,0.00210610157299122,1,0.0158489319246111,0.0271309670701968
143,"LOM","Lisier","2022-09-15","bsth",0,0,0,0,1,0,0,56,1,0.0101797763049211,12.4499112629836,5.29843760692156,0.0268354011652603,0.0268354011652603,0.146220267328666,0.668816113134986,0.0353059998615895,0.0676810890783262,0.00210610157299122,1,0.0158489319246111,0.0265801848753834
143,"LOM","Lisier","2022-09-15","bsth",0,0,0,0,1,0,0,57,1,0.00921430406828714,12.2290173681683,5.32473479601567,0.0262971890941124,0.0262971890941124,0.146945987305874,0.668816113134986,0.0319648811747444,0.0676810890783262,0.00210610157299122,1,0.0158489319246111,0.026050086849887
143,"LOM","Lisier","2022-09-15","bsth",0,0,0,0,1,0,0,58,1,0.00835814994708309,12.0119932238512,5.35052310109402,0.0257883050783523,0.0257883050783523,0.147657663679601,0.668816113134986,0.0298388731624853,0.0676810890783262,0.00210610157299122,1,0.0158489319246111,0.025547875599657
143,"LOM","Lisier","2022-09-15","bsth",0,0,0,0,1,0,0,59,1,0.00759821951671227,11.7987768515703,5.3758167550769,0.0252936539828843,0.0252936539828843,0.148355689233826,0.668816113134986,0.0276420696034118,0.0676810890783262,0.00210610157299122,1,0.0158489319246111,0.0250594529992076
143,"LOM","Lisier","2022-09-15","bsth",0,0,0,0,1,0,0,60,1,0.00692009350379911,11.5893064509086,5.40063211844724,0.0248153633703376,0.0248153633703376,0.149040515466587,0.668816113134986,0.0258035750026964,0.0676810890783262,0.00210610157299122,1,0.0158489319246111,0.0245868196978869
143,"LOM","Lisier","2022-09-15","bsth",0,0,0,0,1,0,0,61,1,0.00630739011235481,11.3835202854755,5.42498842897048,0.0243563105232401,0.0243563105232401,0.149712673279901,0.668816113134986,0.0250262129315403,0.0676810890783262,0.00210610157299122,1,0.0158489319246111,0.0241327000674116
143,"LOM","Lisier","2022-09-15","bsth",0,0,0,0,1,0,0,62,1,0.00575433526879637,11.181356986124,5.44889492593098,0.0239064969605005,0.0239064969605005,0.15037241764905,0.668816113134986,0.0240873600447629,0.0676810890783262,0.00210610157299122,1,0.0158489319246111,0.0236876802820899
143,"LOM","Lisier","2022-09-15","bsth",0,0,0,0,1,0,0,63,1,0.00525909230299682,10.9827560246874,5.47235703653208,0.0234621106010966,0.0234621106010966,0.151019898347833,0.668816113134986,0.0223139955484941,0.0676810890783262,0.00210610157299122,1,0.0158489319246111,0.023248151101611
143,"LOM","Lisier","2022-09-15","bsth",0,0,0,0,1,0,0,64,1,0.00480810025568891,10.787657420297,5.49539231887757,0.0230352823454876,0.0230352823454876,0.151655599924869,0.668816113134986,0.0219753079456019,0.0676810890783262,0.00210610157299122,1,0.0158489319246111,0.02282556174553
143,"LOM","Lisier","2022-09-15","bsth",0,0,0,0,1,0,0,65,1,0.00439797438942842,10.5960017020751,5.51800859234704,0.0226162734694739,0.0226162734694739,0.152279738170522,0.668816113134986,0.0214768909017164,0.0676810890783262,0.00210610157299122,1,0.0158489319246111,0.0224107106683082
143,"LOM","Lisier","2022-09-15","bsth",0,0,0,0,1,0,0,66,1,0.00402796235261563,10.4077303214236,5.54021105710899,0.0222024647619454,0.0222024647619454,0.152892456593139,0.668816113134986,0.0202023514144227,0.0676810890783262,0.00210610157299122,1,0.0158489319246111,0.0220011115121503
143,"LOM","Lisier","2022-09-15","bsth",0,0,0,0,1,0,0,67,1,0.00368676604864111,10.2227853557223,5.56201575511452,0.0218046980055302,0.0218046980055302,0.153494197900279,0.668816113134986,0.0208298751145006,0.0676810890783262,0.00210610157299122,1,0.0158489319246111,0.0216070191944079
143,"LOM","Lisier","2022-09-15","bsth",0,0,0,0,1,0,0,68,1,0.00335772949532626,10.0411089685758,5.58344491682276,0.021429161708248,0.021429161708248,0.154085575582922,0.668816113134986,0.0258035750026964,0.0676810890783262,0.00210610157299122,1,0.0158489319246111,0.0212342368181652
143,"LOM","Lisier","2022-09-15","bsth",0,0,0,0,1,0,0,69,1,0.00304574348704964,9.86264398143995,5.60449948140703,0.0210545645842659,0.0210545645842659,0.154666615559307,0.668816113134986,0.0298388731624853,0.0676810890783262,0.00210610157299122,1,0.0158489319246111,0.0208626115567586
143,"LOM","Lisier","2022-09-15","bsth",0,0,0,0,1,0,0,70,1,0.00273998396546267,9.68733401506537,5.62519620206023,0.0206967206532012,0.0206967206532012,0.155237780165036,0.668816113134986,0.0381118804365742,0.0676810890783262,0.00210610157299122,1,0.0158489319246111,0.0205069353485103
143,"LOM","Lisier","2022-09-15","bsth",0,0,0,0,1,0,0,71,1,0.00244170464303871,9.51512338570348,5.64553994780589,0.0203437457456612,0.0203437457456612,0.155799203769894,0.668816113134986,0.0475745597065855,0.0676810890783262,0.00210610157299122,1,0.0158489319246111,0.0201559793531617
143,"LOM","Lisier","2022-09-15","bsth",0,0,0,0,1,0,0,72,1,0.00216510326027247,9.34595793823529,5.66552198654408,0.0199820387381866,0.0199820387381866,0.1563506453953,0.668816113134986,0.052547274905655,0.0676810890783262,0.00210610157299122,1,0.0158489319246111,0.0197973069910438
143,"LOM","Lisier","2022-09-15","bsth",0,0,0,0,1,0,0,73,1,0.00178527759469717,9.07196827703735,5.68502898983999,0.0195070032959057,0.0195070032959057,0.156888977531736,0.668816113134986,0.057597606056618,0.13529653115955,0.00210610157299122,1,0.0276775119528284,0.0192093143739959
143,"LOM","Lisier","2022-09-15","bsth",0,0,0,0,1,0,0,74,1,0.00158239918753028,8.9106471849287,5.70405414363341,0.0190251537934243,0.0190251537934243,0.157414012132504,0.668816113134986,0.0529506608537951,0.0676810890783262,0.00210610157299122,1,0.0158489319246111,0.0188505171352623
143,"LOM","Lisier","2022-09-15","bsth",0,0,0,0,1,0,0,75,1,0.00139035577337907,8.75218352366161,5.7227450881938,0.0186909445603876,0.0186909445603876,0.157929823606187,0.668816113134986,0.0617014129026911,0.0676810890783262,0.00210610157299122,1,0.0158489319246111,0.0185187744019464
143,"LOM","Lisier","2022-09-15","bsth",0,0,0,0,1,0,0,76,1,0.00122555434250118,8.59652774924959,5.74109006854023,0.0183449803464288,0.0183449803464288,0.158436087552164,0.668816113134986,0.0584853112562873,0.0676810890783262,0.00210610157299122,1,0.0158489319246111,0.0181768375421399
143,"LOM","Lisier","2022-09-15","bsth",0,0,0,0,1,0,0,77,1,0.00108219220401938,8.44363152188861,5.75909910885506,0.0180090403148325,0.0180090403148325,0.158933080606443,0.668816113134986,0.0567233746763504,0.0676810890783262,0.00210610157299122,1,0.0158489319246111,0.0178445312238682
143,"LOM","Lisier","2022-09-15","bsth",0,0,0,0,1,0,0,78,1,0.000961492742463589,8.2934472185963,5.77677525148795,0.0176761426328964,0.0176761426328964,0.159420886728335,0.668816113134986,0.0505759754176975,0.0676810890783262,0.00210610157299122,1,0.0158489319246111,0.0175154706659124
143,"LOM","Lisier","2022-09-15","bsth",0,0,0,0,1,0,0,79,1,0.000861530462847442,8.14592803513554,5.79412461690752,0.0173493654195687,0.0173493654195687,0.159899674823588,0.668816113134986,0.0420955121986111,0.0676810890783262,0.00210610157299122,1,0.0158489319246111,0.0171924184143805
143,"LOM","Lisier","2022-09-15","bsth",0,0,0,0,1,0,0,80,1,0.000775267234012521,8.0010276924851,5.81115865016861,0.0170340332610914,0.0170340332610914,0.160369760739834,0.668816113134986,0.0378215385073628,0.0676810890783262,0.00210610157299122,1,0.0158489319246111,0.0168802988082339
143,"LOM","Lisier","2022-09-15","bsth",0,0,0,0,1,0,0,81,1,0.000699773410017873,7.85870040640599,5.82788492296607,0.0167262727974506,0.0167262727974506,0.160831353432114,0.668816113134986,0.0347701162528092,0.0676810890783262,0.00210610157299122,1,0.0158489319246111,0.0165755524904153
143,"LOM","Lisier","2022-09-15","bsth",0,0,0,0,1,0,0,82,1,0.000634608046341165,7.71890109740167,5.84430853380302,0.0164236108369566,0.0164236108369566,0.16128459360313,0.668816113134986,0.0300679351293274,0.0676810890783262,0.00210610157299122,1,0.0158489319246111,0.0162758710965712
143,"LOM","Lisier","2022-09-15","bsth",0,0,0,0,1,0,0,83,1,0.000575511110761787,7.58158532580983,5.86043846947127,0.0161299356682481,0.0161299356682481,0.161729729260163,0.668816113134986,0.0300679351293274,0.0676810890783262,0.00210610157299122,1,0.0158489319246111,0.0159848932111998
143,"LOM","Lisier","2022-09-15","bsth",0,0,0,0,1,0,0,84,1,0.000522962286103609,7.44670932161092,5.87627900682696,0.0158405373556905,0.0158405373556905,0.162166878431034,0.668816113134986,0.028068094408895,0.0676810890783262,0.00210610157299122,1,0.0158489319246111,0.0156982047706718
143,"LOM","Lisier","2022-09-15","bsth",0,0,0,0,1,0,0,85,1,0.000474152740043118,7.31423001159717,5.89183770230552,0.0155586954785614,0.0155586954785614,0.162596249649672,0.668816113134986,0.0302987555199668,0.0676810890783262,0.00210610157299122,1,0.0158489319246111,0.0154188775705941
148,"LOM","Lisier","2024-04-19","bsth",0,0,0,0,1,0,0,1,1,1.53990130921623,46.2193465746772,0.927648043802082,0.927648043802082,0.927648043802082,0.0187904724477816,0.198559172390265,0.148184561739176,0.0676810890783262,0.00276216162034404,0.194942558587237,0.0158489319246111,0.355854905853743
148,"LOM","Lisier","2024-04-19","bsth",0,0,0,0,1,0,0,2,1,1.21565098541956,45.4590344495039,1.2856980163211,0.358049972519018,0.358049972519018,0.0260431456879173,0.198559172390265,0.168757516592335,0.0676810890783262,0.00276216162034404,1,0.0158489319246111,0.330715441596747
148,"LOM","Lisier","2024-04-19","bsth",0,0,0,0,1,0,0,3,1,0.955925536292921,44.6932486126308,1.59679623453789,0.311098218216785,0.311098218216785,0.0323447624886138,0.198559172390265,0.172673894569871,0.0676810890783262,0.00276216162034404,1,0.0158489319246111,0.288513361276794
148,"LOM","Lisier","2024-04-19","bsth",0,0,0,0,1,0,0,4,1,0.754640452103829,43.9262153915332,1.86285349308187,0.266057258543983,0.266057258543983,0.0377340279752445,0.198559172390265,0.168757516592335,0.0676810890783262,0.00276216162034404,1,0.0158489319246111,0.248682554898618
148,"LOM","Lisier","2024-04-19","bsth",0,0,0,0,1,0,0,5,1,0.592624440027663,43.1611960523376,2.09977195379799,0.236918460716117,0.236918460716117,0.04253305691537,0.198559172390265,0.173999448041581,0.0676810890783262,0.00276216162034404,1,0.0158489319246111,0.222334524684676
148,"LOM","Lisier","2024-04-19","bsth",0,0,0,0,1,0,0,6,1,0.467232401558251,42.4007027631839,2.30763242249494,0.207860468696952,0.207860468696952,0.0467434861143846,0.198559172390265,0.170053005482265,0.0676810890783262,0.00276216162034404,1,0.0158489319246111,0.196571867991759
148,"LOM","Lisier","2024-04-19","bsth",0,0,0,0,1,0,0,7,1,0.377364028572791,41.6470779464804,2.48510233250761,0.17746991001267,0.17746991001267,0.050338323053549,0.198559172390265,0.145935378087059,0.0676810890783262,0.00276216162034404,1,0.0158489319246111,0.170106722489471
148,"LOM","Lisier","2024-04-19","bsth",0,0,0,0,1,0,0,8,1,0.112537186494111,36.0564513895557,2.6205515421713,0.135449209663692,0.135449209663692,0.0530819871611428,0.198559172390265,0.129128351925081,1.08079824902883,0.00276216162034404,1,0.147403633147463,0.114125487616301
148,"LOM","Lisier","2024-04-19","bsth",0,0,0,0,1,0,0,9,1,0.0873725528234243,34.9886816920012,2.73037673477222,0.109825192600921,0.109825192600921,0.0553066102489917,0.198559172390265,0.117805990062355,0.13529653115955,0.00276216162034404,1,0.0276775119528284,0.106937403805719
148,"LOM","Lisier","2024-04-19","bsth",0,0,0,0,1,0,0,10,1,0.0729648176095544,34.3488859374203,2.83513146926179,0.104754734489565,0.104754734489565,0.0574285259532852,0.198559172390265,0.112522728921223,0.0676810890783262,0.00276216162034404,1,0.0158489319246111,0.103087374830584
148,"LOM","Lisier","2024-04-19","bsth",0,0,0,0,1,0,0,11,1,0.0613411669730023,33.7200181166032,2.93622764679334,0.101096177531555,0.101096177531555,0.0594763337950361,0.198559172390265,0.105845102169546,0.0676810890783262,0.00276216162034404,1,0.0158489319246111,0.0996328019644436
148,"LOM","Lisier","2024-04-19","bsth",0,0,0,0,1,0,0,12,1,0.0518145937136441,33.1020393615583,3.03421819409608,0.0979905473027425,0.0979905473027425,0.0614612338781414,0.198559172390265,0.101098252582564,0.0676810890783262,0.00276216162034404,1,0.0158489319246111,0.0966715475623391
148,"LOM","Lisier","2024-04-19","bsth",0,0,0,0,1,0,0,13,1,0.044030921328471,32.494877216296,3.12935770791916,0.0951395138230811,0.0951395138230811,0.0633883833235935,0.198559172390265,0.0950986078666436,0.0676810890783262,0.00276216162034404,1,0.0158489319246111,0.093943382026068
148,"LOM","Lisier","2024-04-19","bsth",0,0,0,0,1,0,0,14,1,0.03790083825668,31.8984461402722,3.22165028063229,0.092292572713125,0.092292572713125,0.0652578650265818,0.198559172390265,0.0822378260524958,0.0676810890783262,0.00276216162034404,1,0.0158489319246111,0.091225546221068
148,"LOM","Lisier","2024-04-19","bsth",0,0,0,0,1,0,0,15,1,0.0327643439159125,31.3126359599827,3.31169682717778,0.0900465465454938,0.0900465465454938,0.0670818511419904,0.198559172390265,0.0779512919956303,0.0676810890783262,0.00276216162034404,1,0.0158489319246111,0.0890445842201033
148,"LOM","Lisier","2024-04-19","bsth",0,0,0,0,1,0,0,16,1,0.0284069204386876,30.7373099976293,3.39968128066454,0.0879844534867522,0.0879844534867522,0.0688640674255497,0.198559172390265,0.0750269663807911,0.0676810890783262,0.00276216162034404,1,0.0158489319246111,0.0870327030528039
148,"LOM","Lisier","2024-04-19","bsth",0,0,0,0,1,0,0,17,1,0.0246005403376986,30.1723192165909,3.48581570587704,0.0861344252125096,0.0861344252125096,0.070608809469232,0.198559172390265,0.0761832961787027,0.0676810890783262,0.00276216162034404,1,0.0158489319246111,0.0852149723875394
148,"LOM","Lisier","2024-04-19","bsth",0,0,0,0,1,0,0,18,1,0.0213288443655463,29.6175094829151,3.57010801818246,0.084292312305418,0.084292312305418,0.0723162376070018,0.198559172390265,0.0750269663807911,0.0676810890783262,0.00276216162034404,1,0.0158489319246111,0.0834085864730386
148,"LOM","Lisier","2024-04-19","bsth",0,0,0,0,1,0,0,19,1,0.0184049370246534,29.0727223854559,3.65274340802344,0.0826353898409748,0.0826353898409748,0.0739901030631874,0.198559172390265,0.0797603179250033,0.0676810890783262,0.00276216162034404,1,0.0158489319246111,0.0817715416004992
148,"LOM","Lisier","2024-04-19","bsth",0,0,0,0,1,0,0,20,1,0.015628703811702,28.5377893806009,3.7339330073317,0.0811895993082596,0.0811895993082596,0.075634682533862,0.198559172390265,0.0958286446224976,0.0676810890783262,0.00276216162034404,1,0.0158489319246111,0.0803236640600394
148,"LOM","Lisier","2024-04-19","bsth",0,0,0,0,1,0,0,21,1,0.0130059926219274,28.0125388400804,3.81368778444817,0.0797547771164737,0.0797547771164737,0.0772501981941373,0.198559172390265,0.116017900238018,0.0676810890783262,0.00276216162034404,1,0.0158489319246111,0.0788840876269741
148,"LOM","Lisier","2024-04-19","bsth",0,0,0,0,1,0,0,22,1,0.0106824347581671,27.4968077136152,3.89187301072271,0.0781852262745351,0.0781852262745351,0.0788339209755855,0.198559172390265,0.129128351925081,0.0676810890783262,0.00276216162034404,1,0.0158489319246111,0.0773300321433973
148,"LOM","Lisier","2024-04-19","bsth",0,0,0,0,1,0,0,23,1,0.00851796138735976,26.9904355024985,3.96863964447149,0.0767666337487833,0.0767666337487833,0.0803889086953389,0.198559172390265,0.158742653656222,0.0676810890783262,0.00276216162034404,1,0.0158489319246111,0.0759041088557432
148,"LOM","Lisier","2024-04-19","bsth",0,0,0,0,1,0,0,24,1,0.00667130030297477,26.4932660432832,4.04383804804055,0.0751984035690589,0.0751984035690589,0.0819121302876468,0.198559172390265,0.176681160448418,0.0676810890783262,0.00276216162034404,1,0.0158489319246111,0.0743573757415502
148,"LOM","Lisier","2024-04-19","bsth",0,0,0,0,1,0,0,25,1,0.00513701242809889,26.00515083849,4.11747748411735,0.0736394360768005,0.0736394360768005,0.0834037733778429,0.198559172390265,0.193662029009214,0.0676810890783262,0.00276216162034404,1,0.0158489319246111,0.072825273827206
148,"LOM","Lisier","2024-04-19","bsth",0,0,0,0,1,0,0,26,1,0.0039075503661127,25.5259437093465,4.18956933990508,0.072091855787729,0.072091855787729,0.0848640686255282,0.198559172390265,0.205879908903405,0.0676810890783262,0.00276216162034404,1,0.0158489319246111,0.0713112681504301
148,"LOM","Lisier","2024-04-19","bsth",0,0,0,0,1,0,0,27,1,0.00294374632221004,25.0554995156398,4.26015789014909,0.0705885502440164,0.0705885502440164,0.0862939128615519,0.198559172390265,0.215546554325866,0.0676810890783262,0.00276216162034404,1,0.0158489319246111,0.0698418535172108
148,"LOM","Lisier","2024-04-19","bsth",0,0,0,0,1,0,0,28,1,0.00222853439894819,24.5936739762288,4.32926674408173,0.0691088539326365,0.0691088539326365,0.087693784315381,0.198559172390265,0.210657791142536,0.0676810890783262,0.00276216162034404,1,0.0158489319246111,0.0684011604943608
148,"LOM","Lisier","2024-04-19","bsth",0,0,0,0,1,0,0,29,1,0.00173097739689658,24.140323797734,4.39693467209443,0.0676679280127033,0.0676679280127033,0.0890644683214721,0.198559172390265,0.184976841848224,0.0676810890783262,0.00276216162034404,1,0.0158489319246111,0.0669996666289673
148,"LOM","Lisier","2024-04-19","bsth",0,0,0,0,1,0,0,30,1,0.00136472388171721,23.6953042003418,4.46325962317912,0.0663249510846819,0.0663249510846819,0.0904079489381607,0.198559172390265,0.170053005482265,0.0676810890783262,0.00276216162034404,1,0.0158489319246111,0.0656823352423006
148,"LOM","Lisier","2024-04-19","bsth",0,0,0,0,1,0,0,31,1,0.00109597845907495,23.2584691860361,4.52829051746277,0.0650308942836526,0.0650308942836526,0.0917252170933149,0.198559172390265,0.151623500436099,0.0676810890783262,0.00276216162034404,1,0.0158489319246111,0.0644098270239909
148,"LOM","Lisier","2024-04-19","bsth",0,0,0,0,1,0,0,32,1,0.000893809456470416,22.8296732794853,4.5920751986796,0.0637846812168323,0.0637846812168323,0.0930172419113515,0.198559172390265,0.136229107590103,0.0676810890783262,0.00276216162034404,1,0.0158489319246111,0.0631810102021986
148,"LOM","Lisier","2024-04-19","bsth",0,0,0,0,1,0,0,33,1,0.000741140257806032,22.4087721093821,4.65464884957147,0.0625736508918662,0.0625736508918662,0.0942847360551666,0.198559172390265,0.119621638265298,0.0676810890783262,0.00276216162034404,1,0.0158489319246111,0.0619853066913943
148,"LOM","Lisier","2024-04-19","bsth",0,0,0,0,1,0,0,34,1,0.000613984001035279,21.9956225729041,4.71605457207268,0.0614057225012132,0.0614057225012132,0.0955285725991063,0.198559172390265,0.120539929233885,0.0676810890783262,0.00276216162034404,1,0.0158489319246111,0.0608294740744842
148,"LOM","Lisier","2024-04-19","bsth",0,0,0,0,1,0,0,35,1,0.00050674283780572,21.5900832530294,4.77631764957036,0.0602630774976785,0.0602630774976785,0.0967492636843777,0.198559172390265,0.124284130136458,0.0676810890783262,0.00276216162034404,1,0.0158489319246111,0.05969827943435
148,"LOM","Lisier","2024-04-19","bsth",0,0,0,0,1,0,0,36,1,0.000423904304475197,21.1920153251746,4.83545290922973,0.0591352596593673,0.0591352596593673,0.0979471096505778,0.198559172390265,0.110814829802645,0.0676810890783262,0.00276216162034404,1,0.0158489319246111,0.0585827462722931
148,"LOM","Lisier","2024-04-19","bsth",0,0,0,0,1,0,0,37,1,0.000355499975473543,20.8012823085514,4.89348947068344,0.0580365614537151,0.0580365614537151,0.0991227003460428,0.198559172390265,0.108301463435919,0.0676810890783262,0.00276216162034404,1,0.0158489319246111,0.0574950048142173
148,"LOM","Lisier","2024-04-19","bsth",0,0,0,0,1,0,0,38,1,0.000302096192027597,20.4177499451674,4.95044584234713,0.0569563716636896,0.0569563716636896,0.100276410677911,0.198559172390265,0.0950986078666436,0.0676810890783262,0.00276216162034404,1,0.0158489319246111,0.0564258541996266
148,"LOM","Lisier","2024-04-19","bsth",0,0,0,0,1,0,0,39,1,0.000256714811628353,20.0412862221415,5.00634794133499,0.0559020989878629,0.0559020989878629,0.10140876562419,0.198559172390265,0.0950986078666436,0.0676810890783262,0.00276216162034404,1,0.0158489319246111,0.0553816848463336
148,"LOM","Lisier","2024-04-19","bsth",0,0,0,0,1,0,0,40,1,0.000220410652119034,19.6717613774456,5.0612134760359,0.0548655347009053,0.0548655347009053,0.102520123886645,0.198559172390265,0.0847922903241144,0.0676810890783262,0.00276216162034404,1,0.0158489319246111,0.0543552734053514
148,"LOM","Lisier","2024-04-19","bsth",0,0,0,0,1,0,0,41,1,0.000189604852439127,19.3090479482493,5.11506452721934,0.0538510511834414,0.0538510511834414,0.103610932734146,0.198559172390265,0.0828691353543526,0.0676810890783262,0.00276216162034404,1,0.0158489319246111,0.0533504235582177
148,"LOM","Lisier","2024-04-19","bsth",0,0,0,0,1,0,0,42,1,0.00016341148938313,18.9530206770605,5.16792028023857,0.0528557530192257,0.0528557530192257,0.104681580785905,0.198559172390265,0.080989599032272,0.0676810890783262,0.00276216162034404,1,0.0158489319246111,0.052364540934766
148,"LOM","Lisier","2024-04-19","bsth",0,0,0,0,1,0,0,43,1,0.000139457054048018,18.6035565038212,5.21980117819561,0.0518808979570391,0.0518808979570391,0.105732482138138,0.198559172390265,0.0908337077605312,0.0676810890783262,0.00276216162034404,1,0.0158489319246111,0.0513986971780491
148,"LOM","Lisier","2024-04-19","bsth",0,0,0,0,1,0,0,44,1,0.000116953233949961,18.2605345338893,5.27072584687903,0.0509246686834262,0.0509246686834262,0.106764014075495,0.198559172390265,0.108301463435919,0.0676810890783262,0.00276216162034404,1,0.0158489319246111,0.0504512138628663
148,"LOM","Lisier","2024-04-19","bsth",0,0,0,0,1,0,0,45,1,9.65256644512371e-05,17.9238360990699,5.32071117016164,0.0499853232826126,0.0499853232826126,0.107776518598316,0.198559172390265,0.124284130136458,0.0676810890783262,0.00276216162034404,1,0.0158489319246111,0.04952052877043
148,"LOM","Lisier","2024-04-19","bsth",0,0,0,0,1,0,0,46,1,7.76071394776283e-05,17.5933447186308,5.36977490056433,0.0490637304026844,0.0490637304026844,0.108770355302308,0.198559172390265,0.150468410235193,0.0676810890783262,0.00276216162034404,1,0.0158489319246111,0.0486073389781847
148,"LOM","Lisier","2024-04-19","bsth",0,0,0,0,1,0,0,47,1,6.18070277292543e-05,17.2689461002632,5.41793225450338,0.0481573539390521,0.0481573539390521,0.109745832411752,0.198559172390265,0.159961262156289,0.0676810890783262,0.00276216162034404,1,0.0158489319246111,0.0477095068721025
148,"LOM","Lisier","2024-04-19","bsth",0,0,0,0,1,0,0,48,1,4.85374923855579e-05,16.9505280882216,5.46520030326827,0.0472680487648889,0.0472680487648889,0.110703295723308,0.198559172390265,0.173999448041581,0.0676810890783262,0.00276216162034404,1,0.0158489319246111,0.0468285436267338
148,"LOM","Lisier","2024-04-19","bsth",0,0,0,0,1,0,0,49,1,3.74298594166071e-05,16.6379805631489,5.51159562397883,0.0463953207105572,0.0463953207105572,0.111643081023716,0.198559172390265,0.192186683094149,0.0676810890783262,0.00276216162034404,1,0.0158489319246111,0.0459639848720898
148,"LOM","Lisier","2024-04-19","bsth",0,0,0,0,1,0,0,50,1,2.34966588254375e-05,15.8092032270506,5.55640390034154,0.0448082763627164,0.0448082763627164,0.112550719096207,0.198559172390265,0.1951487006079,0.270461831998934,0.00276216162034404,1,0.0483341509410737,0.0436721597444168
148,"LOM","Lisier","2024-04-19","bsth",0,0,0,0,1,0,0,51,1,1.80928189293547e-05,15.5176990852779,5.59967163966828,0.0432677393267387,0.0432677393267387,0.113427151994577,0.198559172390265,0.193662029009214,0.0676810890783262,0.00276216162034404,1,0.0158489319246111,0.0428658967414268
148,"LOM","Lisier","2024-04-19","bsth",0,0,0,0,1,0,0,52,1,1.38482169456094e-05,15.2315696597225,5.64214080907382,0.0424691694055364,0.0424691694055364,0.114287409031636,0.198559172390265,0.199677542278709,0.0676810890783262,0.00276216162034404,1,0.0158489319246111,0.042074822309607
148,"LOM","Lisier","2024-04-19","bsth",0,0,0,0,1,0,0,53,1,1.05668356536567e-05,14.950715917091,5.68382624156017,0.0416854324863554,0.0416854324863554,0.115131790665212,0.198559172390265,0.202755010331179,0.0676810890783262,0.00276216162034404,1,0.0158489319246111,0.0412984361817276
148,"LOM","Lisier","2024-04-19","bsth",0,0,0,0,1,0,0,54,1,8.1605920287457e-06,14.6750406409171,5.72474240050739,0.040916158947212,0.040916158947212,0.115960589866055,0.198559172390265,0.190722576581977,0.0676810890783262,0.00276216162034404,1,0.0158489319246111,0.0405363904444683
148,"LOM","Lisier","2024-04-19","bsth",0,0,0,0,1,0,0,55,1,6.49916929296453e-06,14.4044483997558,5.76490353309215,0.0401611325847693,0.0401611325847693,0.116774095225493,0.198559172390265,0.159961262156289,0.0676810890783262,0.00276216162034404,1,0.0158489319246111,0.0397884541473546
148,"LOM","Lisier","2024-04-19","bsth",0,0,0,0,1,0,0,56,1,5.28918718168065e-06,14.1388455070817,5.8043238032367,0.0394202701445465,0.0394202701445465,0.11757259364845,0.198559172390265,0.138328696365288,0.0676810890783262,0.00276216162034404,1,0.0158489319246111,0.0390545080620024
148,"LOM","Lisier","2024-04-19","bsth",0,0,0,0,1,0,0,57,1,4.28601776832644e-06,13.8781399859534,5.84301708777293,0.0386932845362251,0.0386932845362251,0.118356366224537,0.198559172390265,0.142625450420766,0.0676810890783262,0.00276216162034404,1,0.0158489319246111,0.0383342769261771
148,"LOM","Lisier","2024-04-19","bsth",0,0,0,0,1,0,0,58,1,3.50977489515622e-06,13.6222415484941,5.88099675405982,0.0379796662868905,0.0379796662868905,0.119125683723461,0.198559172390265,0.132125050643849,0.0676810890783262,0.00276216162034404,1,0.0158489319246111,0.0376272965174922
148,"LOM","Lisier","2024-04-19","bsth",0,0,0,0,1,0,0,59,1,2.88274354931957e-06,13.3710615694688,5.91827602238485,0.0372792683250367,0.0372792683250367,0.119880813935846,0.198559172390265,0.129128351925081,0.0676810890783262,0.00276216162034404,1,0.0158489319246111,0.0369334053343674
148,"LOM","Lisier","2024-04-19","bsth",0,0,0,0,1,0,0,60,1,2.40320778593262e-06,13.1245130553056,5.9548677970251,0.0365917746402422,0.0365917746402422,0.120622018251197,0.198559172390265,0.114256950504081,0.0676810890783262,0.00276216162034404,1,0.0158489319246111,0.0362523008302624
148,"LOM","Lisier","2024-04-19","bsth",0,0,0,0,1,0,0,61,1,2.02997825412043e-06,12.882510614971,5.99078478520559,0.0359169881804986,0.0359169881804986,0.121349554067525,0.198559172390265,0.101098252582564,0.0676810890783262,0.00276216162034404,1,0.0158489319246111,0.0355837816216019
148,"LOM","Lisier","2024-04-19","bsth",0,0,0,0,1,0,0,62,1,1.71603418206623e-06,12.6449704289852,6.02603946929316,0.0352546840875627,0.0352546840875627,0.122063674228106,0.198559172390265,0.100328071175651,0.0676810890783262,0.00276216162034404,1,0.0158489319246111,0.0349276241757277
148,"LOM","Lisier","2024-04-19","bsth",0,0,0,0,1,0,0,63,1,1.46139744754873e-06,12.4118102219298,6.06064405672991,0.0346045874367507,0.0346045874367507,0.122764626007331,0.198559172390265,0.0929416976141068,0.0676810890783262,0.00276216162034404,1,0.0158489319246111,0.0342835616587679
148,"LOM","Lisier","2024-04-19","bsth",0,0,0,0,1,0,0,64,1,1.25714453785904e-06,12.1829492351433,6.09461053906654,0.0339664823366359,0.0339664823366359,0.123452652306485,0.198559172390265,0.0828691353543526,0.0676810890783262,0.00276216162034404,1,0.0158489319246111,0.0336513789783934
148,"LOM","Lisier","2024-04-19","bsth",0,0,0,0,1,0,0,65,1,1.08280023319929e-06,11.9583081980635,6.12795069941464,0.0333401603480983,0.0333401603480983,0.124127991804704,0.198559172390265,0.0816113261580607,0.0676810890783262,0.00276216162034404,1,0.0158489319246111,0.0330308683176995
148,"LOM","Lisier","2024-04-19","bsth",0,0,0,0,1,0,0,66,1,9.34362394922121e-07,11.7378093010044,6.16067608827919,0.032725388864546,0.032725388864546,0.124790878469437,0.198559172390265,0.0797603179250033,0.0676810890783262,0.00276216162034404,1,0.0158489319246111,0.0324218008831933
148,"LOM","Lisier","2024-04-19","bsth",0,0,0,0,1,0,0,67,1,7.93421520729456e-07,11.5213761682316,6.19279805842141,0.0321219701422173,0.0321219701422173,0.125441542262628,0.198559172390265,0.0958286446224976,0.0676810890783262,0.00276216162034404,1,0.0158489319246111,0.0318239790979448
148,"LOM","Lisier","2024-04-19","bsth",0,0,0,0,1,0,0,68,1,6.61438224913758e-07,11.3089338317658,6.22432773426282,0.031529675841413,0.031529675841413,0.126080208520961,0.198559172390265,0.114256950504081,0.0676810890783262,0.00276216162034404,1,0.0158489319246111,0.0312371785710282
148,"LOM","Lisier","2024-04-19","bsth",0,0,0,0,1,0,0,69,1,5.39426423396971e-07,11.1004087060426,6.2552760354299,0.0309483011670819,0.0309483011670819,0.126707098432788,0.198559172390265,0.136229107590103,0.0676810890783262,0.00276216162034404,1,0.0158489319246111,0.0306611963835438
148,"LOM","Lisier","2024-04-19","bsth",0,0,0,0,1,0,0,70,1,4.32189848819601e-07,10.8957285625462,6.28565367617659,0.0303776407466936,0.0303776407466936,0.127322429026426,0.198559172390265,0.15396035050582,0.0676810890783262,0.00276216162034404,1,0.0158489319246111,0.030095829801252
148,"LOM","Lisier","2024-04-19","bsth",0,0,0,0,1,0,0,71,1,3.42924519504048e-07,10.6948225048489,6.31547117443231,0.0298174982557189,0.0298174982557189,0.127926413353434,0.198559172390265,0.163673504295293,0.0676810890783262,0.00276216162034404,1,0.0158489319246111,0.0295408843869432
148,"LOM","Lisier","2024-04-19","bsth",0,0,0,0,1,0,0,72,1,2.69658240026649e-07,10.4976209438095,6.34473885924874,0.0292676848164248,0.0292676848164248,0.128519260639457,0.198559172390265,0.172673894569871,0.0676810890783262,0.00276216162034404,1,0.0158489319246111,0.0289961722388488
148,"LOM","Lisier","2024-04-19","bsth",0,0,0,0,1,0,0,73,1,2.09747962110329e-07,10.3040555732821,6.37346687006787,0.0287280108191288,0.0287280108191288,0.129101176269403,0.198559172390265,0.183567660970597,0.0676810890783262,0.00276216162034404,1,0.0158489319246111,0.0284615053413547
148,"LOM","Lisier","2024-04-19","bsth",0,0,0,0,1,0,0,74,1,1.62220401969875e-07,10.1140593464995,6.40166515785205,0.0281982877841855,0.0281982877841855,0.129672361810324,0.198559172390265,0.189269623849268,0.0676810890783262,0.00276216162034404,1,0.0158489319246111,0.0279366972561774
148,"LOM","Lisier","2024-04-19","bsth",0,0,0,0,1,0,0,75,1,1.23781735512836e-07,9.92756645281783,6.42934349255445,0.0276783347023954,0.0276783347023954,0.130233015162746,0.198559172390265,0.202755010331179,0.0676810890783262,0.00276216162034404,1,0.0158489319246111,0.0274215681367555
148,"LOM","Lisier","2024-04-19","bsth",0,0,0,0,1,0,0,76,1,9.50299346217796e-08,9.74451229499505,6.45651146021768,0.027167967663237,0.027167967663237,0.130783330501898,0.198559172390265,0.196646784833284,0.0676810890783262,0.00276216162034404,1,0.0158489319246111,0.026915936557537
148,"LOM","Lisier","2024-04-19","bsth",0,0,0,0,1,0,0,77,1,7.26243642620857e-08,9.5648334667917,6.4831784741502,0.0266670139325136,0.0266670139325136,0.131323498504096,0.198559172390265,0.201210392742582,0.0676810890783262,0.00276216162034404,1,0.0158489319246111,0.0264196305197311
148,"LOM","Lisier","2024-04-19","bsth",0,0,0,0,1,0,0,78,1,5.61681431603382e-08,9.38846773099748,6.50935377131624,0.0261752971660441,0.0261752971660441,0.131853706273623,0.198559172390265,0.189269623849268,0.0676810890783262,0.00276216162034404,1,0.0158489319246111,0.025932475871323
148,"LOM","Lisier","2024-04-19","bsth",0,0,0,0,1,0,0,79,1,4.50020619087837e-08,9.21535399795564,6.53504641866017,0.025692647343929,0.025692647343929,0.132374137470835,0.198559172390265,0.15396035050582,0.0676810890783262,0.00276216162034404,1,0.0158489319246111,0.0254543040595703
148,"LOM","Lisier","2024-04-19","bsth",0,0,0,0,1,0,0,80,1,3.6776749297174e-08,9.04543230433415,6.56026531774425,0.025218899084078,0.025218899084078,0.132884972406098,0.198559172390265,0.134161386917059,0.0676810890783262,0.00276216162034404,1,0.0158489319246111,0.0249849508844716
148,"LOM","Lisier","2024-04-19","bsth",0,0,0,0,1,0,0,81,1,3.00548293011257e-08,8.87864379233895,6.58501920524763,0.0247538875033797,0.0247538875033797,0.133386388049903,0.198559172390265,0.134161386917059,0.0676810890783262,0.00276216162034404,1,0.0158489319246111,0.0245242531561021
148,"LOM","Lisier","2024-04-19","bsth",0,0,0,0,1,0,0,82,1,2.48053197870605e-08,8.7149306894075,6.6093166554183,0.0242974501706739,0.0242974501706739,0.133878558082529,0.198559172390265,0.124284130136458,0.0676810890783262,0.00276216162034404,1,0.0158489319246111,0.0240720501571474
148,"LOM","Lisier","2024-04-19","bsth",0,0,0,0,1,0,0,83,1,2.0767856328171e-08,8.55423628823383,6.63316608464271,0.0238494292244074,0.0238494292244074,0.134361652986605,0.198559172390265,0.109970626076626,0.0676810890783262,0.00276216162034404,1,0.0158489319246111,0.0236281854505679
148,"LOM","Lisier","2024-04-19","bsth",0,0,0,0,1,0,0,84,1,1.74735196994456e-08,8.39650492711168,6.65657575435479,0.0234096697120805,0.0234096697120805,0.134835840106036,0.198559172390265,0.105038758562002,0.0676810890783262,0.00276216162034404,1,0.0158489319246111,0.0231925054900943
148,"LOM","Lisier","2024-04-19","bsth",0,0,0,0,1,0,0,85,1,1.48158849410577e-08,8.24168197066115,6.67955377331996,0.0229780189651692,0.0229780189651692,0.135301283692269,0.198559172390265,0.097305573820302,0.0676810890783262,0.00276216162034404,1,0.0158489319246111,0.0227648590681098
150,"LOM","Digestat liquide","2025-04-02","bsth",0,0,0,0,0,0,0,1,1,36.3296666379701,15.4412521866668,2.47459014066215,2.47459014066215,2.47459014066215,0.0454286631785532,0.759956486399866,0.0628769467770044,0.0676810890783262,0.00241192722391505,1,0.0158489319246111,2.32154169214232
150,"LOM","Digestat liquide","2025-04-02","bsth",0,0,0,0,0,0,0,2,1,31.7076684711419,17.4393807599134,4.83743707632759,2.36284693566543,2.36284693566543,0.0888059383963795,0.759956486399866,0.068395021933806,0.0676810890783262,0.00241192722391505,1,0.0158489319246111,2.21070919777666
150,"LOM","Digestat liquide","2025-04-02","bsth",0,0,0,0,0,0,0,3,1,27.5545450679584,19.1073971828676,7.03251902438681,2.19508194805922,2.19508194805922,0.129103374658298,0.759956486399866,0.0727099729214777,0.0676810890783262,0.00241192722391505,1,0.0158489319246111,2.04957587719841
150,"LOM","Digestat liquide","2025-04-02","bsth",0,0,0,0,0,0,0,4,1,23.9320428910215,20.48494620831,8.96336708437113,1.93084805998432,1.93084805998432,0.164549990534056,0.759956486399866,0.0732681404271921,0.0676810890783262,0.00241192722391505,1,0.0158489319246111,1.80286447868921
150,"LOM","Digestat liquide","2025-04-02","bsth",0,0,0,0,0,0,0,5,1,20.7740910125086,21.6105996619393,10.6617714609871,1.69840437661601,1.69840437661601,0.195729392366484,0.759956486399866,0.0738305927779135,0.0676810890783262,0.00241192722391505,1,0.0158489319246111,1.5858866475256
150,"LOM","Digestat liquide","2025-04-02","bsth",0,0,0,0,0,0,0,6,1,18.0630684955102,22.5195016662039,12.1139203210056,1.45214886001844,1.45214886001844,0.222388021754398,0.759956486399866,0.0721560576181889,0.0676810890783262,0.00241192722391505,1,0.0158489319246111,1.35767521026104
150,"LOM","Digestat liquide","2025-04-02","bsth",0,0,0,0,0,0,0,7,1,15.8213188525008,23.2463796872326,13.2659039223963,1.15198360139069,1.15198360139069,0.243536200660822,0.759956486399866,0.0648300250836683,0.0676810890783262,0.00241192722391505,1,0.0158489319246111,1.08176507408944
150,"LOM","Digestat liquide","2025-04-02","bsth",0,0,0,0,0,0,0,8,1,14.0487064524425,23.826020028816,14.0856799630133,0.819776040617011,0.819776040617011,0.258585694724139,0.759956486399866,0.0511469118374371,0.0676810890783262,0.00241192722391505,1,0.0158489319246111,0.776014576698158
150,"LOM","Digestat liquide","2025-04-02","bsth",0,0,0,0,0,0,0,9,1,12.444774683379,24.2820522604529,14.8521943872502,0.766514424236878,0.766514424236878,0.272657409077143,0.759956486399866,0.0535484043571291,0.0676810890783262,0.00241192722391505,1,0.0158489319246111,0.724964369778459
150,"LOM","Digestat liquide","2025-04-02","bsth",0,0,0,0,0,0,0,10,1,11.0632951024013,24.6299222753458,15.4980708300638,0.645876442813629,0.645876442813629,0.284514444669992,0.759956486399866,0.0499868601710398,0.0676810890783262,0.00241192722391505,1,0.0158489319246111,0.6124249653735
150,"LOM","Digestat liquide","2025-04-02","bsth",0,0,0,0,0,0,0,11,1,9.85363259193116,24.8847507967443,16.0604132293822,0.562342399318437,0.562342399318437,0.294837957654983,0.759956486399866,0.0481116140800353,0.0676810890783262,0.00241192722391505,1,0.0158489319246111,0.534094376456459
150,"LOM","Digestat liquide","2025-04-02","bsth",0,0,0,0,0,0,0,12,1,8.82499797947943,25.0600777915321,16.5178385975774,0.457425368195192,0.457425368195192,0.30323539795817,0.759956486399866,0.0425707153128028,0.0676810890783262,0.00241192722391505,1,0.0158489319246111,0.436129560479304
150,"LOM","Digestat liquide","2025-04-02","bsth",0,0,0,0,0,0,0,13,1,7.90885263517406,25.1671011459633,16.9288525622942,0.411013964716801,0.411013964716801,0.310780815139782,0.759956486399866,0.0419245659716253,0.0676810890783262,0.00241192722391505,1,0.0158489319246111,0.39227643046419
150,"LOM","Digestat liquide","2025-04-02","bsth",0,0,0,0,0,0,0,14,1,7.10332031227961,25.2145429896952,17.2876222837214,0.358769721427194,0.358769721427194,0.317367129602758,0.759956486399866,0.0397393053867703,0.0676810890783262,0.00241192722391505,1,0.0158489319246111,0.343096657825151
150,"LOM","Digestat liquide","2025-04-02","bsth",0,0,0,0,0,0,0,15,1,6.39306166059088,25.2103718100681,17.6023982191777,0.314775935456289,0.314775935456289,0.323145803700575,0.759956486399866,0.0376679485171489,0.0676810890783262,0.00241192722391505,1,0.0158489319246111,0.30161909959182
150,"LOM","Digestat liquide","2025-04-02","bsth",0,0,0,0,0,0,0,16,1,5.73302877799852,25.1603468677747,17.9132372188993,0.310838999721597,0.310838999721597,0.328852203313616,0.759956486399866,0.0412882240524756,0.0676810890783262,0.00241192722391505,1,0.0158489319246111,0.297391502258825
150,"LOM","Digestat liquide","2025-04-02","bsth",0,0,0,0,0,0,0,17,1,5.15978512419415,25.0699444240193,18.1787860326365,0.265548813737205,0.265548813737205,0.333727163178082,0.759956486399866,0.0376679485171489,0.0676810890783262,0.00241192722391505,1,0.0158489319246111,0.254825401876026
150,"LOM","Digestat liquide","2025-04-02","bsth",0,0,0,0,0,0,0,18,1,4.64519270719855,24.9447402776127,18.422199960224,0.24341392758754,0.24341392758754,0.3381957695738,0.759956486399866,0.0373809885268093,0.0676810890783262,0.00241192722391505,1,0.0158489319246111,0.233806793461671
150,"LOM","Digestat liquide","2025-04-02","bsth",0,0,0,0,0,0,0,19,1,4.17829502796042,24.7889195850653,18.6507676689681,0.228567708744063,0.228567708744063,0.342391828259805,0.759956486399866,0.0382484940649392,0.0676810890783262,0.00241192722391505,1,0.0158489319246111,0.219602562577169
150,"LOM","Digestat liquide","2025-04-02","bsth",0,0,0,0,0,0,0,20,1,3.72280379788305,24.6049713750999,18.8987506323759,0.247982963407789,0.247982963407789,0.34694431326876,0.759956486399866,0.0477450927042999,0.0676810890783262,0.00241192722391505,1,0.0158489319246111,0.2370910127531
150,"LOM","Digestat liquide","2025-04-02","bsth",0,0,0,0,0,0,0,21,1,3.26871866810273,24.3938144060403,19.1756680366089,0.276917404233018,0.276917404233018,0.352027978348673,0.759956486399866,0.0623979409179117,0.0676810890783262,0.00241192722391505,1,0.0158489319246111,0.262797419390609
150,"LOM","Digestat liquide","2025-04-02","bsth",0,0,0,0,0,0,0,22,1,2.84985420112897,24.1572180516018,19.4463561315075,0.270688094898567,0.270688094898567,0.356997285422005,0.759956486399866,0.0694491389494064,0.0676810890783262,0.00241192722391505,1,0.0158489319246111,0.256185372272466
150,"LOM","Digestat liquide","2025-04-02","bsth",0,0,0,0,0,0,0,23,1,2.46669317732628,23.8980237382659,19.7078713550168,0.261515223509285,0.261515223509285,0.361798196413144,0.759956486399866,0.0767082873460693,0.0676810890783262,0.00241192722391505,1,0.0158489319246111,0.246856103093024
150,"LOM","Digestat liquide","2025-04-02","bsth",0,0,0,0,0,0,0,24,1,2.12207170323941,23.6191378266666,19.9548065450588,0.246935190042077,0.246935190042077,0.366331446340484,0.759956486399866,0.0828045399447343,0.0676810890783262,0.00241192722391505,1,0.0158489319246111,0.232684812646017
150,"LOM","Digestat liquide","2025-04-02","bsth",0,0,0,0,0,0,0,25,1,1.81362292319247,23.3234214755262,20.1869565356425,0.232149990583633,0.232149990583633,0.370593268755369,0.759956486399866,0.0893852812086078,0.0676810890783262,0.00241192722391505,1,0.0158489319246111,0.218365590207603
150,"LOM","Digestat liquide","2025-04-02","bsth",0,0,0,0,0,0,0,26,1,1.54461721116278,23.013725521558,20.3984444920231,0.211487956380584,0.211487956380584,0.374475776399307,0.759956486399866,0.0928692507736476,0.0676810890783262,0.00241192722391505,1,0.0158489319246111,0.198954874241923
150,"LOM","Digestat liquide","2025-04-02","bsth",0,0,0,0,0,0,0,27,1,1.31172240078107,22.6928354317252,20.5900162369516,0.19157174492851,0.19157174492851,0.377992661127764,0.759956486399866,0.0957539474445183,0.0676810890783262,0.00241192722391505,1,0.0158489319246111,0.18033606539179
150,"LOM","Digestat liquide","2025-04-02","bsth",0,0,0,0,0,0,0,28,1,1.10462144115396,22.3630137915444,20.7698847452978,0.179868508346239,0.179868508346239,0.381294697189341,0.759956486399866,0.104157305203495,0.0676810890783262,0.00241192722391505,1,0.0158489319246111,0.168992354353211
150,"LOM","Digestat liquide","2025-04-02","bsth",0,0,0,0,0,0,0,29,1,0.931690334480055,22.0264543495103,20.9276051318469,0.157720386549055,0.157720386549055,0.384190136801418,0.759956486399866,0.102576378652424,0.0676810890783262,0.00241192722391505,1,0.0158489319246111,0.148695625428336
150,"LOM","Digestat liquide","2025-04-02","bsth",0,0,0,0,0,0,0,30,1,0.791211617672372,21.6855148127101,21.0626250453628,0.135019913515919,0.135019913515919,0.386668839869342,0.759956486399866,0.0957539474445183,0.0676810890783262,0.00241192722391505,1,0.0158489319246111,0.128065519197481
150,"LOM","Digestat liquide","2025-04-02","bsth",0,0,0,0,0,0,0,31,1,0.679803397848019,21.3423347553714,21.1762389155577,0.113613870194946,0.113613870194946,0.388754569605627,0.759956486399866,0.084080739177614,0.0676810890783262,0.00241192722391505,1,0.0158489319246111,0.108634530404904
150,"LOM","Digestat liquide","2025-04-02","bsth",0,0,0,0,0,0,0,32,1,0.591088935319268,20.9986812493847,21.2730773049288,0.0968383893710403,0.0968383893710403,0.390532334133661,0.759956486399866,0.0721560576181889,0.0676810890783262,0.00241192722391505,1,0.0158489319246111,0.0932979382460764
150,"LOM","Digestat liquide","2025-04-02","bsth",0,0,0,0,0,0,0,33,1,0.517986541050671,20.6558369080017,21.3589359655303,0.085858660601513,0.085858660601513,0.392108532191406,0.759956486399866,0.064336140385826,0.0676810890783262,0.00241192722391505,1,0.0158489319246111,0.083145630194163
150,"LOM","Digestat liquide","2025-04-02","bsth",0,0,0,0,0,0,0,34,1,0.454147553134146,20.3146122202409,21.4393332365915,0.080397271061269,0.080397271061269,0.393584469756784,0.759956486399866,0.0638460181744929,0.0676810890783262,0.00241192722391505,1,0.0158489319246111,0.0779928791885804
150,"LOM","Digestat liquide","2025-04-02","bsth",0,0,0,0,0,0,0,35,1,0.400589413382939,19.9756357226399,21.5125925648068,0.0732593282152223,0.0732593282152223,0.394929368571133,0.759956486399866,0.0578040670829016,0.0676810890783262,0.00241192722391505,1,0.0158489319246111,0.0713354769383328
150,"LOM","Digestat liquide","2025-04-02","bsth",0,0,0,0,0,0,0,36,1,0.354708537560572,19.6394656712717,21.5807189770084,0.0681264122016358,0.0681264122016358,0.396180037028352,0.759956486399866,0.0539594756049108,0.0676810890783262,0.00241192722391505,1,0.0158489319246111,0.0665088485950385
150,"LOM","Digestat liquide","2025-04-02","bsth",0,0,0,0,0,0,0,37,1,0.315089925260783,19.3065171759202,21.6446644586916,0.0639454816832199,0.0639454816832199,0.397353951731011,0.759956486399866,0.0507572671154769,0.0676810890783262,0.00241192722391505,1,0.0158489319246111,0.0625590178774426
150,"LOM","Digestat liquide","2025-04-02","bsth",0,0,0,0,0,0,0,38,1,0.280004701824984,18.9770918921727,21.7058026185218,0.0611381598301968,0.0611381598301968,0.398476329463244,0.759956486399866,0.0503705907645072,0.0676810890783262,0.00241192722391505,1,0.0158489319246111,0.059875366813233
150,"LOM","Digestat liquide","2025-04-02","bsth",0,0,0,0,0,0,0,39,1,0.249388941563873,18.651428215597,21.7639012468396,0.0580986283177722,0.0580986283177722,0.399542907307233,0.759956486399866,0.0481116140800353,0.0676810890783262,0.00241192722391505,1,0.0158489319246111,0.0569843919904452
150,"LOM","Digestat liquide","2025-04-02","bsth",0,0,0,0,0,0,0,40,1,0.222678436262481,18.3297384213295,21.819250921565,0.0553496747254485,0.0553496747254485,0.400559019708567,0.759956486399866,0.0456038620857986,0.0676810890783262,0.00241192722391505,1,0.0158489319246111,0.0543649918024418
150,"LOM","Digestat liquide","2025-04-02","bsth",0,0,0,0,0,0,0,41,1,0.198109420174598,18.0121511470216,21.873422608955,0.0541716873899247,0.0541716873899247,0.401553506552999,0.759956486399866,0.0492281466627108,0.0676810890783262,0.00241192722391505,1,0.0158489319246111,0.0531965573043937
150,"LOM","Digestat liquide","2025-04-02","bsth",0,0,0,0,0,0,0,42,1,0.176317314803839,17.6987581540634,21.9256234329286,0.0522008239736209,0.0522008239736209,0.402511812177423,0.759956486399866,0.0488531193769975,0.0676810890783262,0.00241192722391505,1,0.0158489319246111,0.0513017674496176
150,"LOM","Digestat liquide","2025-04-02","bsth",0,0,0,0,0,0,0,43,1,0.156501353725455,17.389641980751,21.9765044191353,0.0508809862066997,0.0508809862066997,0.403445888146851,0.759956486399866,0.0515395477174714,0.0676810890783262,0.00241192722391505,1,0.0158489319246111,0.0500085598956913
150,"LOM","Digestat liquide","2025-04-02","bsth",0,0,0,0,0,0,0,44,1,0.138802170546192,17.0848628436454,22.0257964682984,0.0492920491631104,0.0492920491631104,0.404350794321824,0.759956486399866,0.0523338849760795,0.0676810890783262,0.00241192722391505,1,0.0158489319246111,0.0484715026372375
150,"LOM","Digestat liquide","2025-04-02","bsth",0,0,0,0,0,0,0,45,1,0.121454462600868,16.7844224492014,22.0751942680065,0.0493977997081423,0.0493977997081423,0.405257641871173,0.759956486399866,0.065829197693462,0.0676810890783262,0.00241192722391505,1,0.0158489319246111,0.0484780552722254
150,"LOM","Digestat liquide","2025-04-02","bsth",0,0,0,0,0,0,0,46,1,0.104938015087095,16.48828252175,22.1241878914004,0.0489936233939083,0.0489936233939083,0.406157069529308,0.759956486399866,0.0784884667023604,0.0676810890783262,0.00241192722391505,1,0.0158489319246111,0.0480049613927868
150,"LOM","Digestat liquide","2025-04-02","bsth",0,0,0,0,0,0,0,47,1,0.0895615277686445,16.1964318016861,22.1724118575875,0.0482239661870487,0.0482239661870487,0.407042367777711,0.759956486399866,0.0907629040706549,0.0676810890783262,0.00241192722391505,1,0.0158489319246111,0.047193479146057
150,"LOM","Digestat liquide","2025-04-02","bsth",0,0,0,0,0,0,0,48,1,0.0755995117210626,15.9088788770652,22.2195150443265,0.0471031867389549,0.0471031867389549,0.407907090694787,0.759956486399866,0.101794936662989,0.0676810890783262,0.00241192722391505,1,0.0158489319246111,0.0460667055729592
150,"LOM","Digestat liquide","2025-04-02","bsth",0,0,0,0,0,0,0,49,1,0.0630842159284647,15.6256421014936,22.2653785905472,0.0458635462207866,0.0458635462207866,0.408749056222412,0.759956486399866,0.113298140878629,0.0676810890783262,0.00241192722391505,1,0.0158489319246111,0.0448352359592265
150,"LOM","Digestat liquide","2025-04-02","bsth",0,0,0,0,0,0,0,50,1,0.0523615056105117,15.3467529615496,22.309556518668,0.0441779281208099,0.0441779281208099,0.409560077079381,0.759956486399866,0.118617809809567,0.0676810890783262,0.00241192722391505,1,0.0158489319246111,0.0432262583805108
150,"LOM","Digestat liquide","2025-04-02","bsth",0,0,0,0,0,0,0,51,1,0.0437309280556978,15.0722640654978,22.3516273762843,0.0420708576162312,0.0420708576162312,0.410332416219053,0.759956486399866,0.11243501892238,0.0676810890783262,0.00241192722391505,1,0.0158489319246111,0.0412700917490463
150,"LOM","Digestat liquide","2025-04-02","bsth",0,0,0,0,0,0,0,52,1,0.0364277259007973,14.8022091345674,22.3922521240565,0.040624747772231,0.040624747772231,0.411078207593929,0.759956486399866,0.115044313257251,0.0676810890783262,0.00241192722391505,1,0.0158489319246111,0.0398926538955276
150,"LOM","Digestat liquide","2025-04-02","bsth",0,0,0,0,0,0,0,53,1,0.0306271386193549,14.5366034576089,22.4311698541367,0.0389177300801506,0.0389177300801506,0.411792661443249,0.759956486399866,0.105762597293617,0.0676810890783262,0.00241192722391505,1,0.0158489319246111,0.0383004353507191
150,"LOM","Digestat liquide","2025-04-02","bsth",0,0,0,0,0,0,0,54,1,0.0258925567456209,14.2754519593008,22.4687416572619,0.0375718031252781,0.0375718031252781,0.412482406690813,0.759956486399866,0.100249866753388,0.0676810890783262,0.00241192722391505,1,0.0158489319246111,0.037027076577982
150,"LOM","Digestat liquide","2025-04-02","bsth",0,0,0,0,0,0,0,55,1,0.0223714588351073,14.0187508824026,22.504753261163,0.0360116039010983,0.0360116039010983,0.413143509714404,0.759956486399866,0.0784884667023604,0.0676810890783262,0.00241192722391505,1,0.0158489319246111,0.0355681084004126
150,"LOM","Digestat liquide","2025-04-02","bsth",0,0,0,0,0,0,0,56,1,0.0195455569306027,13.7664828249467,22.5396699133862,0.0349166522231954,0.0349166522231954,0.413784511554307,0.759956486399866,0.0673569045792436,0.0676810890783262,0.00241192722391505,1,0.0158489319246111,0.0345202829161707
150,"LOM","Digestat liquide","2025-04-02","bsth",0,0,0,0,0,0,0,57,1,0.017102723278027,13.518603263408,22.573778332611,0.0341084192247472,0.0341084192247472,0.414410675807956,0.759956486399866,0.065829197693462,0.0676810890783262,0.00241192722391505,1,0.0158489319246111,0.0337317457920863
150,"LOM","Digestat liquide","2025-04-02","bsth",0,0,0,0,0,0,0,58,1,0.0149031759841142,13.2750535975234,22.6072078013247,0.0334294687137415,0.0334294687137415,0.415024375850432,0.759956486399866,0.0699822742416347,0.0676810890783262,0.00241192722391505,1,0.0158489319246111,0.0330614213195896
150,"LOM","Digestat liquide","2025-04-02","bsth",0,0,0,0,0,0,0,59,1,0.0131852943636886,13.0357801973869,22.6397053934646,0.0324975921399187,0.0324975921399187,0.415620968451032,0.759956486399866,0.054791109249872,0.0676810890783262,0.00241192722391505,1,0.0158489319246111,0.0321637900470226
150,"LOM","Digestat liquide","2025-04-02","bsth",0,0,0,0,0,0,0,60,1,0.0116847034784906,12.8007287411534,22.6715224397385,0.0318170462738934,0.0318170462738934,0.416205067552844,0.759956486399866,0.0531404647107735,0.0676810890783262,0.00241192722391505,1,0.0158489319246111,0.0314953567095943
150,"LOM","Digestat liquide","2025-04-02","bsth",0,0,0,0,0,0,0,61,1,0.0103632471310652,12.5698360861248,22.7026938242265,0.0311713844880046,0.0311713844880046,0.416777313559747,0.759956486399866,0.0523338849760795,0.0676810890783262,0.00241192722391505,1,0.0158489319246111,0.0308598788396099
150,"LOM","Digestat liquide","2025-04-02","bsth",0,0,0,0,0,0,0,62,1,0.00921982799376841,12.3430389676326,22.733218499133,0.0305246749064239,0.0305246749064239,0.417337687236249,0.759956486399866,0.0492281466627108,0.0676810890783262,0.00241192722391505,1,0.0158489319246111,0.0302243867565596
150,"LOM","Digestat liquide","2025-04-02","bsth",0,0,0,0,0,0,0,63,1,0.00822946779813456,12.120274355487,22.7631200618055,0.0299015626725065,0.0299015626725065,0.417886621783769,0.759956486399866,0.0459539460279128,0.0676810890783262,0.00241192722391505,1,0.0158489319246111,0.0296113961983523
150,"LOM","Digestat liquide","2025-04-02","bsth",0,0,0,0,0,0,0,64,1,0.00735314845389875,11.9014781931324,22.7924381816441,0.029318119838635,0.029318119838635,0.418424845455355,0.759956486399866,0.0449116748574334,0.0676810890783262,0.00241192722391505,1,0.0158489319246111,0.0290357414713873
150,"LOM","Digestat liquide","2025-04-02","bsth",0,0,0,0,0,0,0,65,1,0.00658339110832767,11.6865860659127,22.8211823678041,0.0287441861599973,0.0287441861599973,0.418952532820607,0.759956486399866,0.0428975149116458,0.0676810890783262,0.00241192722391505,1,0.0158489319246111,0.0284696062052399
150,"LOM","Digestat liquide","2025-04-02","bsth",0,0,0,0,0,0,0,66,1,0.00589995263869172,11.4755337770072,22.8493756939068,0.0281933261027305,0.0281933261027305,0.419470107466347,0.759956486399866,0.0419245659716253,0.0676810890783262,0.00241192722391505,1,0.0158489319246111,0.0279255052793508
150,"LOM","Digestat liquide","2025-04-02","bsth",0,0,0,0,0,0,0,67,1,0.00527349696581518,11.2682566150048,22.8770518618498,0.027676167942932,0.027676167942932,0.419978188093879,0.759956486399866,0.0445695310909004,0.0676810890783262,0.00241192722391505,1,0.0158489319246111,0.0274132521827667
150,"LOM","Digestat liquide","2025-04-02","bsth",0,0,0,0,0,0,0,68,1,0.0046536362680064,11.0646883294987,22.9042682002284,0.027216338378647,0.027216338378647,0.420477827144742,0.759956486399866,0.0573637071699068,0.0676810890783262,0.00241192722391505,1,0.0158489319246111,0.0269541728342062
150,"LOM","Digestat liquide","2025-04-02","bsth",0,0,0,0,0,0,0,69,1,0.00408010123198294,10.8647636382734,22.9309920012904,0.0267238010619408,0.0267238010619408,0.420968424168203,0.759956486399866,0.0638460181744929,0.0676810890783262,0.00241192722391505,1,0.0158489319246111,0.026465517417965
150,"LOM","Digestat liquide","2025-04-02","bsth",0,0,0,0,0,0,0,70,1,0.00353768382736091,10.6684191829463,22.9572445866225,0.0262525853321343,0.0262525853321343,0.421450370587136,0.759956486399866,0.0749684838395523,0.0676810890783262,0.00241192722391505,1,0.0158489319246111,0.0259966654563266
150,"LOM","Digestat liquide","2025-04-02","bsth",0,0,0,0,0,0,0,71,1,0.00302553158591979,10.4755922326037,22.9830332952378,0.0257887086152664,0.0257887086152664,0.421923801131549,0.759956486399866,0.0887043309460669,0.0676810890783262,0.00241192722391505,1,0.0158489319246111,0.0255347438475351
150,"LOM","Digestat liquide","2025-04-02","bsth",0,0,0,0,0,0,0,72,1,0.00255585363106551,10.2862215979259,23.0083518460943,0.0253185508565466,0.0253185508565466,0.422388600493727,0.759956486399866,0.101019447813944,0.0676810890783262,0.00241192722391505,1,0.0158489319246111,0.0250678088257639
150,"LOM","Digestat liquide","2025-04-02","bsth",0,0,0,0,0,0,0,73,1,0.00212713864012158,10.100247532296,23.0332071929862,0.0248553468919113,0.0248553468919113,0.422844896331807,0.759956486399866,0.115927465798743,0.0676810890783262,0.00241192722391505,1,0.0158489319246111,0.0246076557833775
150,"LOM","Digestat liquide","2025-04-02","bsth",0,0,0,0,0,0,0,74,1,0.00175743515983485,9.91761197114578,23.0575859830846,0.0243787900983712,0.0243787900983712,0.423292443513816,0.759956486399866,0.12324117546508,0.0676810890783262,0.00241192722391505,1,0.0158489319246111,0.024137146684334
150,"LOM","Digestat liquide","2025-04-02","bsth",0,0,0,0,0,0,0,75,1,0.00144923201278028,9.73825856207968,23.0814896163747,0.0239036332900753,0.0239036332900753,0.42373126774076,0.759956486399866,0.125140591773566,0.0676810890783262,0.00241192722391505,1,0.0158489319246111,0.0236693286911003
150,"LOM","Digestat liquide","2025-04-02","bsth",0,0,0,0,0,0,0,76,1,0.00119277604162364,9.56213170133413,23.1049318722722,0.0234422558975886,0.0234422558975886,0.424161621975919,0.759956486399866,0.127069282245491,0.0676810890783262,0.00241192722391505,1,0.0158489319246111,0.0232147309645977
150,"LOM","Digestat liquide","2025-04-02","bsth",0,0,0,0,0,0,0,77,1,0.000988226199503924,9.38917649097923,23.1279167887833,0.0229849165110103,0.0229849165110103,0.42458358034923,0.759956486399866,0.120445969932018,0.0676810890783262,0.00241192722391505,1,0.0158489319246111,0.0227650382518475
150,"LOM","Digestat liquide","2025-04-02","bsth",0,0,0,0,0,0,0,78,1,0.000830191196746876,9.21933883649141,23.1504540139428,0.022537225159553,0.022537225159553,0.424997319979858,0.759956486399866,0.106574497542748,0.0676810890783262,0.00241192722391505,1,0.0158489319246111,0.0223248515358886
150,"LOM","Digestat liquide","2025-04-02","bsth",0,0,0,0,0,0,0,79,1,0.000714655937061785,9.05256530581163,23.1725520093262,0.0220979953833726,0.0220979953833726,0.425402996205871,0.759956486399866,0.08217372274024,0.0676810890783262,0.00241192722391505,1,0.0158489319246111,0.0218928546461827
150,"LOM","Digestat liquide","2025-04-02","bsth",0,0,0,0,0,0,0,80,1,0.000616347034117533,8.88880241177645,23.1942413952844,0.0216893859581901,0.0216893859581901,0.425801171157372,0.759956486399866,0.0803099589161041,0.0676810890783262,0.00241192722391505,1,0.0158489319246111,0.0214886433299534
150,"LOM","Digestat liquide","2025-04-02","bsth",0,0,0,0,0,0,0,81,1,0.000533791423842487,8.72799678177454,23.2155297262226,0.0212883309381802,0.0212883309381802,0.426191983518552,0.759956486399866,0.0761239122934758,0.0676810890783262,0.00241192722391505,1,0.0158489319246111,0.0210919273397365
150,"LOM","Digestat liquide","2025-04-02","bsth",0,0,0,0,0,0,0,82,1,0.00046438675066126,8.57009587005443,23.2364256982032,0.0208959719806856,0.0208959719806856,0.426575592932208,0.759956486399866,0.07160636212342,0.0676810890783262,0.00241192722391505,1,0.0158489319246111,0.0207037005863794
150,"LOM","Digestat liquide","2025-04-02","bsth",0,0,0,0,0,0,0,83,1,0.000406550815751048,8.41504794282074,23.2569370016074,0.0205113034041204,0.0205113034041204,0.426952140578781,0.759956486399866,0.0653277011512337,0.0676810890783262,0.00241192722391505,1,0.0158489319246111,0.0203230422540338
150,"LOM","Digestat liquide","2025-04-02","bsth",0,0,0,0,0,0,0,84,1,0.000359987160123122,8.26280214113011,23.2770699793104,0.0201329777030494,0.0201329777030494,0.427321742901131,0.759956486399866,0.0539594756049108,0.0676810890783262,0.00241192722391505,1,0.0158489319246111,0.0199487021484
150,"LOM","Digestat liquide","2025-04-02","bsth",0,0,0,0,0,0,0,85,1,0.000319528901320497,8.11330833569842,23.2968359147773,0.0197659354668929,0.0197659354668929,0.427684607041733,0.759956486399866,0.0515395477174714,0.0676810890783262,0.00241192722391505,1,0.0158489319246111,0.0195851776259446
151,"LOM","Digestat liquide","2025-07-04","bc",0,1,0,0,0,0,0,1,1,26.6231452602252,8.79062999051731,27.1573725763663,27.1573725763663,27.1573725763663,0.433180300454058,0.900385982620116,0.6838560115513,0.0676810890783262,0.00241192722391505,1,0.0158489319246111,18.227600292398
151,"LOM","Digestat liquide","2025-07-04","bc",0,1,0,0,0,0,0,2,1,12.4249200975076,9.87964793805459,40.1173447884764,12.9599722121101,12.9599722121101,0.63990150078121,0.900385982620116,0.694395729759075,0.0676810890783262,0.00241192722391505,1,0.0158489319246111,8.65164045013149
151,"LOM","Digestat liquide","2025-07-04","bc",0,1,0,0,0,0,0,3,1,5.61265278020682,10.2751060526373,46.3738263099295,6.25648152145313,6.25648152145313,0.739697036510129,0.900385982620116,0.72699957798402,0.0676810890783262,0.00241192722391505,1,0.0158489319246111,4.10517901059817
151,"LOM","Digestat liquide","2025-07-04","bc",0,1,0,0,0,0,0,4,1,2.46454337986003,10.3453954084882,49.2879599870074,2.91413367707786,2.91413367707786,0.786179637072837,0.900385982620116,0.755335836137999,0.0676810890783262,0.00241192722391505,1,0.0158489319246111,1.88651027535285
151,"LOM","Digestat liquide","2025-07-04","bc",0,1,0,0,0,0,0,5,1,1.07593622603743,10.2704185900435,50.5880537542049,1.30009376719752,1.30009376719752,0.806917100062286,0.900385982620116,0.761134269319773,0.0676810890783262,0.00241192722391505,1,0.0158489319246111,0.843703435438006
151,"LOM","Digestat liquide","2025-07-04","bc",0,1,0,0,0,0,0,6,1,0.4751753073871,10.1338134361872,51.1636773793775,0.575623625172604,0.575623625172604,0.816098725206602,0.900385982620116,0.74958157627586,0.0676810890783262,0.00241192722391505,1,0.0158489319246111,0.380624676427404
151,"LOM","Digestat liquide","2025-07-04","bc",0,1,0,0,0,0,0,7,1,0.219401816444712,9.97261253969361,51.4213003327129,0.257622953335392,0.257622953335392,0.820208003010111,0.900385982620116,0.705097888097554,0.0676810890783262,0.00241192722391505,1,0.0158489319246111,0.178752973097977
151,"LOM","Digestat liquide","2025-07-04","bc",0,1,0,0,0,0,0,8,1,0.116555935647695,9.80305093785399,51.5369912018876,0.115690869174699,0.115690869174699,0.822053358459279,0.900385982620116,0.564852445781755,0.0676810890783262,0.00241192722391505,1,0.0158489319246111,0.0894811507554176
151,"LOM","Digestat liquide","2025-07-04","bc",0,1,0,0,0,0,0,9,1,0.068558459993689,9.63172431256472,51.602304950144,0.0653137482563579,0.0653137482563579,0.823095161344073,0.900385982620116,0.46300339114663,0.0676810890783262,0.00241192722391505,1,0.0158489319246111,0.0549738175515878
151,"LOM","Digestat liquide","2025-07-04","bc",0,1,0,0,0,0,0,10,1,0.0424013564281779,9.46108514245628,51.64780269174,0.0454977415960371,0.0454977415960371,0.8238208841775,0.900385982620116,0.412825369833041,0.0676810890783262,0.00241192722391505,1,0.0158489319246111,0.0403238044717536
151,"LOM","Digestat liquide","2025-07-04","bc",0,1,0,0,0,0,0,11,1,0.0268743658177737,9.29216752184131,51.683640481502,0.0358377897619775,0.0358377897619775,0.824392523591182,0.900385982620116,0.388326375187276,0.0676810890783262,0.00241192722391505,1,0.0158489319246111,0.0328480568785812
151,"LOM","Digestat liquide","2025-07-04","bc",0,1,0,0,0,0,0,12,1,0.0177653569027339,9.12549943425956,51.7134706109397,0.0298301294377339,0.0298301294377339,0.824868336352379,0.900385982620116,0.346241480123074,0.0676810890783262,0.00241192722391505,1,0.0158489319246111,0.0281611439862293
151,"LOM","Digestat liquide","2025-07-04","bc",0,1,0,0,0,0,0,13,1,0.0121640123139914,8.96136348034536,51.7398826390603,0.0264120281206033,0.0264120281206033,0.825289627854151,0.900385982620116,0.311087448266117,0.0676810890783262,0.00241192722391505,1,0.0158489319246111,0.0253982280930803
151,"LOM","Digestat liquide","2025-07-04","bc",0,1,0,0,0,0,0,14,1,0.00844576072044767,8.7998895277731,51.7643299611118,0.0244473220515218,0.0244473220515218,0.82567958083218,0.900385982620116,0.297136067474288,0.0676810890783262,0.00241192722391505,1,0.0158489319246111,0.0237342332467835
151,"LOM","Digestat liquide","2025-07-04","bc",0,1,0,0,0,0,0,15,1,0.0060682357652168,8.64113637261346,51.78725344179,0.022923480678223,0.022923480678223,0.82604522740641,0.900385982620116,0.26291562192387,0.0676810890783262,0.00241192722391505,1,0.0158489319246111,0.0224372260428616
151,"LOM","Digestat liquide","2025-07-04","bc",0,1,0,0,0,0,0,16,1,0.00441170932314405,8.48512211415672,51.8092113891577,0.0219579473676603,0.0219579473676603,0.826395473005881,0.900385982620116,0.251124609531616,0.0676810890783262,0.00241192722391505,1,0.0158489319246111,0.0215733858065197
151,"LOM","Digestat liquide","2025-07-04","bc",0,1,0,0,0,0,0,17,1,0.00322570721753532,8.3318365582264,51.8304211216815,0.0212097325237579,0.0212097325237579,0.826733784021844,0.900385982620116,0.245428908436573,0.0676810890783262,0.00241192722391505,1,0.0158489319246111,0.0208874652213326
151,"LOM","Digestat liquide","2025-07-04","bc",0,1,0,0,0,0,0,18,1,0.00236295259015964,8.18125663066649,51.8510099136272,0.0205887919457126,0.0205887919457126,0.827062190573544,0.900385982620116,0.243559194794962,0.0676810890783262,0.00241192722391505,1,0.0158489319246111,0.020308114423538
151,"LOM","Digestat liquide","2025-07-04","bc",0,1,0,0,0,0,0,19,1,0.00165540607343574,8.03334892027883,51.8711365848514,0.0201266712242187,0.0201266712242187,0.827383225955871,0.900385982620116,0.288184505188719,0.0676810890783262,0.00241192722391505,1,0.0158489319246111,0.0198529153401885
151,"LOM","Digestat liquide","2025-07-04","bc",0,1,0,0,0,0,0,20,1,0.00112530977744322,7.88807639983423,51.8907738649619,0.0196372801104658,0.0196372801104658,0.827696455185776,0.900385982620116,0.318306895767352,0.0676810890783262,0.00241192722391505,1,0.0158489319246111,0.0193836600751166
151,"LOM","Digestat liquide","2025-07-04","bc",0,1,0,0,0,0,0,21,1,0.000731892793394275,7.74540184909485,51.9099582723698,0.0191844074079626,0.0191844074079626,0.828002460759093,0.900385982620116,0.362498499259741,0.0676810890783262,0.00241192722391505,1,0.0158489319246111,0.0189466556192183
151,"LOM","Digestat liquide","2025-07-04","bc",0,1,0,0,0,0,0,22,1,0.000438043857448087,7.60528608172003,51.9287252378097,0.018766965439859,0.018766965439859,0.828301807822399,0.900385982620116,0.445633920521776,0.0676810890783262,0.00241192722391505,1,0.0158489319246111,0.0185386037477178
151,"LOM","Digestat liquide","2025-07-04","bc",0,1,0,0,0,0,0,23,1,0.000230691169836362,7.4676890318495,51.947087662261,0.0183624244513609,0.0183624244513609,0.828594702155919,0.900385982620116,0.573558058523255,0.0676810890783262,0.00241192722391505,1,0.0158489319246111,0.0181438372551394
151,"LOM","Digestat liquide","2025-07-04","bc",0,1,0,0,0,0,0,24,1,0.000112192009185169,7.33257116668237,51.9650431166573,0.0179554543962368,0.0179554543962368,0.828881105014233,0.900385982620116,0.653187028674909,0.0676810890783262,0.00241192722391505,1,0.0158489319246111,0.0177589103833365
151,"LOM","Digestat liquide","2025-07-04","bc",0,1,0,0,0,0,0,25,1,5.01153049314103e-05,7.19989242530115,51.9826251160895,0.0175819994321742,0.0175819994321742,0.829161550987981,0.900385982620116,0.738204232998665,0.0676810890783262,0.00241192722391505,1,0.0158489319246111,0.017402611880082
151,"LOM","Digestat liquide","2025-07-04","bc",0,1,0,0,0,0,0,26,1,2.27640872171249e-05,7.06961168620492,51.9998581464373,0.0172330303478034,0.0172330303478034,0.829436430645164,0.900385982620116,0.721461187917987,0.0676810890783262,0.00241192722391505,1,0.0158489319246111,0.0170678122938711
151,"LOM","Digestat liquide","2025-07-04","bc",0,1,0,0,0,0,0,27,1,1.02831178313731e-05,6.94168712564215,52.0167662116014,0.0169080651641096,0.0169080651641096,0.82970612686586,0.900385982620116,0.72699957798402,0.0676810890783262,0.00241192722391505,1,0.0158489319246111,0.0167503199805607
151,"LOM","Digestat liquide","2025-07-04","bc",0,1,0,0,0,0,0,28,1,4.69668727844519e-06,6.81607680337364,52.0333622172769,0.0165960056755665,0.0165960056755665,0.82997084550551,0.900385982620116,0.715964990124759,0.0676810890783262,0.00241192722391505,1,0.0158489319246111,0.0164432438660137
151,"LOM","Digestat liquide","2025-07-04","bc",0,1,0,0,0,0,0,29,1,2.34080169672728e-06,6.69273916657898,52.0496550320349,0.0162928147579251,0.0162928147579251,0.830230728024418,0.900385982620116,0.628682860619018,0.0676810890783262,0.00241192722391505,1,0.0158489319246111,0.0161438714203412
151,"LOM","Digestat liquide","2025-07-04","bc",0,1,0,0,0,0,0,30,1,1.17782773300552e-06,6.57163322836676,52.0656519863707,0.0159969543357974,0.0159969543357974,0.830485891349444,0.900385982620116,0.619140549356128,0.0676810890783262,0.00241192722391505,1,0.0158489319246111,0.0158510303299922
151,"LOM","Digestat liquide","2025-07-04","bc",0,1,0,0,0,0,0,31,1,5.92650872808444e-07,6.45271866268912,52.0813589718883,0.0157069855176246,0.0157069855176246,0.830736429456052,0.900385982620116,0.619140549356128,0.0676810890783262,0.00241192722391505,1,0.0158489319246111,0.0155638547449915
151,"LOM","Digestat liquide","2025-07-04","bc",0,1,0,0,0,0,0,32,1,3.29522272961818e-07,6.33595584567221,52.0967814522272,0.0154224803389553,0.0154224803389553,0.83098242949336,0.900385982620116,0.519280441267399,0.0676810890783262,0.00241192722391505,1,0.0158489319246111,0.0152820355081718
151,"LOM","Digestat liquide","2025-07-04","bc",0,1,0,0,0,0,0,33,1,1.9313803920555e-07,6.22130585523528,52.1119247512123,0.0151432989850662,0.0151432989850662,0.831223976380335,0.900385982620116,0.466557696527168,0.0676810890783262,0.00241192722391505,1,0.0158489319246111,0.0150054270705827
151,"LOM","Digestat liquide","2025-07-04","bc",0,1,0,0,0,0,0,34,1,1.20200919732012e-07,6.10873046561682,52.1267939756926,0.0148692244803428,0.0148692244803428,0.831461151575019,0.900385982620116,0.406559399463998,0.0676810890783262,0.00241192722391505,1,0.0158489319246111,0.0147338621823942
151,"LOM","Digestat liquide","2025-07-04","bc",0,1,0,0,0,0,0,35,1,7.52710086256487e-08,5.99819213955072,52.1413941165321,0.0146001408394554,0.0146001408394554,0.831694034685405,0.900385982620116,0.400388535615858,0.0676810890783262,0.00241192722391505,1,0.0158489319246111,0.0144672330533045
151,"LOM","Digestat liquide","2025-07-04","bc",0,1,0,0,0,0,0,36,1,4.93598434549075e-08,5.88965401764371,52.15573004981,0.0143359332779127,0.0143359332779127,0.831922703488588,0.900385982620116,0.354276751884859,0.0676810890783262,0.00241192722391505,1,0.0158489319246111,0.0142054343516405
151,"LOM","Digestat liquide","2025-07-04","bc",0,1,0,0,0,0,0,37,1,3.27156107705844e-08,5.78307990683577,52.1698065649214,0.0140765151113413,0.0140765151113413,0.83214723437898,0.900385982620116,0.343603761433773,0.0676810890783262,0.00241192722391505,1,0.0158489319246111,0.0139483791065802
151,"LOM","Digestat liquide","2025-07-04","bc",0,1,0,0,0,0,0,38,1,2.27152203778879e-08,5.67843426859959,52.1836283580191,0.013821793097712,0.013821793097712,0.832367702263715,0.900385982620116,0.297136067474288,0.0676810890783262,0.00241192722391505,1,0.0158489319246111,0.0136959769511587
151,"LOM","Digestat liquide","2025-07-04","bc",0,1,0,0,0,0,0,39,1,1.00874450480614e-08,5.20623055496081,52.1967466329371,0.0131182749180425,0.0131182749180425,0.832576948509995,0.900385982620116,0.271082284333285,0.54066133064385,0.00241192722391505,1,0.0844075201259471,0.012557051944016
151,"LOM","Digestat liquide","2025-07-04","bc",0,1,0,0,0,0,0,40,1,1.02830128446278e-10,3.3131865780957,52.2068493621832,0.0101027292460429,0.0101027292460429,0.832738094558933,0.900385982620116,0.266967727221904,4.31900074946028,0.00241192722391505,1,0.449533728058269,0.00799116493307129
151,"LOM","Digestat liquide","2025-07-04","bc",0,1,0,0,0,0,0,41,1,1.40424858524994e-14,1.50751553181647,52.2123800765905,0.00553071440738506,0.00553071440738506,0.832826313569147,0.900385982620116,0.264933927680373,8.63381230170837,0.00241192722391505,1,0.785035558908018,0.00363601775166663
151,"LOM","Digestat liquide","2025-07-04","bc",0,1,0,0,0,0,0,42,1,3.64104981007984e-15,1.29776998096003,52.2157568353394,0.00337675874889953,0.00337675874889953,0.832880175383846,0.900385982620116,0.269017139488507,1.08079824902883,0.00241192722391505,1,0.147403633147463,0.00313012674745819
151,"LOM","Digestat liquide","2025-07-04","bc",0,1,0,0,0,0,0,43,1,2.58397963468065e-15,1.27428665157263,52.2188585558553,0.00310172051582924,0.00310172051582924,0.83292965013407,0.900385982620116,0.275260255777173,0.0676810890783262,0.00241192722391505,1,0.0158489319246111,0.00307348666600029
151,"LOM","Digestat liquide","2025-07-04","bc",0,1,0,0,0,0,0,44,1,2.25210423891594e-16,0.98271000273981,52.2215652015574,0.00270664570216894,0.00270664570216894,0.832972823147041,0.900385982620116,0.279502618907257,2.16054818219148,0.00241192722391505,1,0.257415820683408,0.00237022500882184
151,"LOM","Digestat liquide","2025-07-04","bc",0,1,0,0,0,0,0,45,1,1.46145482904493e-16,0.953581241596948,52.2239001221782,0.0023349206207115,0.0023349206207115,0.833010066868361,0.900385982620116,0.297136067474288,0.13529653115955,0.00241192722391505,1,0.0276775119528284,0.00229996855682243
151,"LOM","Digestat liquide","2025-07-04","bc",0,1,0,0,0,0,0,46,1,1.00774943798103e-16,0.936326055606668,52.2261792182768,0.00227909609866828,0.00227909609866828,0.833046420147015,0.900385982620116,0.304031743438749,0.0676810890783262,0.00241192722391505,1,0.0158489319246111,0.00225835030397875
151,"LOM","Digestat liquide","2025-07-04","bc",0,1,0,0,0,0,0,47,1,6.80004808372822e-17,0.919383104621201,52.2284170738127,0.00223785553587419,0.00223785553587419,0.833082115608006,0.900385982620116,0.325693885940314,0.0676810890783262,0.00241192722391505,1,0.0158489319246111,0.00221748513924343
151,"LOM","Digestat liquide","2025-07-04","bc",0,1,0,0,0,0,0,48,1,4.50705899283788e-17,0.902746738704447,52.2306144350395,0.002197361226834,0.002197361226834,0.833117165154635,0.900385982620116,0.343603761433773,0.0676810890783262,0.00241192722391505,1,0.0158489319246111,0.0021773594353818
151,"LOM","Digestat liquide","2025-07-04","bc",0,1,0,0,0,0,0,49,1,2.92321043939495e-17,0.886411410156691,52.2327720347075,0.00215759966798146,0.00215759966798146,0.833151580474814,0.900385982620116,0.365281265846321,0.0676810890783262,0.00241192722391505,1,0.0158489319246111,0.00213795981174586
151,"LOM","Digestat liquide","2025-07-04","bc",0,1,0,0,0,0,0,50,1,3.69959890918043e-21,0.40332137561491,52.2342517244982,0.00147968979066349,0.00147968979066349,0.833175182628015,0.900385982620116,0.340986137274686,8.63381230170837,0.00241192722391505,1,0.785035558908018,0.000972781805832468
151,"LOM","Digestat liquide","2025-07-04","bc",0,1,0,0,0,0,0,51,1,1.49104569943761e-21,0.369782226339432,52.2351834741196,0.000931749621472022,0.000931749621472022,0.833190044727795,0.900385982620116,0.368085394700306,0.54066133064385,0.00241192722391505,1,0.0844075201259471,0.000891887818627992
151,"LOM","Digestat liquide","2025-07-04","bc",0,1,0,0,0,0,0,52,1,8.75327512794131e-22,0.358821415809483,52.2360620773119,0.000878603192241201,0.000878603192241201,0.833204059102482,0.900385982620116,0.397338316667509,0.13529653115955,0.00241192722391505,1,0.0276775119528284,0.000865451141314633
151,"LOM","Digestat liquide","2025-07-04","bc",0,1,0,0,0,0,0,53,1,5.25672298549209e-22,0.352328492084684,52.2369196743925,0.000857597080582195,0.000857597080582195,0.833217738414057,0.900385982620116,0.4422390155545,0.0676810890783262,0.00241192722391505,1,0.0158489319246111,0.000849790681819986
151,"LOM","Digestat liquide","2025-07-04","bc",0,1,0,0,0,0,0,54,1,2.92036666931437e-22,0.341885032202169,52.2377568074827,0.000837133090271891,0.000837133090271891,0.833231091309759,0.900385982620116,0.452502114800672,0.13529653115955,0.00241192722391505,1,0.0276775119528284,0.000824601816617483
151,"LOM","Digestat liquide","2025-07-04","bc",0,1,0,0,0,0,0,55,1,1.75972600424966e-22,0.335698574708456,52.2385739259506,0.000817118467828948,0.000817118467828948,0.833244124957341,0.900385982620116,0.43886997347424,0.0676810890783262,0.00241192722391505,1,0.0158489319246111,0.000809680531368805
151,"LOM","Digestat liquide","2025-07-04","bc",0,1,0,0,0,0,0,56,1,1.11863476381652e-22,0.329624062028692,52.2393762585454,0.000802332594822985,0.000802332594822985,0.833256922759246,0.900385982620116,0.385368047557045,0.0676810890783262,0.00241192722391505,1,0.0158489319246111,0.000795029248864464
151,"LOM","Digestat liquide","2025-07-04","bc",0,1,0,0,0,0,0,57,1,7.29563374879515e-23,0.323659468505804,52.2401640728197,0.000787814274261223,0.000787814274261223,0.833269488983135,0.900385982620116,0.359736932199662,0.0676810890783262,0.00241192722391505,1,0.0158489319246111,0.000780643083367023
151,"LOM","Digestat liquide","2025-07-04","bc",0,1,0,0,0,0,0,58,1,4.83553223316779e-23,0.317802805137269,52.2409376314844,0.000773558664739937,0.000773558664739937,0.833281827819444,0.900385982620116,0.343603761433773,0.0676810890783262,0.00241192722391505,1,0.0158489319246111,0.000766517237547148
151,"LOM","Digestat liquide","2025-07-04","bc",0,1,0,0,0,0,0,59,1,3.23833013349311e-23,0.312052118911843,52.2416971924969,0.000759561012465326,0.000759561012465326,0.833293943382784,0.900385982620116,0.333252306969914,0.0676810890783262,0.00241192722391505,1,0.0158489319246111,0.00075264700088385
151,"LOM","Digestat liquide","2025-07-04","bc",0,1,0,0,0,0,0,60,1,2.23299776850262e-23,0.306405492158293,52.2424430091465,0.000745816649668996,0.000745816649668996,0.83330583971331,0.900385982620116,0.304031743438749,0.0676810890783262,0.00241192722391505,1,0.0158489319246111,0.000739027748093676
151,"LOM","Digestat liquide","2025-07-04","bc",0,1,0,0,0,0,0,61,1,1.53617905782387e-23,0.300861041905916,52.2431753301396,0.000732320993037661,0.000732320993037661,0.83331752077807,0.900385982620116,0.306365682416782,0.0676810890783262,0.00241192722391505,1,0.0158489319246111,0.000725654937588324
151,"LOM","Digestat liquide","2025-07-04","bc",0,1,0,0,0,0,0,62,1,1.05927569665078e-23,0.295416919256626,52.2438943996818,0.000719069542199691,0.000719069542199691,0.83332899047233,0.900385982620116,0.304031743438749,0.0676810890783262,0.00241192722391505,1,0.0158489319246111,0.00071252410996017
151,"LOM","Digestat liquide","2025-07-04","bc",0,1,0,0,0,0,0,63,1,7.37146844312838e-24,0.290071308768408,52.24460045756,0.000706057878225863,0.000706057878225863,0.833340252620867,0.900385982620116,0.294872441064871,0.0676810890783262,0.00241192722391505,1,0.0158489319246111,0.000699630886495191
151,"LOM","Digestat liquide","2025-07-04","bc",0,1,0,0,0,0,0,64,1,5.15279379730186e-24,0.284822427849924,52.2452937392221,0.000693281662130119,0.000693281662130119,0.83335131097925,0.900385982620116,0.290396790793892,0.0676810890783262,0.00241192722391505,1,0.0158489319246111,0.000686970967712811
151,"LOM","Digestat liquide","2025-07-04","bc",0,1,0,0,0,0,0,65,1,3.60189887840644e-24,0.279668526166075,52.2459744758556,0.000680736633448475,0.000680736633448475,0.833362169235091,0.900385982620116,0.290396790793892,0.0676810890783262,0.00241192722391505,1,0.0158489319246111,0.000674540131932154
151,"LOM","Digestat liquide","2025-07-04","bc",0,1,0,0,0,0,0,66,1,2.51779443164578e-24,0.274607885054321,52.2466428944644,0.000668418608817944,0.000668418608817944,0.833372831009274,0.900385982620116,0.290396790793892,0.0676810890783262,0.00241192722391505,1,0.0158489319246111,0.00066233423386425
151,"LOM","Digestat liquide","2025-07-04","bc",0,1,0,0,0,0,0,67,1,1.74816407317317e-24,0.269638816951561,52.247299217945,0.000656323480569654,0.000656323480569654,0.83338329985716,0.900385982620116,0.297136067474288,0.0676810890783262,0.00241192722391505,1,0.0158489319246111,0.000650349203229716
151,"LOM","Digestat liquide","2025-07-04","bc",0,1,0,0,0,0,0,68,1,7.6484332691715e-25,0.247216359132622,52.2479221352531,0.000622917308177762,0.000622917308177762,0.83339323585174,0.900385982620116,0.285989073101746,0.54066133064385,0.00241192722391505,1,0.0844075201259471,0.000596267866789131
151,"LOM","Digestat liquide","2025-07-04","bc",0,1,0,0,0,0,0,69,1,0,9.17448149595108e-45,52.247928097788,5.96253485696252e-06,5.96253485696252e-06,0.833393330958608,0.900385982620116,0.277373326711134,4401.25482639192,0.00241192722391505,1,100,2.21281816853893e-47
151,"LOM","Digestat liquide","2025-07-04","bc",0,1,0,0,0,0,0,70,1,0,5.83853684002969e-45,52.247928097788,0,0,0.833393330958608,0.900385982620116,0.292626059295476,4.31900074946028,0.00241192722391505,1,0.449533728058269,1.40821259522986e-47
151,"LOM","Digestat liquide","2025-07-04","bc",0,1,0,0,0,0,0,71,1,0,5.66547526076127e-45,52.247928097788,0,0,0.833393330958608,0.900385982620116,0.304031743438749,0.13529653115955,0.00241192722391505,1,0.0276775119528284,1.36647140178473e-47
151,"LOM","Digestat liquide","2025-07-04","bc",0,1,0,0,0,0,0,72,1,0,5.56295769321344e-45,52.247928097788,0,0,0.833393330958608,0.900385982620116,0.335810561380981,0.0676810890783262,0.00241192722391505,1,0.0158489319246111,1.34174491057491e-47
151,"LOM","Digestat liquide","2025-07-04","bc",0,1,0,0,0,0,0,73,1,0,5.10035670113511e-45,52.247928097788,0,0,0.833393330958608,0.900385982620116,0.354276751884859,0.54066133064385,0.00241192722391505,1,0.0844075201259471,1.23016891791453e-47
151,"LOM","Digestat liquide","2025-07-04","bc",0,1,0,0,0,0,0,74,1,0,5.00806503299421e-45,52.247928097788,0,0,0.833393330958608,0.900385982620116,0.391307412801957,0.0676810890783262,0.00241192722391505,1,0.0158489319246111,1.20790883922157e-47
151,"LOM","Digestat liquide","2025-07-04","bc",0,1,0,0,0,0,0,75,1,0,4.76026596351309e-45,52.247928097788,0,0,0.833393330958608,0.900385982620116,0.356996403164962,0.270461831998934,0.00241192722391505,1,0.0483341509410737,1.14814150704734e-47
151,"LOM","Digestat liquide","2025-07-04","bc",0,1,0,0,0,0,0,76,1,0,3.02937972119474e-45,52.247928097788,0,0,0.833393330958608,0.900385982620116,0.311087448266117,4.31900074946028,0.00241192722391505,1,0.449533728058269,7.30664342112578e-48
151,"LOM","Digestat liquide","2025-07-04","bc",0,1,0,0,0,0,0,77,1,0,2.97456267127369e-45,52.247928097788,0,0,0.833393330958608,0.900385982620116,0.373758396430215,0.0676810890783262,0.00241192722391505,1,0.0158489319246111,7.17442868608649e-48
151,"LOM","Digestat liquide","2025-07-04","bc",0,1,0,0,0,0,0,78,1,0,2.8863928904488e-45,52.247928097788,0,0,0.833393330958608,0.900385982620116,0.356996403164962,0.13529653115955,0.00241192722391505,1,0.0276775119528284,6.9617695913883e-48
151,"LOM","Digestat liquide","2025-07-04","bc",0,1,0,0,0,0,0,79,1,0,2.83416320723659e-45,52.247928097788,0,0,0.833393330958608,0.900385982620116,0.359736932199662,0.0676810890783262,0.00241192722391505,1,0.0158489319246111,6.83579539655231e-48
151,"LOM","Digestat liquide","2025-07-04","bc",0,1,0,0,0,0,0,80,1,0,2.78287862745e-45,52.247928097788,0,0,0.833393330958608,0.900385982620116,0.348899447600848,0.0676810890783262,0.00241192722391505,1,0.0158489319246111,6.71210072239799e-48
151,"LOM","Digestat liquide","2025-07-04","bc",0,1,0,0,0,0,0,81,1,0,2.7325220493103e-45,52.247928097788,0,0,0.833393330958608,0.900385982620116,0.313475551274287,0.0676810890783262,0.00241192722391505,1,0.0158489319246111,6.59064432067965e-48
151,"LOM","Digestat liquide","2025-07-04","bc",0,1,0,0,0,0,0,82,1,0,2.68307668049786e-45,52.247928097788,0,0,0.833393330958608,0.900385982620116,0.288184505188719,0.0676810890783262,0.00241192722391505,1,0.0158489319246111,6.4713856895444e-48
151,"LOM","Digestat liquide","2025-07-04","bc",0,1,0,0,0,0,0,83,1,0,2.63452603255239e-45,52.247928097788,0,0,0.833393330958608,0.900385982620116,0.269017139488507,0.0676810890783262,0.00241192722391505,1,0.0158489319246111,6.35428506002602e-48
151,"LOM","Digestat liquide","2025-07-04","bc",0,1,0,0,0,0,0,84,1,0,2.58685391537463e-45,52.247928097788,0,0,0.833393330958608,0.900385982620116,0.251124609531616,0.0676810890783262,0.00241192722391505,1,0.0158489319246111,6.23930338278331e-48
151,"LOM","Digestat liquide","2025-07-04","bc",0,1,0,0,0,0,0,85,1,0,2.54004443182741e-45,52.247928097788,0,0,0.833393330958608,0.900385982620116,0.251124609531616,0.0676810890783262,0.00241192722391505,1,0.0158489319246111,6.12640231507836e-48
